"id","especie","ultima_modificacion","altura","circ_tronco_cm","diametro_tronco","long","lat","seccion","nombre_seccion","area_seccion","inclinacion_peligrosa","prediction_prob","prediction_class"
39173,"Fresno europeo","25/11/2010 12:20","Alto (> 8 mts)",180,"Grande",-68.853594217,-32.8724606128,6,"Residencial Norte",2694682.37982,0,0.31825073339282,0
9748,"Conifera","19/01/2011 10:39","Alto (> 8 mts)",50,"Mediano",-68.8468369145,-32.8643468246,4,"Cuarta Oeste",1173332.70145,0,0.913989176232567,0
38499,"Fresno europeo","02/11/2010 10:27","Bajo (2 - 4 mts)",30,"Mediano",-68.8502676132,-32.8697191311,6,"Residencial Norte",2694682.37982,0,0.560757568665795,0
47518,"Morera","29/08/2011 13:44","Medio (4 - 8 mts)",96,"Grande",-68.8262308715,-32.8711205728,4,"Cuarta Este Área Fundacional",1822015.85685,0,0.546204646272586,0
23247,"Morera","27/01/2012 13:03","Medio (4 - 8 mts)",90,"Grande",-68.8526909335,-32.9016300135,2,"Barrio Civico",2366816.36021,0,0.601948646512403,0
36993,"Morera","01/04/2011 11:55","Alto (> 8 mts)",72,"Grande",-68.8575715677,-32.8779365029,7,"Residencial Parque",1786336.08966,1,0.877174867494988,0
9038,"Morera","11/01/2011 09:00","Alto (> 8 mts)",195,"Grande",-68.8446569493,-32.8670319545,4,"Cuarta Oeste",1173332.70145,0,0.513710196203792,0
26253,"Fresno europeo","18/10/2011 11:36","Medio (4 - 8 mts)",110,"Grande",-68.8312505049,-32.8877758656,3,"Parque O'Higgins",1531146.02653,0,0.504378185978859,0
22096,"Fresno europeo","10/06/2011 10:48","Alto (> 8 mts)",108,"Grande",-68.854186481,-32.8982459195,5,"Residencial Sur",2423808.92355,0,0.872509337567626,0
41126,"Pltano","27/04/2011 10:09","Alto (> 8 mts)",148,"Grande",-68.8401307143,-32.8834718603,1,"Parque Central",1655357.93265,0,0.397134325062395,0
4911,"Morera","20/07/2011 10:27","Medio (4 - 8 mts)",90,"Grande",-68.8431462347,-32.8658651094,4,"Cuarta Oeste",1173332.70145,0,0.322069953275901,0
1876,"Paraiso","15/11/2011 13:21","Medio (4 - 8 mts)",38,"Mediano",-68.8608554736,-32.870279883,7,"Residencial Parque",1786336.08966,0,0.333617489603447,0
23900,"Pltano","28/02/2012 12:19","Alto (> 8 mts)",210,"Grande",-68.8517064819,-32.8995279117,2,"Barrio Civico",2366816.36021,0,0.471095941005085,0
8817,"Morera","01/02/2011 13:25","Alto (> 8 mts)",155,"Grande",-68.8545835459,-32.8676474463,6,"Residencial Norte",2694682.37982,0,0.559286743363413,0
36607,"Pltano","15/06/2011 13:39","Medio (4 - 8 mts)",130,"Grande",-68.8571528423,-32.8828335717,5,"Residencial Sur",2423808.92355,0,0.101448052763642,0
12815,"Fresno europeo","20/01/2011 12:51","Medio (4 - 8 mts)",100,"Grande",-68.8470749144,-32.8638452547,4,"Cuarta Oeste",1173332.70145,0,0.343827335541219,0
44615,"Morera","26/08/2011 07:59","Alto (> 8 mts)",150,"Grande",-68.8228873783,-32.8672179401,4,"Cuarta Este Área Fundacional",1822015.85685,0,0.347280681547193,0
43782,"Morera","19/10/2011 08:47","Medio (4 - 8 mts)",170,"Grande",-68.8323609515,-32.8814728027,3,"Parque O'Higgins",1531146.02653,0,0.638369927297256,0
28303,"Pltano","10/03/2011 14:58","Alto (> 8 mts)",110,"Grande",-68.8493817639,-32.8927316381,2,"Barrio Civico",2366816.36021,1,0.995313463778982,0
47204,"Morera","20/09/2011 10:13","Medio (4 - 8 mts)",235,"Grande",-68.8349224458,-32.8739938699,4,"Cuarta Este Área Fundacional",1822015.85685,0,0.837376473447294,0
24632,"Pltano","17/01/2011 12:26","Alto (> 8 mts)",300,"Grande",-68.8419964461,-32.9002050903,2,"Barrio Civico",2366816.36021,0,0.167065632608718,0
15404,"Eucalyptus","15/11/2011 13:02","Alto (> 8 mts)",250,"Grande",-68.8610591037,-32.8697392674,7,"Residencial Parque",1786336.08966,0,0.0377446888586933,0
2187,"Morera","04/11/2011 17:01","Bajo (2 - 4 mts)",60,"Mediano",-68.832707831,-32.8863340473,3,"Parque O'Higgins",1531146.02653,0,0.971183911753937,0
10344,"Morera","30/11/2010 11:22","Medio (4 - 8 mts)",45,"Mediano",-68.8556870063,-32.8727848053,6,"Residencial Norte",2694682.37982,0,0.0911137360791572,0
37928,"Paraiso","18/11/2010 11:27","Alto (> 8 mts)",170,"Grande",-68.8492317874,-32.8739706377,6,"Residencial Norte",2694682.37982,1,0.0295752140963903,0
526,"Fresno europeo","08/03/2012 18:13","Muy bajo (1 - 2 mts)",3,"Chico",-68.8211496244,-32.8686195582,4,"Cuarta Este Área Fundacional",1822015.85685,0,0.312028467246538,0
39098,"Fresno europeo","23/12/2010 11:00","Medio (4 - 8 mts)",50,"Mediano",-68.8540049278,-32.8713038584,6,"Residencial Norte",2694682.37982,0,0.629829940179548,0
31192,"Paraiso sombrilla","07/02/2011 09:16","Medio (4 - 8 mts)",80,"Grande",-68.853598969,-32.8636581641,6,"Residencial Norte",2694682.37982,0,0.00628862934464292,0
24925,"Morera","10/02/2011 08:50","Alto (> 8 mts)",146,"Grande",-68.8382890104,-32.8973927578,2,"Barrio Civico",2366816.36021,0,0.525778613987606,0
42474,"Perenne","30/09/2011 14:58","Medio (4 - 8 mts)",70,"Grande",-68.8315093422,-32.8764719516,4,"Cuarta Este Área Fundacional",1822015.85685,1,0.0180472186432626,0
29502,"Morera","18/02/2011 11:17","Alto (> 8 mts)",118,"Grande",-68.8450005581,-32.8921043646,2,"Barrio Civico",2366816.36021,1,0.726896117518985,0
39247,"Morera","28/12/2010 09:54","Alto (> 8 mts)",110,"Grande",-68.8550458965,-32.8720065872,6,"Residencial Norte",2694682.37982,0,0.453267160963713,0
42219,"Morera","02/05/2011 09:50","Alto (> 8 mts)",190,"Grande",-68.8396005504,-32.8739640686,4,"Cuarta Oeste",1173332.70145,0,0.194723753007687,0
45062,"Fresno europeo","31/08/2011 12:31","Alto (> 8 mts)",130,"Grande",-68.822942073,-32.8711724972,4,"Cuarta Este Área Fundacional",1822015.85685,0,0.894832195114173,0
14976,"Paraiso","21/12/2011 16:23","Bajo (2 - 4 mts)",60,"Mediano",-68.880672676,-32.8715596361,8,"Aeroparque",2203364.73622,0,0.329850699934968,0
45169,"Fresno europeo","31/08/2011 13:52","Medio (4 - 8 mts)",123,"Grande",-68.8232000603,-32.8709314787,4,"Cuarta Este Área Fundacional",1822015.85685,0,0.154155195573954,0
31749,"Pltano","28/06/2011 12:04","Alto (> 8 mts)",150,"Grande",-68.8580993657,-32.8895013718,5,"Residencial Sur",2423808.92355,0,0.675547443617811,0
27665,"Fresno europeo","28/10/2011 11:37","Alto (> 8 mts)",105,"Grande",-68.8367098039,-32.8950786809,2,"Barrio Civico",2366816.36021,0,0.46861606251014,0
34381,"Morera","28/03/2011 10:05","Medio (4 - 8 mts)",80,"Grande",-68.8512242869,-32.8749735898,6,"Residencial Norte",2694682.37982,0,0.535258874904204,0
24416,"Morera","21/01/2011 09:06","Alto (> 8 mts)",120,"Grande",-68.8454564709,-32.9036448287,2,"Barrio Civico",2366816.36021,0,0.460131742545248,0
19325,"Morera","19/07/2011 14:00","Alto (> 8 mts)",190,"Grande",-68.8357205649,-32.8710229375,4,"Cuarta Oeste",1173332.70145,0,0.878192508739776,0
2308,"Morera","04/11/2011 10:46","Bajo (2 - 4 mts)",35,"Mediano",-68.8396881279,-32.892925966,2,"Barrio Civico",2366816.36021,0,0.241034178672956,0
43087,"Morera","03/10/2011 09:18","Medio (4 - 8 mts)",160,"Grande",-68.8309133683,-32.8779537113,4,"Cuarta Este Área Fundacional",1822015.85685,0,0.232442179049163,0
17881,"Morera","01/08/2011 10:46","Alto (> 8 mts)",176,"Grande",-68.8369524702,-32.8676196611,4,"Cuarta Oeste",1173332.70145,0,0.830186401563882,0
24552,"Morera","27/01/2011 10:20","Alto (> 8 mts)",115,"Grande",-68.8435206893,-32.9019933451,2,"Barrio Civico",2366816.36021,0,0.26700228314965,0
37335,"Morera","17/03/2011 09:25","Alto (> 8 mts)",170,"Grande",-68.8574738321,-32.8751070571,6,"Residencial Norte",2694682.37982,0,0.260599320545328,0
39826,"Morera","29/04/2011 10:16","Alto (> 8 mts)",95,"Grande",-68.8468252826,-32.8827629203,1,"Parque Central",1655357.93265,1,0.189038013874816,0
8237,"Morera","28/02/2011 18:27","Medio (4 - 8 mts)",42,"Mediano",-68.843257399,-32.8932409331,2,"Barrio Civico",2366816.36021,1,0.228364528055283,0
4092,"Fresno europeo","30/09/2011 12:53","Bajo (2 - 4 mts)",30,"Mediano",-68.8295602037,-32.8778840602,4,"Cuarta Este Área Fundacional",1822015.85685,0,0.2707592539139,0
1947,"Acacia SP","18/11/2011 17:01","Muy bajo (1 - 2 mts)",8,"Chico",-68.859195367,-32.8706653808,6,"Residencial Norte",2694682.37982,0,0.309105412108836,0
23327,"Tipa","28/01/2011 14:10","Medio (4 - 8 mts)",78,"Grande",-68.8501874307,-32.9016934033,2,"Barrio Civico",2366816.36021,0,0.399106873471866,0
12537,"Morera","10/01/2011 14:05","Alto (> 8 mts)",220,"Grande",-68.8442360246,-32.8626240831,4,"Cuarta Oeste",1173332.70145,0,0.291300141940165,0
34568,"Fresno europeo","30/03/2011 13:05","Bajo (2 - 4 mts)",60,"Mediano",-68.848368919,-32.875381622,6,"Residencial Norte",2694682.37982,0,0.407014030421486,0
6302,"Morera","27/06/2011 11:40","Alto (> 8 mts)",100,"Grande",-68.8588901551,-32.8903024261,5,"Residencial Sur",2423808.92355,0,0.798683433917006,0
46695,"Morera","05/09/2011 10:23","Bajo (2 - 4 mts)",7,"Chico",-68.8326182178,-32.8697673014,4,"Cuarta Este Área Fundacional",1822015.85685,0,0.249000724710866,0
11573,"Paraiso","10/05/2010 11:50","Medio (4 - 8 mts)",145,"Grande",-68.8518342941,-32.8671725365,6,"Residencial Norte",2694682.37982,0,0.194015409435972,0
23755,"Fresno americano","25/01/2011 10:35","Medio (4 - 8 mts)",36,"Mediano",-68.8492719241,-32.9001279609,2,"Barrio Civico",2366816.36021,0,0.945658262537395,0
38147,"Fresno europeo","21/10/2010 10:44","Bajo (2 - 4 mts)",30,"Mediano",-68.8461973046,-32.8702083125,6,"Residencial Norte",2694682.37982,0,0.254699104527022,0
41669,"Fresno europeo","26/04/2011 10:04","Medio (4 - 8 mts)",60,"Mediano",-68.8372696199,-32.8770784829,1,"Parque Central",1655357.93265,0,0.855351914977531,0
22998,"Paraiso","17/06/2011 17:21","Alto (> 8 mts)",98,"Grande",-68.8570814211,-32.8997637412,5,"Residencial Sur",2423808.92355,0,0.781345242265585,0
14325,"Paraiso sombrilla","01/12/2011 12:33","Bajo (2 - 4 mts)",80,"Grande",-68.8783864555,-32.8670548182,8,"Aeroparque",2203364.73622,0,0.679917804024233,0
2716,"Fresno americano","12/10/2011 14:18","Alto (> 8 mts)",100,"Grande",-68.8316019716,-32.8826279711,3,"Parque O'Higgins",1531146.02653,1,0.67787369321389,0
17717,"Paraiso","18/07/2011 09:24","Medio (4 - 8 mts)",120,"Grande",-68.8424557796,-32.8675020984,4,"Cuarta Oeste",1173332.70145,0,0.759789485266924,0
26750,"Morera","11/01/2012 12:30","Alto (> 8 mts)",130,"Grande",-68.8346684662,-32.8951348844,3,"Parque O'Higgins",1531146.02653,0,0.960231335811036,0
48048,"Morera","27/09/2011 11:46","Alto (> 8 mts)",160,"Grande",-68.8255305218,-32.8665333105,4,"Cuarta Este Área Fundacional",1822015.85685,0,0.258726897444297,0
38333,"Morera","10/11/2010 09:44","Alto (> 8 mts)",185,"Grande",-68.8534607012,-32.8690530433,6,"Residencial Norte",2694682.37982,0,0.340019147611356,0
14359,"Fresno europeo","01/12/2011 13:16","Bajo (2 - 4 mts)",32,"Mediano",-68.8778218303,-32.8658172979,8,"Aeroparque",2203364.73622,0,0.154302292539514,0
37442,"lamo blanco","05/01/2011 12:22","Alto (> 8 mts)",133,"Grande",-68.8579555657,-32.8711794491,6,"Residencial Norte",2694682.37982,0,0.472123368897359,0
41975,"Fresno europeo","20/04/2011 14:10","Alto (> 8 mts)",180,"Grande",-68.8377773244,-32.8795759919,1,"Parque Central",1655357.93265,0,0.88483909517406,0
36275,"Pltano","17/03/2011 09:45","Alto (> 8 mts)",180,"Grande",-68.8540158495,-32.8776141057,6,"Residencial Norte",2694682.37982,0,0.318943046372245,0
44722,"Morera","26/08/2011 13:25","Alto (> 8 mts)",180,"Grande",-68.8238132166,-32.8680056665,4,"Cuarta Este Área Fundacional",1822015.85685,0,0.630615867463347,0
32180,"Morera","11/05/2011 09:22","Medio (4 - 8 mts)",200,"Grande",-68.8583031486,-32.885931188,5,"Residencial Sur",2423808.92355,0,0.383407338372006,0
14832,"Morera","07/12/2011 10:12","Bajo (2 - 4 mts)",50,"Mediano",-68.8782769259,-32.86940746,8,"Aeroparque",2203364.73622,0,0.035399729380444,0
20473,"Jacarand","02/06/2011 13:14","Alto (> 8 mts)",112,"Grande",-68.8599996447,-32.8969633899,5,"Residencial Sur",2423808.92355,0,0.234685231266505,0
26316,"Pltano","21/10/2011 08:39","Alto (> 8 mts)",145,"Grande",-68.8315625181,-32.8897282914,3,"Parque O'Higgins",1531146.02653,0,0.0224315050080124,0
13559,"Fresno europeo","28/01/2011 09:59","Medio (4 - 8 mts)",180,"Grande",-68.8505614226,-32.8639440476,6,"Residencial Norte",2694682.37982,0,0.877159721262305,0
41619,"Fresno americano","03/05/2011 12:13","Alto (> 8 mts)",122,"Grande",-68.836703981,-32.8762953925,1,"Parque Central",1655357.93265,0,0.148298485395353,0
15928,"Fresno americano","24/11/2011 12:06","Muy bajo (1 - 2 mts)",18,"Chico",-68.8735069898,-32.8770798713,7,"Residencial Parque",1786336.08966,0,0.763373937259861,0
40404,"Pltano","12/04/2011 10:34","Alto (> 8 mts)",190,"Grande",-68.8450357063,-32.8828688035,1,"Parque Central",1655357.93265,0,0.624343275974972,0
6032,"Ligustro","20/04/2011 10:25","Bajo (2 - 4 mts)",180,"Grande",-68.848867315,-32.8861964523,1,"Parque Central",1655357.93265,0,0.309799604822266,0
2929,"Morera","21/09/2011 08:54","Alto (> 8 mts)",76,"Grande",-68.8292180938,-32.8736408569,4,"Cuarta Este Área Fundacional",1822015.85685,0,0.0519735833367001,0
17967,"Morera","01/08/2011 09:40","Medio (4 - 8 mts)",200,"Grande",-68.8396781425,-32.8672196358,4,"Cuarta Oeste",1173332.70145,1,0.561908875277682,0
16715,"Paraiso","21/07/2011 14:16","Alto (> 8 mts)",190,"Grande",-68.8403181722,-32.8630583598,4,"Cuarta Oeste",1173332.70145,0,0.79886404889997,0
31673,"Fresno europeo","14/06/2011 10:22","Alto (> 8 mts)",127,"Grande",-68.8589198375,-32.8887045128,5,"Residencial Sur",2423808.92355,0,0.851924847317835,0
15131,"Acacia SP","18/11/2011 08:47","Muy bajo (1 - 2 mts)",5,"Chico",-68.8591449036,-32.8696553205,6,"Residencial Norte",2694682.37982,0,0.320860020467711,0
46350,"Morera","19/09/2011 14:10","Alto (> 8 mts)",164,"Grande",-68.8261097181,-32.8741466688,4,"Cuarta Este Área Fundacional",1822015.85685,0,0.697646497741976,0
15188,"Paraiso","17/11/2011 13:32","Bajo (2 - 4 mts)",60,"Mediano",-68.860109819,-32.8689448092,6,"Residencial Norte",2694682.37982,0,0.299137741009643,0
9789,"Paraiso","18/01/2011 08:17","Medio (4 - 8 mts)",140,"Grande",-68.8469907952,-32.8631581231,4,"Cuarta Oeste",1173332.70145,0,0.0861425525165468,0
25635,"Morera","15/02/2011 14:57","Alto (> 8 mts)",58,"Mediano",-68.8374103279,-32.9009791646,2,"Barrio Civico",2366816.36021,0,0.92090817877059,0
3255,"Prunas","28/09/2011 11:14","Bajo (2 - 4 mts)",15,"Chico",-68.8226999102,-32.8727346164,4,"Cuarta Este Área Fundacional",1822015.85685,0,0.808456729117056,0
26383,"Pltano","25/10/2011 09:55","Alto (> 8 mts)",170,"Grande",-68.8334276638,-32.889939193,3,"Parque O'Higgins",1531146.02653,0,0.760332316407927,0
40731,"Morera","15/04/2011 12:30","Alto (> 8 mts)",200,"Grande",-68.843020326,-32.8844935095,1,"Parque Central",1655357.93265,0,0.380118995197797,0
11466,"Paraiso","06/01/2011 13:17","Alto (> 8 mts)",84,"Grande",-68.8434120802,-32.8628362064,4,"Cuarta Oeste",1173332.70145,0,0.0913704037638305,0
29501,"Morera","18/02/2011 11:15","Medio (4 - 8 mts)",118,"Grande",-68.8449846702,-32.8920220205,2,"Barrio Civico",2366816.36021,0,0.136751468305517,0
48259,"Paraiso","02/09/2011 09:51","Medio (4 - 8 mts)",140,"Grande",-68.8303893492,-32.870707263,4,"Cuarta Este Área Fundacional",1822015.85685,0,0.613964870498088,0
779,"Aguaribay","14/12/2011 10:42","Alto (> 8 mts)",130,"Grande",-68.879753211,-32.867546219,8,"Aeroparque",2203364.73622,0,0.706963582362819,0
41967,"Morera","20/04/2011 13:39","Alto (> 8 mts)",158,"Grande",-68.8375806959,-32.8788284425,1,"Parque Central",1655357.93265,0,0.879466434060441,0
47400,"Morera","23/09/2011 15:01","Alto (> 8 mts)",165,"Grande",-68.826287205,-32.8746383384,4,"Cuarta Este Área Fundacional",1822015.85685,0,0.270263021227826,0
18612,"Morera","06/07/2011 11:41","Alto (> 8 mts)",190,"Grande",-68.8378098999,-32.8747254356,1,"Parque Central",1655357.93265,1,0.168170895218369,0
39036,"Fresno europeo","23/12/2010 14:15","Medio (4 - 8 mts)",55,"Mediano",-68.8541163831,-32.8712975864,6,"Residencial Norte",2694682.37982,0,0.112520821515319,0
30435,"Pltano","21/02/2011 10:09","Alto (> 8 mts)",220,"Grande",-68.841747168,-32.888014906,3,"Parque O'Higgins",1531146.02653,0,0.229454474438125,0
5887,"Braquiquito","11/04/2011 09:27","Alto (> 8 mts)",82,"Grande",-68.8435389159,-32.8817225081,1,"Parque Central",1655357.93265,0,0.50289113884034,0
18211,"Perenne","05/08/2011 12:09","Bajo (2 - 4 mts)",60,"Mediano",-68.8389038606,-32.86817601,4,"Cuarta Oeste",1173332.70145,0,0.550688148744907,0
37574,"Morera","16/11/2010 10:23","Medio (4 - 8 mts)",88,"Grande",-68.8571298881,-32.8704296668,6,"Residencial Norte",2694682.37982,0,0.743975241275636,0
42806,"Morera","07/10/2011 17:39","Alto (> 8 mts)",196,"Grande",-68.831444646,-32.8776830187,4,"Cuarta Este Área Fundacional",1822015.85685,0,0.718721418404761,0
1710,"Paraiso","24/11/2011 12:07","Alto (> 8 mts)",130,"Grande",-68.8722715565,-32.8789341617,7,"Residencial Parque",1786336.08966,0,0.0581031342620437,0
14288,"Jacarand","06/12/2011 10:26","Medio (4 - 8 mts)",80,"Grande",-68.8773420069,-32.868716383,8,"Aeroparque",2203364.73622,0,0.19181444583468,0
27189,"Pltano","26/10/2011 12:36","Alto (> 8 mts)",176,"Grande",-68.8357123129,-32.8909041683,3,"Parque O'Higgins",1531146.02653,1,0.14725851386465,0
3286,"Morera","30/09/2011 11:22","Medio (4 - 8 mts)",52,"Mediano",-68.827974646,-32.8769531016,4,"Cuarta Este Área Fundacional",1822015.85685,0,0.184900016104461,0
46696,"Jacarand","05/09/2011 10:21","Bajo (2 - 4 mts)",20,"Chico",-68.8326095605,-32.8697191501,4,"Cuarta Este Área Fundacional",1822015.85685,0,0.620720236792744,0
10570,"Paraiso sombrilla","23/03/2011 10:57","Medio (4 - 8 mts)",144,"Grande",-68.8550153569,-32.8759148787,6,"Residencial Norte",2694682.37982,0,0.539480954596112,0
43615,"Pltano","13/10/2011 08:24","Alto (> 8 mts)",168,"Grande",-68.8338603427,-32.8830878338,3,"Parque O'Higgins",1531146.02653,0,0.302467688094722,0
39996,"Acer","20/04/2011 13:00","Bajo (2 - 4 mts)",40,"Mediano",-68.8440681397,-32.8775417767,1,"Parque Central",1655357.93265,0,0.846457453617499,0
46604,"Morera","05/09/2011 10:13","Alto (> 8 mts)",168,"Grande",-68.831793562,-32.8687683632,4,"Cuarta Este Área Fundacional",1822015.85685,0,0.35442722766699,0
10586,"Paraiso sombrilla","29/03/2011 13:03","Bajo (2 - 4 mts)",15,"Chico",-68.8525294755,-32.8764806384,6,"Residencial Norte",2694682.37982,0,0.540711526950037,0
22064,"Pltano","10/06/2011 12:31","Alto (> 8 mts)",200,"Grande",-68.8539105223,-32.8979777953,5,"Residencial Sur",2423808.92355,0,0.749903325364515,0
15346,"Paraiso","16/11/2011 12:54","Medio (4 - 8 mts)",125,"Grande",-68.8600557615,-32.8702719334,6,"Residencial Norte",2694682.37982,1,0.840567416697672,0
4964,"Morera","15/07/2011 10:40","Alto (> 8 mts)",180,"Grande",-68.8447173991,-32.8701965232,4,"Cuarta Oeste",1173332.70145,0,0.529289279802009,0
30157,"Pltano","31/03/2011 15:00","Alto (> 8 mts)",98,"Grande",-68.8399864795,-32.8873941682,3,"Parque O'Higgins",1531146.02653,0,0.673290262521505,0
20894,"Jacarand","27/05/2011 09:41","Muy bajo (1 - 2 mts)",8,"Chico",-68.8614598196,-32.8955895129,5,"Residencial Sur",2423808.92355,0,0.910528997967539,0
46838,"Pltano","16/09/2011 07:58","Alto (> 8 mts)",280,"Grande",-68.8343135268,-32.8717625475,4,"Cuarta Oeste",1173332.70145,1,0.482319463395998,0
8800,"Morera","02/02/2011 09:48","Medio (4 - 8 mts)",60,"Mediano",-68.8546787198,-32.8688581886,6,"Residencial Norte",2694682.37982,0,0.521934439898846,0
29877,"Pltano","11/03/2011 12:54","Alto (> 8 mts)",185,"Grande",-68.8422131934,-32.8914199575,2,"Barrio Civico",2366816.36021,0,0.54862115952272,0
8181,"Fresno europeo","11/03/2011 12:42","Bajo (2 - 4 mts)",12,"Chico",-68.8421167023,-32.8913738206,2,"Barrio Civico",2366816.36021,0,0.00786924833102987,0
27782,"Pltano","03/11/2011 10:27","Alto (> 8 mts)",110,"Grande",-68.8351517197,-32.8943303505,3,"Parque O'Higgins",1531146.02653,0,0.444191503503186,0
40983,"Morera","14/04/2011 09:46","Alto (> 8 mts)",198,"Grande",-68.8385078317,-32.8809957798,1,"Parque Central",1655357.93265,1,0.106369796355158,0
23580,"Morera","24/01/2011 09:11","Alto (> 8 mts)",170,"Grande",-68.8511939848,-32.9022684407,2,"Barrio Civico",2366816.36021,0,0.509289803805334,0
33160,"Pltano","09/06/2011 08:55","Alto (> 8 mts)",165,"Grande",-68.8530385942,-32.8915582665,5,"Residencial Sur",2423808.92355,0,0.628543708750281,0
13946,"Paraiso sombrilla","29/11/2011 13:09","Medio (4 - 8 mts)",95,"Grande",-68.87634737,-32.8652874827,8,"Aeroparque",2203364.73622,0,0.860829707125877,0
38655,"Paraiso","16/12/2010 11:11","Alto (> 8 mts)",250,"Grande",-68.8513008551,-32.870418982,6,"Residencial Norte",2694682.37982,0,0.110628658167155,0
42477,"Pltano","30/09/2011 12:52","Alto (> 8 mts)",220,"Grande",-68.8311518148,-32.8764929542,4,"Cuarta Este Área Fundacional",1822015.85685,0,0.70867698076869,0
30643,"Morera","01/02/2011 13:15","Bajo (2 - 4 mts)",40,"Mediano",-68.8546069079,-32.8673822092,6,"Residencial Norte",2694682.37982,0,0.276456502378371,0
22648,"Fresno americano","21/06/2011 11:41","Bajo (2 - 4 mts)",40,"Mediano",-68.8599596775,-32.901146584,5,"Residencial Sur",2423808.92355,0,0.35727301548641,0
24132,"Fresno europeo","25/01/2011 13:34","Medio (4 - 8 mts)",120,"Grande",-68.8464460965,-32.9022350181,2,"Barrio Civico",2366816.36021,0,0.340268679954844,0
8654,"Morera","04/02/2011 09:09","Alto (> 8 mts)",80,"Grande",-68.8414565108,-32.9024996548,2,"Barrio Civico",2366816.36021,0,0.548046688020394,0
30865,"Fresno europeo","15/02/2011 12:59","Medio (4 - 8 mts)",40,"Mediano",-68.8555543694,-32.8656332211,6,"Residencial Norte",2694682.37982,0,0.476854189342153,0
33029,"Morera","19/05/2011 10:26","Alto (> 8 mts)",184,"Grande",-68.8515514337,-32.8873039523,5,"Residencial Sur",2423808.92355,1,0.926308426497322,0
46325,"Morera","27/09/2011 13:26","Alto (> 8 mts)",185,"Grande",-68.8235245234,-32.8738103234,4,"Cuarta Este Área Fundacional",1822015.85685,1,0.164320049526138,0
36830,"Pltano","07/04/2011 11:37","Alto (> 8 mts)",180,"Grande",-68.8588781428,-32.8802957226,7,"Residencial Parque",1786336.08966,1,0.399963975432112,0
47994,"Morera","31/08/2011 09:36","Alto (> 8 mts)",135,"Grande",-68.8257777537,-32.8695965305,4,"Cuarta Este Área Fundacional",1822015.85685,0,0.774965040973709,0
31977,"Fresno europeo","02/06/2011 12:43","Bajo (2 - 4 mts)",70,"Grande",-68.8589683105,-32.8836739358,5,"Residencial Sur",2423808.92355,0,0.36403430377117,0
39760,"Fresno europeo","13/07/2011 13:51","Alto (> 8 mts)",143,"Grande",-68.8499579129,-32.8831310095,1,"Parque Central",1655357.93265,0,0.334087157865903,0
9311,"Morera","16/02/2011 12:57","Medio (4 - 8 mts)",64,"Grande",-68.8462572623,-32.8661071955,4,"Cuarta Oeste",1173332.70145,0,0.439509473156365,0
11203,"Acer","24/01/2011 08:56","Medio (4 - 8 mts)",82,"Grande",-68.845786822,-32.901969036,2,"Barrio Civico",2366816.36021,0,0.336482324147212,0
21712,"Fresno europeo","09/06/2011 11:19","Alto (> 8 mts)",103,"Grande",-68.8559728968,-32.8958162202,5,"Residencial Sur",2423808.92355,1,0.829161745601813,0
12788,"Fresno americano","21/01/2011 13:36","Alto (> 8 mts)",110,"Grande",-68.8479956203,-32.8635473376,4,"Cuarta Oeste",1173332.70145,0,0.588294698963344,0
45115,"Morera","31/08/2011 15:53","Alto (> 8 mts)",160,"Grande",-68.8257481835,-32.8705115284,4,"Cuarta Este Área Fundacional",1822015.85685,0,0.216960243697253,0
17182,"Olmo comun","04/07/2011 10:47","Alto (> 8 mts)",150,"Grande",-68.8362830945,-32.8632442247,4,"Cuarta Oeste",1173332.70145,0,0.765467488475534,0
31546,"Pltano","18/05/2011 10:11","Alto (> 8 mts)",170,"Grande",-68.8597325006,-32.8903236933,5,"Residencial Sur",2423808.92355,0,0.711838285382664,0
14368,"Fresno europeo","30/11/2011 11:49","Bajo (2 - 4 mts)",40,"Mediano",-68.8782484506,-32.8658046816,8,"Aeroparque",2203364.73622,0,0.119347890807943,0
11529,"Fresno europeo","23/02/2011 09:25","Medio (4 - 8 mts)",35,"Mediano",-68.853146036,-32.8661462167,6,"Residencial Norte",2694682.37982,0,0.138116817078525,0
28957,"Pltano","25/04/2011 12:33","Alto (> 8 mts)",180,"Grande",-68.8450016373,-32.886082959,1,"Parque Central",1655357.93265,0,0.309561701312032,0
19288,"Perenne","13/07/2011 21:04","Muy bajo (1 - 2 mts)",10,"Chico",-68.8359246393,-32.869867594,4,"Cuarta Oeste",1173332.70145,0,0.569286027078763,0
11227,"Fresno americano","14/01/2011 14:34","Alto (> 8 mts)",80,"Grande",-68.8453740951,-32.8998027408,2,"Barrio Civico",2366816.36021,0,0.514759281363065,0
26944,"Fresno europeo","01/11/2011 17:10","Medio (4 - 8 mts)",140,"Grande",-68.8362821731,-32.887457483,3,"Parque O'Higgins",1531146.02653,0,0.063596783070192,0
36555,"Fresno europeo","07/06/2011 12:51","Medio (4 - 8 mts)",90,"Grande",-68.8575937656,-32.8835456958,5,"Residencial Sur",2423808.92355,1,0.658685912275798,0
30882,"Paraiso","17/02/2011 09:32","Medio (4 - 8 mts)",42,"Mediano",-68.854018077,-32.8657139484,6,"Residencial Norte",2694682.37982,0,0.972788869716878,0
12509,"Morera","26/01/2011 10:06","Alto (> 8 mts)",210,"Grande",-68.8486026581,-32.8686351576,6,"Residencial Norte",2694682.37982,0,0.174965742945893,0
33100,"Morera","28/06/2011 09:08","Alto (> 8 mts)",118,"Grande",-68.8527162438,-32.8910500907,5,"Residencial Sur",2423808.92355,0,0.739491921612034,0
44500,"Pltano","17/10/2011 09:00","Alto (> 8 mts)",200,"Grande",-68.8353996874,-32.8836891411,3,"Parque O'Higgins",1531146.02653,0,0.273719834859398,0
40381,"Pltano","11/04/2011 09:10","Alto (> 8 mts)",172,"Grande",-68.8438478919,-32.8817547528,1,"Parque Central",1655357.93265,0,0.920741654784951,0
42599,"Fresno europeo","23/09/2011 10:11","Medio (4 - 8 mts)",50,"Mediano",-68.8267716985,-32.876608128,4,"Cuarta Este Área Fundacional",1822015.85685,0,0.057057267301255,0
9395,"Acer","06/04/2011 12:49","Medio (4 - 8 mts)",166,"Grande",-68.8437664713,-32.8658898399,4,"Cuarta Oeste",1173332.70145,0,0.687503220197167,0
24893,"Morera","17/02/2011 08:59","Alto (> 8 mts)",140,"Grande",-68.8386792671,-32.8972573772,2,"Barrio Civico",2366816.36021,0,0.315840061910063,0
43135,"Paraiso","29/11/2010 12:10","Alto (> 8 mts)",170,"Grande",-68.8291239549,-32.8792157235,4,"Cuarta Este Área Fundacional",1822015.85685,0,0.311797250877873,0
30316,"Pltano","11/03/2011 08:11","Alto (> 8 mts)",210,"Grande",-68.8421237,-32.8911138015,2,"Barrio Civico",2366816.36021,0,0.744205490522065,0
23425,"Paraiso","27/01/2011 14:57","Alto (> 8 mts)",116,"Grande",-68.8501887261,-32.9029555001,2,"Barrio Civico",2366816.36021,1,0.560570691523153,0
4787,"Jacarand","03/08/2011 09:55","Alto (> 8 mts)",130,"Grande",-68.8384611631,-32.8668534591,4,"Cuarta Oeste",1173332.70145,0,0.738960791175836,0
16325,"Morera","05/08/2011 14:18","Alto (> 8 mts)",190,"Grande",-68.8423932903,-32.8654396631,4,"Cuarta Oeste",1173332.70145,0,0.637373008782948,0
19381,"Acer","04/07/2011 10:59","Muy bajo (1 - 2 mts)",200,"Grande",-68.8348070608,-32.8727171897,4,"Cuarta Oeste",1173332.70145,0,0.741448746277294,0
41134,"Pltano","27/04/2011 08:53","Alto (> 8 mts)",158,"Grande",-68.8395718224,-32.8836887915,1,"Parque Central",1655357.93265,0,0.0344363989491011,0
24637,"Pltano","17/01/2011 12:02","Alto (> 8 mts)",250,"Grande",-68.8418679648,-32.899726942,2,"Barrio Civico",2366816.36021,0,0.689477152416606,0
9224,"Fresno europeo","28/02/2011 10:51","Medio (4 - 8 mts)",60,"Mediano",-68.849548967,-32.8650496056,6,"Residencial Norte",2694682.37982,0,0.252749061897057,0
29349,"Pltano","25/04/2011 08:49","Alto (> 8 mts)",200,"Grande",-68.8431262736,-32.8876266194,1,"Parque Central",1655357.93265,0,0.638601927883687,0
40944,"Pltano","18/04/2011 15:41","Alto (> 8 mts)",98,"Grande",-68.8408684121,-32.8856763449,1,"Parque Central",1655357.93265,0,0.29487114126291,0
8942,"Paraiso","20/01/2011 11:42","Alto (> 8 mts)",120,"Grande",-68.8476948465,-32.8676790816,6,"Residencial Norte",2694682.37982,0,0.710329524150605,0
7314,"Morera","22/06/2011 10:28","Bajo (2 - 4 mts)",45,"Mediano",-68.8611776296,-32.9005913802,5,"Residencial Sur",2423808.92355,0,0.540075154236562,0
7290,"Paraiso","11/05/2011 10:08","Alto (> 8 mts)",108,"Grande",-68.853271019,-32.9012261361,2,"Barrio Civico",2366816.36021,0,0.798207403212464,0
47789,"Pltano","23/09/2011 12:47","Alto (> 8 mts)",165,"Grande",-68.827630029,-32.8737072137,4,"Cuarta Este Área Fundacional",1822015.85685,0,0.0644444052469498,0
3364,"Caducifolio","04/10/2011 09:52","Muy bajo (1 - 2 mts)",4,"Chico",-68.8352083699,-32.8797634923,1,"Parque Central",1655357.93265,0,0.00606557955156073,0
47401,"Morera","23/09/2011 15:00","Alto (> 8 mts)",160,"Grande",-68.8262945701,-32.874697139,4,"Cuarta Este Área Fundacional",1822015.85685,0,0.514015469930083,0
29736,"Pltano","15/03/2011 09:38","Alto (> 8 mts)",220,"Grande",-68.8411340912,-32.8926587791,2,"Barrio Civico",2366816.36021,0,0.264428150575703,0
24709,"Pltano","17/02/2011 11:43","Alto (> 8 mts)",210,"Grande",-68.8413018148,-32.8983387941,2,"Barrio Civico",2366816.36021,0,0.341141963475864,0
14771,"Aguaribay","06/12/2011 16:55","Bajo (2 - 4 mts)",22,"Mediano",-68.8792250275,-32.868994252,8,"Aeroparque",2203364.73622,0,0.687866649776758,0
37644,"Morera","29/02/2012 08:48","Alto (> 8 mts)",180,"Grande",-68.8527352036,-32.8720125301,6,"Residencial Norte",2694682.37982,0,0.103214625225468,0
6219,"Pltano","04/04/2011 15:38","Alto (> 8 mts)",186,"Grande",-68.8393197893,-32.8883360979,3,"Parque O'Higgins",1531146.02653,0,0.985400555069413,0
6568,"Morera","19/05/2011 11:09","Alto (> 8 mts)",62,"Grande",-68.8565985042,-32.8911001662,5,"Residencial Sur",2423808.92355,0,0.636387253258614,0
13279,"Morera","23/02/2011 11:31","Medio (4 - 8 mts)",74,"Grande",-68.8483256816,-32.864742269,6,"Residencial Norte",2694682.37982,0,0.531106750406195,0
1813,"Morera","24/11/2011 13:07","Medio (4 - 8 mts)",28,"Mediano",-68.8707249918,-32.8798923219,7,"Residencial Parque",1786336.08966,0,0.866670628837812,0
45460,"Morera","16/09/2011 11:27","Alto (> 8 mts)",125,"Grande",-68.8228189555,-32.8712930597,4,"Cuarta Este Área Fundacional",1822015.85685,1,0.484009793273126,0
45953,"Caducifolio","24/08/2011 13:48","Muy bajo (1 - 2 mts)",15,"Chico",-68.8190467374,-32.8699125768,4,"Cuarta Este Área Fundacional",1822015.85685,0,0.937567883820236,0
7984,"Pltano","18/02/2011 13:59","Alto (> 8 mts)",210,"Grande",-68.8407202772,-32.8882134722,3,"Parque O'Higgins",1531146.02653,0,0.269919714178253,0
22070,"Pltano","10/06/2011 12:10","Alto (> 8 mts)",205,"Grande",-68.8538201242,-32.897312242,5,"Residencial Sur",2423808.92355,0,0.392389595963866,0
27582,"Morera","28/10/2011 11:58","Medio (4 - 8 mts)",100,"Grande",-68.8388285464,-32.8919642841,3,"Parque O'Higgins",1531146.02653,1,0.122651135419433,0
33139,"Caducifolio","28/06/2011 09:40","Medio (4 - 8 mts)",50,"Mediano",-68.8537990665,-32.8913026096,5,"Residencial Sur",2423808.92355,0,0.35781634329056,0
47058,"Morera","09/09/2011 16:07","Alto (> 8 mts)",145,"Grande",-68.83083839,-32.8719463928,4,"Cuarta Este Área Fundacional",1822015.85685,1,0.761521904469575,0
15396,"Acacia SP","16/11/2011 12:19","Medio (4 - 8 mts)",118,"Grande",-68.8609685478,-32.8707749219,7,"Residencial Parque",1786336.08966,0,0.888584676349633,0
6285,"Jacarand","29/06/2011 10:26","Bajo (2 - 4 mts)",16,"Chico",-68.8602428133,-32.8895984019,5,"Residencial Sur",2423808.92355,0,0.462539931525909,0
6982,"Olmo comun","30/05/2011 10:26","Alto (> 8 mts)",98,"Grande",-68.8620571223,-32.8966040318,5,"Residencial Sur",2423808.92355,0,0.471999883723252,0
39326,"Morera","30/12/2010 10:09","Alto (> 8 mts)",85,"Grande",-68.8562631989,-32.8712539823,6,"Residencial Norte",2694682.37982,0,0.211216207060223,0
20189,"Morera","12/05/2011 10:54","Alto (> 8 mts)",114,"Grande",-68.8600852781,-32.8914546882,5,"Residencial Sur",2423808.92355,1,0.806231182323067,0
40227,"Paraiso sombrilla","14/04/2011 12:22","Medio (4 - 8 mts)",75,"Grande",-68.8455523871,-32.8814371939,1,"Parque Central",1655357.93265,0,0.436705864804332,0
43388,"Fresno europeo","25/10/2011 12:39","Medio (4 - 8 mts)",130,"Grande",-68.8330125906,-32.8811504176,3,"Parque O'Higgins",1531146.02653,0,0.366376977271267,0
31299,"Morera","25/02/2011 12:49","Medio (4 - 8 mts)",80,"Grande",-68.8484635413,-32.865057868,6,"Residencial Norte",2694682.37982,0,0.557054808796944,0
22561,"Paraiso","16/06/2011 11:11","Alto (> 8 mts)",120,"Grande",-68.8622984137,-32.9003523741,5,"Residencial Sur",2423808.92355,0,0.349576088490201,0
16624,"Morera","26/07/2011 15:08","Alto (> 8 mts)",175,"Grande",-68.8400253652,-32.8655935526,4,"Cuarta Oeste",1173332.70145,0,0.800800118119998,0
30425,"Pltano","21/02/2011 12:19","Muy bajo (1 - 2 mts)",8,"Chico",-68.8416799705,-32.888800079,3,"Parque O'Higgins",1531146.02653,0,0.227392349985331,0
16754,"Morera","15/08/2011 10:41","Alto (> 8 mts)",170,"Grande",-68.8382283314,-32.8629630709,4,"Cuarta Oeste",1173332.70145,0,0.533305039042281,0
16441,"Paraiso","12/08/2011 09:50","Alto (> 8 mts)",114,"Grande",-68.8417063626,-32.8630517381,4,"Cuarta Oeste",1173332.70145,0,0.035341489299934,0
9245,"Prunas","01/03/2011 12:51","Medio (4 - 8 mts)",60,"Mediano",-68.8494589021,-32.8659195438,6,"Residencial Norte",2694682.37982,0,0.0527373087962205,0
44903,"Morera","23/08/2011 13:35","Alto (> 8 mts)",147,"Grande",-68.8254083936,-32.8672445771,4,"Cuarta Este Área Fundacional",1822015.85685,1,0.508696754188881,0
11296,"Fresno europeo","10/01/2011 09:50","Bajo (2 - 4 mts)",20,"Chico",-68.8466225038,-32.9032747846,2,"Barrio Civico",2366816.36021,0,0.627431050954403,0
27891,"Fresno europeo","04/11/2011 10:39","Bajo (2 - 4 mts)",35,"Mediano",-68.8390135406,-32.8930541575,2,"Barrio Civico",2366816.36021,0,0.91547663608034,0
28632,"Morera","23/02/2011 11:47","Alto (> 8 mts)",180,"Grande",-68.8475562011,-32.8907708388,2,"Barrio Civico",2366816.36021,0,0.89947830732088,0
22800,"Morera","14/06/2011 12:41","Alto (> 8 mts)",78,"Grande",-68.8599807436,-32.9017505398,5,"Residencial Sur",2423808.92355,0,0.964876811308881,0
29227,"Pltano","25/02/2011 17:44","Alto (> 8 mts)",280,"Grande",-68.8456500763,-32.8872976206,1,"Parque Central",1655357.93265,0,0.0611700933497958,0
3238,"Morera","28/09/2011 08:45","Alto (> 8 mts)",75,"Grande",-68.8338831188,-32.8737592123,4,"Cuarta Este Área Fundacional",1822015.85685,0,0.27227251189452,0
18259,"Ligustro","08/08/2011 09:45","Bajo (2 - 4 mts)",30,"Mediano",-68.8391012085,-32.8689812067,4,"Cuarta Oeste",1173332.70145,0,0.60810901760069,0
31063,"Fresno europeo","16/02/2011 12:32","Medio (4 - 8 mts)",50,"Mediano",-68.8551994762,-32.8652994604,6,"Residencial Norte",2694682.37982,0,0.633157920862169,0
19478,"Morera","11/07/2011 12:49","Alto (> 8 mts)",158,"Grande",-68.839552665,-32.8713621693,4,"Cuarta Oeste",1173332.70145,0,0.770367422323253,0
20462,"Fresno americano","17/05/2011 09:26","Alto (> 8 mts)",100,"Grande",-68.8604092551,-32.8928569803,5,"Residencial Sur",2423808.92355,1,0.746805848017875,0
28791,"Morera","18/04/2011 10:46","Alto (> 8 mts)",125,"Grande",-68.8476451597,-32.8860690707,1,"Parque Central",1655357.93265,0,0.405700196437776,0
26329,"Pltano","20/10/2011 11:43","Alto (> 8 mts)",180,"Grande",-68.8324385204,-32.8900180779,3,"Parque O'Higgins",1531146.02653,0,0.666755864024017,0
6012,"Fresno europeo","02/05/2011 12:06","Medio (4 - 8 mts)",85,"Grande",-68.845954975,-32.8795213386,1,"Parque Central",1655357.93265,0,0.0448373746246027,0
20782,"Morera","31/05/2011 10:50","Medio (4 - 8 mts)",68,"Grande",-68.8608695061,-32.8962160737,5,"Residencial Sur",2423808.92355,0,0.388072174745592,0
23490,"Morera","24/01/2011 16:36","Alto (> 8 mts)",210,"Grande",-68.8489310164,-32.9033060967,2,"Barrio Civico",2366816.36021,1,0.364760646026299,0
8680,"Morera","02/02/2011 12:47","Alto (> 8 mts)",135,"Grande",-68.8404592678,-32.9028113628,2,"Barrio Civico",2366816.36021,0,0.0447175916011159,0
36593,"Fresno europeo","07/06/2011 12:57","Medio (4 - 8 mts)",110,"Grande",-68.8573589286,-32.8835549131,5,"Residencial Sur",2423808.92355,0,0.353700228393233,0
21791,"Fresno europeo","13/05/2011 10:58","Medio (4 - 8 mts)",35,"Mediano",-68.8566012444,-32.8932118468,5,"Residencial Sur",2423808.92355,0,0.13332782707744,0
41712,"Morera","28/04/2011 09:19","Medio (4 - 8 mts)",54,"Mediano",-68.8383698735,-32.8784047673,1,"Parque Central",1655357.93265,0,0.907097717683892,0
32938,"Morera","18/05/2011 12:32","Bajo (2 - 4 mts)",24,"Mediano",-68.8496782157,-32.8875330637,5,"Residencial Sur",2423808.92355,0,0.557186811543404,0
9020,"Morera","10/01/2011 09:44","Alto (> 8 mts)",145,"Grande",-68.8448688086,-32.8684065301,4,"Cuarta Oeste",1173332.70145,0,0.751559156775998,0
17726,"Paraiso","18/07/2011 09:40","Bajo (2 - 4 mts)",25,"Mediano",-68.842396073,-32.8672490978,4,"Cuarta Oeste",1173332.70145,0,0.961940076209366,0
28969,"Caducifolio","26/04/2011 09:59","Muy bajo (1 - 2 mts)",15,"Chico",-68.8450246108,-32.8851638025,1,"Parque Central",1655357.93265,0,0.686927163564591,0
21802,"Morera","13/05/2011 10:41","Alto (> 8 mts)",180,"Grande",-68.8570604757,-32.8938126735,5,"Residencial Sur",2423808.92355,0,0.729907982792484,0
5871,"Morera","28/04/2011 12:50","Alto (> 8 mts)",185,"Grande",-68.8434037746,-32.8859707457,1,"Parque Central",1655357.93265,0,0.323628938482619,0
12470,"Morera","25/01/2011 10:28","Alto (> 8 mts)",105,"Grande",-68.8492024222,-32.8663841714,6,"Residencial Norte",2694682.37982,0,0.17882362744489,0
39459,"Paraiso","11/11/2010 11:36","Medio (4 - 8 mts)",107,"Grande",-68.8556385923,-32.8704574564,6,"Residencial Norte",2694682.37982,0,0.84976147094156,0
33459,"Fresno europeo","15/06/2011 10:55","Medio (4 - 8 mts)",85,"Grande",-68.857433691,-32.8891012851,5,"Residencial Sur",2423808.92355,0,0.711994365112286,0
8862,"Fresno europeo","14/05/2010 12:33","Bajo (2 - 4 mts)",117,"Grande",-68.8515540164,-32.8679008089,6,"Residencial Norte",2694682.37982,0,0.154216442552681,0
35558,"Aguaribay","16/06/2011 09:33","Medio (4 - 8 mts)",170,"Grande",-68.8563286364,-32.8836047471,5,"Residencial Sur",2423808.92355,1,0.17440574832781,0
13592,"Paraiso","01/03/2011 11:41","Alto (> 8 mts)",110,"Grande",-68.8512433062,-32.8654580519,6,"Residencial Norte",2694682.37982,0,0.37124793022761,0
13631,"Morera","25/02/2011 10:16","Alto (> 8 mts)",110,"Grande",-68.8519482814,-32.8660175145,6,"Residencial Norte",2694682.37982,0,0.946898240571879,0
13567,"Fresno europeo","28/01/2011 09:19","Alto (> 8 mts)",150,"Grande",-68.850602899,-32.8634135278,6,"Residencial Norte",2694682.37982,0,0.133728683367784,0
19233,"Paraiso","05/07/2011 12:17","Medio (4 - 8 mts)",36,"Mediano",-68.839695565,-32.8727050651,4,"Cuarta Oeste",1173332.70145,0,0.216033268185806,0
39702,"Morera","19/10/2010 12:40","Alto (> 8 mts)",200,"Grande",-68.8455378944,-32.8701908277,6,"Residencial Norte",2694682.37982,0,0.00982595941341557,0
47428,"Caducifolio","26/09/2011 09:32","Muy bajo (1 - 2 mts)",2,"Chico",-68.8276117686,-32.8743086181,4,"Cuarta Este Área Fundacional",1822015.85685,0,0.527064228788515,0
34367,"Morera","23/03/2011 12:35","Alto (> 8 mts)",140,"Grande",-68.8514348865,-32.875769538,6,"Residencial Norte",2694682.37982,0,0.157645626331537,0
45753,"Morera","24/08/2011 11:00","Alto (> 8 mts)",180,"Grande",-68.8210250483,-32.8701746598,4,"Cuarta Este Área Fundacional",1822015.85685,0,0.750726401763836,0
17574,"Morera","28/07/2011 09:37","Medio (4 - 8 mts)",50,"Mediano",-68.8407753183,-32.8663008069,4,"Cuarta Oeste",1173332.70145,0,0.243004215478746,0
7977,"Jacarand","18/02/2011 12:15","Medio (4 - 8 mts)",48,"Mediano",-68.8412791952,-32.8890866417,3,"Parque O'Higgins",1531146.02653,1,0.495569233159731,0
44805,"Morera","26/08/2011 10:43","Alto (> 8 mts)",195,"Grande",-68.8233697482,-32.8701351674,4,"Cuarta Este Área Fundacional",1822015.85685,0,0.947281433913682,0
32382,"Morera","06/05/2011 09:09","Alto (> 8 mts)",120,"Grande",-68.8529363921,-32.8923888476,5,"Residencial Sur",2423808.92355,0,0.169002845179553,0
31168,"Morera","07/02/2011 12:31","Medio (4 - 8 mts)",90,"Grande",-68.8549723825,-32.8637236831,6,"Residencial Norte",2694682.37982,0,0.0160198792876045,0
11410,"Morera","28/01/2011 13:55","Alto (> 8 mts)",88,"Grande",-68.8513676189,-32.9004745095,2,"Barrio Civico",2366816.36021,0,0.660537670158843,0
45374,"Paraiso","15/09/2011 16:50","Alto (> 8 mts)",110,"Grande",-68.8234020947,-32.8725040475,4,"Cuarta Este Área Fundacional",1822015.85685,0,0.183138098244329,0
10803,"Morera","01/04/2011 12:06","Medio (4 - 8 mts)",30,"Mediano",-68.858038473,-32.8772464374,7,"Residencial Parque",1786336.08966,0,0.929970837124687,0
18143,"Ailanthus","27/07/2011 09:56","Alto (> 8 mts)",180,"Grande",-68.8413895359,-32.8685988349,4,"Cuarta Oeste",1173332.70145,0,0.871484818877782,0
44411,"Fresno europeo","18/10/2011 11:05","Bajo (2 - 4 mts)",33,"Mediano",-68.8373941979,-32.8858664513,3,"Parque O'Higgins",1531146.02653,0,0.648311026890793,0
31336,"Acer","25/02/2011 10:35","Alto (> 8 mts)",120,"Grande",-68.8485894867,-32.8662254577,6,"Residencial Norte",2694682.37982,0,0.107111854294031,0
33547,"Morera","30/05/2011 10:49","Alto (> 8 mts)",130,"Grande",-68.8546881515,-32.8879249337,5,"Residencial Sur",2423808.92355,1,0.381250174288162,0
21663,"Morera","08/06/2011 09:11","Alto (> 8 mts)",125,"Grande",-68.8553542063,-32.8961880848,5,"Residencial Sur",2423808.92355,1,0.540372975870934,0
25658,"Olmo comun","07/02/2011 10:11","Medio (4 - 8 mts)",100,"Grande",-68.8413528076,-32.9014748773,2,"Barrio Civico",2366816.36021,0,0.948248564739457,0
3889,"Morera","01/09/2011 09:22","Alto (> 8 mts)",180,"Grande",-68.8247313373,-32.8702144172,4,"Cuarta Este Área Fundacional",1822015.85685,0,0.393562547821075,0
9493,"Acer","02/02/2011 08:32","Bajo (2 - 4 mts)",24,"Mediano",-68.8521444682,-32.8634426886,6,"Residencial Norte",2694682.37982,0,0.793491671068605,0
33700,"Morera","10/05/2011 14:00","Alto (> 8 mts)",192,"Grande",-68.8571126034,-32.8862659086,5,"Residencial Sur",2423808.92355,0,0.846346342887799,0
10258,"Morera","09/12/2010 13:09","Muy bajo (1 - 2 mts)",3,"Chico",-68.8484504464,-32.8708243742,6,"Residencial Norte",2694682.37982,0,0.0402112001480722,0
28926,"Pltano","28/02/2011 12:44","Alto (> 8 mts)",185,"Grande",-68.8471376025,-32.887021364,1,"Parque Central",1655357.93265,0,0.968956317041912,0
28401,"Olmo bola","14/03/2011 09:50","Alto (> 8 mts)",370,"Grande",-68.8494112593,-32.8883245552,5,"Residencial Sur",2423808.92355,0,0.0392085118313907,0
42493,"Morera","30/09/2011 09:12","Alto (> 8 mts)",150,"Grande",-68.8308601176,-32.8754024381,4,"Cuarta Este Área Fundacional",1822015.85685,0,0.308272060735481,0
29428,"Fresno europeo","09/03/2011 18:06","Alto (> 8 mts)",172,"Grande",-68.8464732512,-32.8922458054,2,"Barrio Civico",2366816.36021,0,0.445135558061564,0
29479,"Morera","16/03/2011 12:31","Alto (> 8 mts)",204,"Grande",-68.8453134868,-32.8932244397,2,"Barrio Civico",2366816.36021,0,0.679293824012852,0
2502,"Paraiso","20/10/2011 12:18","Alto (> 8 mts)",142,"Grande",-68.8368749269,-32.8882684384,3,"Parque O'Higgins",1531146.02653,0,0.679321470018963,0
15734,"Acer","22/11/2011 12:42","Bajo (2 - 4 mts)",35,"Mediano",-68.8706693643,-32.8782654226,7,"Residencial Parque",1786336.08966,0,0.858920492536497,0
27438,"Fresno americano","25/10/2011 09:09","Alto (> 8 mts)",138,"Grande",-68.8345731954,-32.891188794,3,"Parque O'Higgins",1531146.02653,0,0.0876295650035043,0
23733,"Paraiso","25/01/2011 11:58","Alto (> 8 mts)",93,"Grande",-68.8496378499,-32.9013508543,2,"Barrio Civico",2366816.36021,0,0.173963317259896,0
5774,"Morera","06/05/2011 10:34","Bajo (2 - 4 mts)",26,"Mediano",-68.8396906115,-32.8788480009,1,"Parque Central",1655357.93265,0,0.652762126397213,0
31555,"Fresno europeo","18/05/2011 09:41","Alto (> 8 mts)",116,"Grande",-68.8590141569,-32.8904893379,5,"Residencial Sur",2423808.92355,0,0.243751450417243,0
26751,"Morera","11/01/2012 10:13","Alto (> 8 mts)",110,"Grande",-68.8346723604,-32.8952266096,3,"Parque O'Higgins",1531146.02653,0,0.244868616898459,0
18844,"Pltano","08/08/2011 10:30","Alto (> 8 mts)",160,"Grande",-68.8396031834,-32.8705303915,4,"Cuarta Oeste",1173332.70145,0,0.761621256297281,0
17850,"Pltano","02/08/2011 09:59","Alto (> 8 mts)",160,"Grande",-68.8358981837,-32.8665974812,4,"Cuarta Oeste",1173332.70145,0,0.39641895455204,0
33656,"Paraiso","16/05/2011 09:40","Medio (4 - 8 mts)",136,"Grande",-68.8569557404,-32.8871043202,5,"Residencial Sur",2423808.92355,1,0.885370177675907,0
35675,"Morera","18/03/2011 09:46","Medio (4 - 8 mts)",120,"Grande",-68.8553644696,-32.8740819345,6,"Residencial Norte",2694682.37982,0,0.101231040932473,0
40140,"Morera","14/04/2011 08:44","Alto (> 8 mts)",160,"Grande",-68.8433341752,-32.8798261107,1,"Parque Central",1655357.93265,0,0.76789826642837,0
954,"Prunas","10/01/2012 18:04","Muy bajo (1 - 2 mts)",4,"Chico",-68.848005005,-32.8727434984,6,"Residencial Norte",2694682.37982,0,0.43237717176952,0
6037,"Morera","25/04/2011 09:45","Alto (> 8 mts)",140,"Grande",-68.8461862413,-32.8861412904,1,"Parque Central",1655357.93265,0,0.495762640663819,0
30716,"Morera","07/02/2011 09:28","Alto (> 8 mts)",45,"Mediano",-68.8559679376,-32.866772052,6,"Residencial Norte",2694682.37982,0,0.934490475995106,0
1662,"Acer","23/11/2011 08:24","Bajo (2 - 4 mts)",26,"Mediano",-68.8719423857,-32.8784350606,7,"Residencial Parque",1786336.08966,0,0.0923108250014241,0
15967,"Braquiquito","15/08/2011 12:33","Medio (4 - 8 mts)",160,"Grande",-68.8438517936,-32.8726823256,6,"Residencial Norte",2694682.37982,0,0.352460386357703,0
121,"Morera","29/02/2012 10:33","Bajo (2 - 4 mts)",16,"Chico",-68.8565817275,-32.8638083644,6,"Residencial Norte",2694682.37982,0,0.454254092251851,0
26455,"Morera","09/11/2011 09:15","Alto (> 8 mts)",160,"Grande",-68.8340297485,-32.8926498748,3,"Parque O'Higgins",1531146.02653,0,0.575988556910361,0
34476,"Fresno europeo","10/03/2011 12:55","Bajo (2 - 4 mts)",30,"Mediano",-68.848988794,-32.8743568061,6,"Residencial Norte",2694682.37982,0,0.612231098252328,0
17552,"Morera","28/07/2011 10:18","Alto (> 8 mts)",160,"Grande",-68.8402401243,-32.8670812629,4,"Cuarta Oeste",1173332.70145,0,0.91449919222362,0
28361,"Morera","14/03/2011 10:30","Alto (> 8 mts)",158,"Grande",-68.8493876048,-32.888702185,5,"Residencial Sur",2423808.92355,0,0.785589673538714,0
4387,"Prunas","26/07/2011 13:44","Medio (4 - 8 mts)",38,"Mediano",-68.83969746,-32.8689828242,4,"Cuarta Oeste",1173332.70145,0,0.475647473267531,0
12749,"Morera","24/01/2011 13:09","Medio (4 - 8 mts)",120,"Grande",-68.8481352791,-32.8644417302,6,"Residencial Norte",2694682.37982,0,0.386059171255839,0
37114,"Morera","07/04/2011 10:49","Medio (4 - 8 mts)",70,"Grande",-68.8592197217,-32.8772116939,7,"Residencial Parque",1786336.08966,0,0.223352160177717,0
27898,"Pltano","04/11/2011 10:49","Alto (> 8 mts)",180,"Grande",-68.8399260545,-32.8931490732,2,"Barrio Civico",2366816.36021,0,0.00546202058386547,0
33686,"Acacia SP","13/05/2011 10:24","Medio (4 - 8 mts)",96,"Grande",-68.8553504472,-32.8866627915,5,"Residencial Sur",2423808.92355,0,0.976291924713644,0
20872,"Morera","26/05/2011 10:50","Alto (> 8 mts)",148,"Grande",-68.8605048855,-32.8956354293,5,"Residencial Sur",2423808.92355,1,0.249488752058506,0
11789,"Fresno europeo","26/01/2011 08:23","Medio (4 - 8 mts)",80,"Grande",-68.8487328639,-32.8636257237,6,"Residencial Norte",2694682.37982,0,0.102637735559816,0
34644,"Morera","31/03/2011 13:46","Alto (> 8 mts)",120,"Grande",-68.8492071102,-32.8763289249,6,"Residencial Norte",2694682.37982,0,0.246198904515563,0
15024,"Acacia SP","19/12/2011 10:16","Bajo (2 - 4 mts)",60,"Mediano",-68.8806180776,-32.8725768669,8,"Aeroparque",2203364.73622,0,0.528021199840454,0
43016,"Fresno americano","05/10/2011 09:35","Medio (4 - 8 mts)",82,"Grande",-68.8323650266,-32.8786414929,4,"Cuarta Este Área Fundacional",1822015.85685,0,0.774063888375316,0
37652,"Morera","29/02/2012 08:18","Alto (> 8 mts)",130,"Grande",-68.8528974977,-32.8724881988,6,"Residencial Norte",2694682.37982,1,0.962091007970503,0
13662,"Morera","25/02/2011 13:38","Alto (> 8 mts)",180,"Grande",-68.8520427495,-32.8650543804,6,"Residencial Norte",2694682.37982,0,0.602821176666925,0
8426,"Jacarand","15/02/2011 15:15","Medio (4 - 8 mts)",42,"Mediano",-68.8375618857,-32.9009487781,2,"Barrio Civico",2366816.36021,0,0.843209173852189,0
26951,"Fresno europeo","01/11/2011 16:44","Medio (4 - 8 mts)",100,"Grande",-68.8367881829,-32.8873282575,3,"Parque O'Higgins",1531146.02653,0,0.518790466849079,0
31612,"Morera","10/06/2011 09:37","Alto (> 8 mts)",135,"Grande",-68.8608253499,-32.8878861081,5,"Residencial Sur",2423808.92355,0,0.0137909193648948,0
12229,"Fresno europeo","18/01/2011 11:15","Bajo (2 - 4 mts)",30,"Mediano",-68.8452668816,-32.867625875,4,"Cuarta Oeste",1173332.70145,0,0.8088450023641,0
11703,"Acer","31/01/2011 09:52","Medio (4 - 8 mts)",62,"Grande",-68.8508511336,-32.868626279,6,"Residencial Norte",2694682.37982,0,0.728742101888218,0
23415,"Morera","26/01/2011 19:13","Alto (> 8 mts)",120,"Grande",-68.8501183223,-32.9022997971,2,"Barrio Civico",2366816.36021,0,0.124057350506157,0
36243,"Fresno europeo","17/03/2011 13:04","Alto (> 8 mts)",127,"Grande",-68.8544528979,-32.8785169126,6,"Residencial Norte",2694682.37982,0,0.909576636863867,0
8676,"Fresno europeo","02/02/2011 10:45","Alto (> 8 mts)",102,"Grande",-68.8393822424,-32.9035642652,2,"Barrio Civico",2366816.36021,0,0.545207297692658,0
45483,"Morera","19/09/2011 10:19","Alto (> 8 mts)",160,"Grande",-68.8221942575,-32.8721751119,4,"Cuarta Este Área Fundacional",1822015.85685,0,0.393776888183827,0
36121,"Morera","05/04/2011 10:36","Alto (> 8 mts)",145,"Grande",-68.854973647,-32.877316506,6,"Residencial Norte",2694682.37982,0,0.649144177570477,0
42776,"Fresno europeo","30/09/2011 13:05","Bajo (2 - 4 mts)",30,"Mediano",-68.8295413251,-32.8788934869,4,"Cuarta Este Área Fundacional",1822015.85685,0,0.449551835967972,0
3614,"Morera","29/08/2011 09:49","Medio (4 - 8 mts)",100,"Grande",-68.8265422369,-32.8700780263,4,"Cuarta Este Área Fundacional",1822015.85685,0,0.68355192929759,0
16195,"Morera","15/07/2011 11:12","Alto (> 8 mts)",220,"Grande",-68.8438105567,-32.8705045465,4,"Cuarta Oeste",1173332.70145,0,0.330142038460952,0
15842,"Paraiso","25/11/2011 11:24","Muy bajo (1 - 2 mts)",12,"Chico",-68.8725564157,-32.8774067487,7,"Residencial Parque",1786336.08966,0,0.838549875929387,0
45446,"Morera","09/09/2011 08:50","Alto (> 8 mts)",270,"Grande",-68.8247778684,-32.8727467344,4,"Cuarta Este Área Fundacional",1822015.85685,0,0.425173723239084,0
32010,"Morera","03/06/2011 11:01","Alto (> 8 mts)",143,"Grande",-68.8580233902,-32.8873039821,5,"Residencial Sur",2423808.92355,0,0.0865601434946667,0
18677,"Morera","05/07/2011 09:45","Alto (> 8 mts)",175,"Grande",-68.8363644498,-32.8741604138,4,"Cuarta Oeste",1173332.70145,0,0.76872607197442,0
7526,"Prunas","09/06/2011 13:44","Muy bajo (1 - 2 mts)",30,"Mediano",-68.8589418972,-32.8814109455,7,"Residencial Parque",1786336.08966,0,0.472989437966727,0
38636,"Morera","16/12/2010 10:25","Alto (> 8 mts)",80,"Grande",-68.8511990514,-32.8713586213,6,"Residencial Norte",2694682.37982,0,0.483682086696548,0
30191,"Morera","09/03/2011 10:27","Alto (> 8 mts)",140,"Grande",-68.843019757,-32.8894832016,2,"Barrio Civico",2366816.36021,1,0.895069218388488,0
16075,"Paraiso","21/07/2011 10:40","Alto (> 8 mts)",106,"Grande",-68.8450311407,-32.8724454285,6,"Residencial Norte",2694682.37982,0,0.165205421851192,0
41291,"Pltano","11/04/2011 10:38","Alto (> 8 mts)",158,"Grande",-68.839809186,-32.8816555086,1,"Parque Central",1655357.93265,0,0.651619773059436,0
19327,"Morera","19/07/2011 13:47","Alto (> 8 mts)",150,"Grande",-68.8356866299,-32.8708835812,4,"Cuarta Oeste",1173332.70145,0,0.439356336929544,0
26820,"Pltano","09/11/2011 12:15","Alto (> 8 mts)",240,"Grande",-68.8339785655,-32.8939208096,3,"Parque O'Higgins",1531146.02653,0,0.144771979378935,0
44364,"Acacia SP","17/10/2011 12:50","Alto (> 8 mts)",168,"Grande",-68.8364421842,-32.8823732678,1,"Parque Central",1655357.93265,1,0.519817056421735,0
3434,"Morera","19/08/2011 09:28","Alto (> 8 mts)",120,"Grande",-68.829053863,-32.8673116067,4,"Cuarta Este Área Fundacional",1822015.85685,0,0.058168015513258,0
20322,"Morera","16/05/2011 09:14","Alto (> 8 mts)",104,"Grande",-68.8622722175,-32.8926154604,5,"Residencial Sur",2423808.92355,0,0.697068125792515,0
12963,"Olmo bola","12/01/2011 12:01","Alto (> 8 mts)",140,"Grande",-68.8442611973,-32.8634041017,4,"Cuarta Oeste",1173332.70145,0,0.699997441823666,0
25381,"Olmo comun","10/02/2011 08:36","Alto (> 8 mts)",138,"Grande",-68.8377186686,-32.8995981843,2,"Barrio Civico",2366816.36021,0,0.809988177773334,0
18323,"Pltano","01/08/2011 13:07","Alto (> 8 mts)",180,"Grande",-68.8375063333,-32.8677513078,4,"Cuarta Oeste",1173332.70145,0,0.568833154711535,0
18495,"Morera","07/07/2011 10:23","Alto (> 8 mts)",190,"Grande",-68.8382219292,-32.8731384156,4,"Cuarta Oeste",1173332.70145,0,0.494087520042472,0
37221,"Morera","11/03/2011 11:21","Bajo (2 - 4 mts)",16,"Chico",-68.85744658,-32.8736146575,6,"Residencial Norte",2694682.37982,0,0.0157260217751856,0
31403,"Pltano","23/05/2011 10:35","Alto (> 8 mts)",220,"Grande",-68.8506977507,-32.8851020849,1,"Parque Central",1655357.93265,0,0.00595485552215358,0
40247,"Pltano","14/04/2011 11:37","Alto (> 8 mts)",206,"Grande",-68.8455534651,-32.8825938217,1,"Parque Central",1655357.93265,0,0.246884301518098,0
27128,"Pltano","27/10/2011 10:50","Muy bajo (1 - 2 mts)",9,"Chico",-68.8392360157,-32.8905102003,3,"Parque O'Higgins",1531146.02653,0,0.995883024769228,0
7610,"Fresno americano","03/06/2011 16:27","Bajo (2 - 4 mts)",18,"Chico",-68.8588819657,-32.8825247752,7,"Residencial Parque",1786336.08966,0,0.862198219379305,0
40262,"Acer","14/04/2011 09:53","Medio (4 - 8 mts)",120,"Grande",-68.8464621169,-32.882105141,1,"Parque Central",1655357.93265,0,0.306986095267323,0
19898,"Paraiso","29/06/2011 09:20","Alto (> 8 mts)",205,"Grande",-68.8329073144,-32.8623008949,4,"Cuarta Oeste",1173332.70145,0,0.593966852132506,0
24679,"Paraiso","20/01/2011 11:36","Medio (4 - 8 mts)",57,"Mediano",-68.8433252399,-32.8964419348,2,"Barrio Civico",2366816.36021,0,0.551781514710588,0
12579,"Morera","11/01/2011 12:32","Alto (> 8 mts)",120,"Grande",-68.8452339918,-32.862708723,4,"Cuarta Oeste",1173332.70145,0,0.0967383525628999,0
10449,"Morera","09/03/2011 12:58","Medio (4 - 8 mts)",60,"Mediano",-68.8561786801,-32.8738107132,6,"Residencial Norte",2694682.37982,0,0.308577442327886,0
33447,"Morera","15/06/2011 11:34","Muy bajo (1 - 2 mts)",5,"Chico",-68.8565481822,-32.8886842319,5,"Residencial Sur",2423808.92355,0,0.703644752766373,0
21025,"Morera","22/06/2011 11:24","Alto (> 8 mts)",138,"Grande",-68.8638043908,-32.9010390971,5,"Residencial Sur",2423808.92355,0,0.297683230156797,0
26077,"Paraiso","04/11/2011 17:27","Bajo (2 - 4 mts)",16,"Chico",-68.8333897535,-32.8861236182,3,"Parque O'Higgins",1531146.02653,0,0.329501640774015,0
35804,"Morera","21/03/2011 11:38","Medio (4 - 8 mts)",110,"Grande",-68.8537194417,-32.874416083,6,"Residencial Norte",2694682.37982,0,0.77459406008717,0
35423,"Prunas","23/03/2011 12:40","Medio (4 - 8 mts)",30,"Mediano",-68.8551682864,-32.8810031575,6,"Residencial Norte",2694682.37982,0,0.631402468330106,0
21973,"Morera","30/05/2011 11:44","Alto (> 8 mts)",165,"Grande",-68.8580379882,-32.8949821317,5,"Residencial Sur",2423808.92355,0,0.223178494531019,0
16829,"Morera","08/08/2011 13:59","Alto (> 8 mts)",75,"Grande",-68.8383622891,-32.8645055937,4,"Cuarta Oeste",1173332.70145,0,0.676156445767839,0
41067,"Morera","28/04/2011 11:39","Alto (> 8 mts)",122,"Grande",-68.8387440864,-32.8831887305,1,"Parque Central",1655357.93265,1,0.0755798689701671,0
2631,"Jacarand","26/10/2011 13:05","Bajo (2 - 4 mts)",50,"Mediano",-68.8324402823,-32.8804986473,3,"Parque O'Higgins",1531146.02653,0,0.659005554921395,0
41817,"lamo blanco","26/04/2011 10:07","Bajo (2 - 4 mts)",22,"Mediano",-68.8429771923,-32.8782551842,1,"Parque Central",1655357.93265,0,0.705597864403341,0
14378,"Paraiso sombrilla","01/12/2011 11:30","Bajo (2 - 4 mts)",66,"Grande",-68.8784150023,-32.8664222832,8,"Aeroparque",2203364.73622,0,0.454726650437034,0
17596,"Morera","19/07/2011 11:01","Alto (> 8 mts)",236,"Grande",-68.8427491183,-32.8664349014,4,"Cuarta Oeste",1173332.70145,0,0.71570239232863,0
22222,"Fresno europeo","18/05/2011 08:56","Medio (4 - 8 mts)",88,"Grande",-68.855719839,-32.8989599435,5,"Residencial Sur",2423808.92355,0,0.0468053391990562,0
31896,"Morera","01/06/2011 13:44","Medio (4 - 8 mts)",100,"Grande",-68.8587019573,-32.8841272326,5,"Residencial Sur",2423808.92355,0,0.14574005623045,0
39423,"Paraiso","12/11/2010 11:30","Alto (> 8 mts)",180,"Grande",-68.8557612637,-32.8704239485,6,"Residencial Norte",2694682.37982,0,0.984559132335926,0
43298,"Fresno europeo","07/10/2011 11:35","Alto (> 8 mts)",128,"Grande",-68.8334204466,-32.8798956402,1,"Parque Central",1655357.93265,0,0.456958833411317,0
11801,"Olmo bola","02/03/2011 10:55","Medio (4 - 8 mts)",50,"Mediano",-68.8508083501,-32.8648026066,6,"Residencial Norte",2694682.37982,0,0.951242150552552,0
47118,"Fresno americano","20/09/2011 11:34","Alto (> 8 mts)",125,"Grande",-68.8325496911,-32.8738608722,4,"Cuarta Este Área Fundacional",1822015.85685,0,0.74928098285626,0
11813,"Paraiso","02/03/2011 12:52","Alto (> 8 mts)",155,"Grande",-68.850473569,-32.8652505144,6,"Residencial Norte",2694682.37982,0,0.79900196324537,0
31671,"Morera","14/06/2011 10:28","Muy bajo (1 - 2 mts)",5,"Chico",-68.8589138371,-32.8889166742,5,"Residencial Sur",2423808.92355,0,0.72558483649384,0
6949,"Morera","07/06/2011 09:45","Medio (4 - 8 mts)",78,"Grande",-68.8576830856,-32.8958260943,5,"Residencial Sur",2423808.92355,0,0.71367092346785,0
33530,"Pltano","16/06/2011 11:46","Alto (> 8 mts)",190,"Grande",-68.8556265011,-32.8888600084,5,"Residencial Sur",2423808.92355,0,0.950498252230621,0
47630,"Pltano","08/09/2011 10:25","Alto (> 8 mts)",170,"Grande",-68.830450034,-32.8715046745,4,"Cuarta Este Área Fundacional",1822015.85685,0,0.630031091063891,0
34058,"Morera","30/05/2011 12:38","Alto (> 8 mts)",140,"Grande",-68.8563410721,-32.8849050923,5,"Residencial Sur",2423808.92355,1,0.427957538745977,0
8154,"Perenne","02/03/2011 10:47","Medio (4 - 8 mts)",76,"Grande",-68.8451744595,-32.8916820989,2,"Barrio Civico",2366816.36021,0,0.982175063061979,0
7553,"Pltano","17/06/2011 09:55","Medio (4 - 8 mts)",160,"Grande",-68.8559218257,-32.8827366244,5,"Residencial Sur",2423808.92355,0,0.289635785387987,0
2719,"Fresno americano","12/10/2011 14:14","Medio (4 - 8 mts)",80,"Grande",-68.8314338644,-32.8826333784,3,"Parque O'Higgins",1531146.02653,0,0.63229541535387,0
23059,"Morera","14/06/2011 13:40","Alto (> 8 mts)",108,"Grande",-68.8625875539,-32.9019772494,5,"Residencial Sur",2423808.92355,0,0.308740424804162,0
12424,"Braquiquito","24/01/2011 09:45","Bajo (2 - 4 mts)",15,"Chico",-68.848478855,-32.8664785243,6,"Residencial Norte",2694682.37982,0,0.646296933492206,0
11682,"Acer","27/01/2011 10:08","Alto (> 8 mts)",130,"Grande",-68.8498125281,-32.8677968857,6,"Residencial Norte",2694682.37982,0,0.504508303514933,0
19605,"Morera","11/07/2011 09:36","Alto (> 8 mts)",77,"Grande",-68.8369131748,-32.8715172738,4,"Cuarta Oeste",1173332.70145,1,0.563969184934557,0
37969,"Fresno europeo","27/08/2010 10:27","Bajo (2 - 4 mts)",54,"Mediano",-68.8482460321,-32.8741498774,6,"Residencial Norte",2694682.37982,0,0.84372631104315,0
25830,"Morera","03/02/2011 18:34","Alto (> 8 mts)",132,"Grande",-68.8396437782,-32.9026013494,2,"Barrio Civico",2366816.36021,0,0.819336677972162,0
17260,"Fresno europeo","05/08/2011 11:12","Alto (> 8 mts)",140,"Grande",-68.8356323557,-32.8647993257,4,"Cuarta Oeste",1173332.70145,0,0.204601572725712,0
21620,"Pltano","10/06/2011 11:11","Alto (> 8 mts)",290,"Grande",-68.8542814783,-32.8960937848,5,"Residencial Sur",2423808.92355,1,0.0858025988418964,0
42594,"Morera","23/09/2011 10:19","Alto (> 8 mts)",180,"Grande",-68.8270926693,-32.8767270411,4,"Cuarta Este Área Fundacional",1822015.85685,0,0.631786851169421,0
18448,"Paraiso","11/07/2011 09:54","Alto (> 8 mts)",178,"Grande",-68.8397549006,-32.8730432764,4,"Cuarta Oeste",1173332.70145,0,0.273681191906721,0
21399,"Morera","11/05/2011 09:48","Alto (> 8 mts)",195,"Grande",-68.8548976204,-32.8924071834,5,"Residencial Sur",2423808.92355,0,0.6643700681324,0
40137,"Perenne","14/04/2011 08:54","Medio (4 - 8 mts)",240,"Grande",-68.8434182383,-32.880150555,1,"Parque Central",1655357.93265,0,0.555823028174864,0
18967,"Morera","04/08/2011 09:07","Alto (> 8 mts)",250,"Grande",-68.8376299076,-32.8688908494,4,"Cuarta Oeste",1173332.70145,0,0.396003234302247,0
24599,"Fresno europeo","07/02/2011 10:43","Alto (> 8 mts)",290,"Grande",-68.8432942531,-32.9031135913,2,"Barrio Civico",2366816.36021,0,0.207955214566531,0
21591,"Aguaribay","12/05/2011 10:13","Alto (> 8 mts)",220,"Grande",-68.8547380841,-32.8935595553,5,"Residencial Sur",2423808.92355,0,0.119973262881388,0
10190,"Paraiso sombrilla","20/12/2010 09:52","Medio (4 - 8 mts)",70,"Grande",-68.8524685553,-32.8711498291,6,"Residencial Norte",2694682.37982,0,0.471814860337289,0
47980,"Morera","31/08/2011 10:02","Alto (> 8 mts)",126,"Grande",-68.8263902247,-32.8700815015,4,"Cuarta Este Área Fundacional",1822015.85685,0,0.451008676277904,0
16285,"Morera","21/07/2011 10:02","Alto (> 8 mts)",300,"Grande",-68.8422462481,-32.8642924296,4,"Cuarta Oeste",1173332.70145,1,0.344138372407793,0
5686,"Paraiso sombrilla","29/04/2011 13:33","Alto (> 8 mts)",152,"Grande",-68.8394204158,-32.8753129687,1,"Parque Central",1655357.93265,0,0.216103396249611,0
37042,"Pltano","05/04/2011 11:46","Medio (4 - 8 mts)",110,"Grande",-68.857143627,-32.8759210001,6,"Residencial Norte",2694682.37982,0,0.823863830893762,0
21864,"Morera","07/06/2011 09:22","Alto (> 8 mts)",148,"Grande",-68.8583870576,-32.8958420175,5,"Residencial Sur",2423808.92355,0,0.902648245863262,0
13173,"Fresno europeo","18/02/2011 09:56","Medio (4 - 8 mts)",112,"Grande",-68.8465715502,-32.8660969963,4,"Cuarta Oeste",1173332.70145,0,0.311294868487167,0
5200,"Caducifolio","08/08/2011 09:30","Bajo (2 - 4 mts)",40,"Mediano",-68.8392080712,-32.8694168508,4,"Cuarta Oeste",1173332.70145,0,0.801870089976091,0
14867,"Paraiso sombrilla","16/12/2011 12:05","Medio (4 - 8 mts)",96,"Grande",-68.8804046369,-32.8738172937,8,"Aeroparque",2203364.73622,0,0.559390898356935,0
21152,"Paraiso","06/05/2011 12:12","Medio (4 - 8 mts)",105,"Grande",-68.8530327613,-32.8928254967,5,"Residencial Sur",2423808.92355,0,0.611139886972143,0
6830,"Morera","24/05/2011 10:07","Alto (> 8 mts)",113,"Grande",-68.8618992996,-32.8943201862,5,"Residencial Sur",2423808.92355,0,0.873391702737284,0
2363,"Morera","03/11/2011 16:16","Medio (4 - 8 mts)",80,"Grande",-68.8342403723,-32.8874285317,3,"Parque O'Higgins",1531146.02653,0,0.0282094182805254,0
14402,"Jacarand","02/12/2011 10:09","Bajo (2 - 4 mts)",35,"Mediano",-68.878645814,-32.8672603861,8,"Aeroparque",2203364.73622,0,0.965572810788076,0
19530,"Morera","26/07/2011 10:49","Alto (> 8 mts)",200,"Grande",-68.8370281479,-32.8711658531,4,"Cuarta Oeste",1173332.70145,0,0.399228360202595,0
11192,"Jacarand","27/01/2011 11:52","Bajo (2 - 4 mts)",40,"Mediano",-68.8447117678,-32.9010465246,2,"Barrio Civico",2366816.36021,0,0.903810731413463,0
37772,"Fresno europeo","25/01/2012 08:45","Alto (> 8 mts)",168,"Grande",-68.8492741285,-32.8725097677,6,"Residencial Norte",2694682.37982,0,0.0481643658896498,0
25725,"Fresno americano","03/02/2011 12:45","Bajo (2 - 4 mts)",11,"Chico",-68.8405670228,-32.9016045921,2,"Barrio Civico",2366816.36021,0,0.174544588027756,0
10668,"Morera","22/03/2011 13:18","Bajo (2 - 4 mts)",42,"Mediano",-68.853053078,-32.8754030977,6,"Residencial Norte",2694682.37982,0,0.217148737833983,0
22969,"Fresno europeo","01/06/2011 13:32","Alto (> 8 mts)",98,"Grande",-68.8567582675,-32.899457518,5,"Residencial Sur",2423808.92355,0,0.286774947880386,0
41867,"Conifera","04/05/2011 11:04","Alto (> 8 mts)",60,"Mediano",-68.8414849119,-32.8782878368,1,"Parque Central",1655357.93265,0,0.709325867326147,0
15990,"Conifera","10/08/2011 10:25","Alto (> 8 mts)",47,"Mediano",-68.8437757203,-32.8723076272,4,"Cuarta Oeste",1173332.70145,0,0.701491473905941,0
35439,"Fresno europeo","23/03/2011 10:33","Alto (> 8 mts)",112,"Grande",-68.8552464989,-32.8819740504,6,"Residencial Norte",2694682.37982,0,0.853511668378542,0
48153,"Morera","17/08/2011 10:27","Alto (> 8 mts)",175,"Grande",-68.8302953629,-32.8684418091,4,"Cuarta Este Área Fundacional",1822015.85685,0,0.712925608419049,0
34006,"Pltano","27/05/2011 10:31","Alto (> 8 mts)",150,"Grande",-68.8533503754,-32.8850537367,5,"Residencial Sur",2423808.92355,1,0.926678135847104,0
28532,"Morera","21/02/2011 10:24","Alto (> 8 mts)",128,"Grande",-68.848443156,-32.8891532181,5,"Residencial Sur",2423808.92355,0,0.0149172673794544,0
43887,"Pltano","11/10/2011 09:42","Alto (> 8 mts)",310,"Grande",-68.8333906425,-32.8837347215,3,"Parque O'Higgins",1531146.02653,0,0.692470167400135,0
4415,"Jacarand","12/08/2011 10:04","Bajo (2 - 4 mts)",14,"Chico",-68.834937067,-32.8685060501,4,"Cuarta Oeste",1173332.70145,1,0.0484475753170387,0
10139,"Fresno europeo","28/12/2010 13:38","Muy bajo (1 - 2 mts)",11,"Chico",-68.8552284056,-32.8713216415,6,"Residencial Norte",2694682.37982,0,0.747771604516663,0
37601,"Pltano","17/11/2010 11:29","Alto (> 8 mts)",170,"Grande",-68.8582152555,-32.8705021356,6,"Residencial Norte",2694682.37982,0,0.634529538594861,0
22828,"Fresno europeo","14/06/2011 12:02","Bajo (2 - 4 mts)",14,"Chico",-68.8574550885,-32.9019662755,5,"Residencial Sur",2423808.92355,0,0.341058076069547,0
15250,"Acacia SP","18/11/2011 17:07","Muy bajo (1 - 2 mts)",3,"Chico",-68.8589497935,-32.8710074641,6,"Residencial Norte",2694682.37982,1,0.938892957865119,0
38738,"Paraiso","01/11/2010 12:11","Alto (> 8 mts)",215,"Grande",-68.8501873652,-32.8702302958,6,"Residencial Norte",2694682.37982,0,0.315215504069843,0
31298,"Acer","25/02/2011 12:53","Medio (4 - 8 mts)",130,"Grande",-68.8484646315,-32.8649752902,6,"Residencial Norte",2694682.37982,0,0.744885734626055,0
28991,"Pltano","25/04/2011 08:58","Alto (> 8 mts)",200,"Grande",-68.8460240129,-32.8870869432,1,"Parque Central",1655357.93265,0,0.0642269522274864,0
45727,"Morera","24/08/2011 11:39","Medio (4 - 8 mts)",176,"Grande",-68.8216389822,-32.8687972071,4,"Cuarta Este Área Fundacional",1822015.85685,0,0.800724845677784,0
16109,"Morera","15/07/2011 10:25","Alto (> 8 mts)",92,"Grande",-68.8451467446,-32.8723280809,6,"Residencial Norte",2694682.37982,0,0.939210339865094,0
25503,"Olmo bola","07/02/2011 12:22","Alto (> 8 mts)",112,"Grande",-68.8410109548,-32.9014075972,2,"Barrio Civico",2366816.36021,0,0.0464497477914667,0
44795,"Fresno europeo","23/08/2011 09:31","Alto (> 8 mts)",175,"Grande",-68.824263431,-32.8691979374,4,"Cuarta Este Área Fundacional",1822015.85685,0,0.705343557607296,0
31846,"Pltano","30/06/2011 10:02","Alto (> 8 mts)",180,"Grande",-68.86154984,-32.8898685608,5,"Residencial Sur",2423808.92355,0,0.0743848549170639,0
5498,"Paraiso sombrilla","08/04/2011 12:27","Medio (4 - 8 mts)",190,"Grande",-68.843713341,-32.8805283339,1,"Parque Central",1655357.93265,1,0.449391072147024,0
34948,"Morera","04/04/2011 12:08","Alto (> 8 mts)",130,"Grande",-68.8571998575,-32.8795047551,7,"Residencial Parque",1786336.08966,1,0.766976913882532,0
25629,"Paraiso","15/02/2011 15:31","Alto (> 8 mts)",104,"Grande",-68.8378144823,-32.901131452,2,"Barrio Civico",2366816.36021,0,0.622546954445493,0
1915,"Paraiso","18/11/2011 11:53","Medio (4 - 8 mts)",35,"Mediano",-68.8597482882,-32.871631256,6,"Residencial Norte",2694682.37982,0,0.973931707891656,0
10600,"Morera","31/03/2011 10:09","Alto (> 8 mts)",90,"Grande",-68.8495275213,-32.8765320124,6,"Residencial Norte",2694682.37982,1,0.293489296266679,0
38243,"Paraiso","18/01/2012 10:40","Alto (> 8 mts)",160,"Grande",-68.8471749346,-32.8729903448,6,"Residencial Norte",2694682.37982,0,0.149306461385313,0
27287,"Prunas","31/10/2011 09:05","Medio (4 - 8 mts)",15,"Chico",-68.8343508128,-32.8891417298,3,"Parque O'Higgins",1531146.02653,0,0.000330390124623325,0
28579,"Morera","22/02/2011 09:56","Bajo (2 - 4 mts)",11,"Chico",-68.8487313267,-32.8902359865,5,"Residencial Sur",2423808.92355,0,0.957188645853839,0
39595,"Pltano","25/10/2010 10:06","Alto (> 8 mts)",180,"Grande",-68.8475517248,-32.8687901712,6,"Residencial Norte",2694682.37982,0,0.217027253987677,0
32952,"Morera","23/05/2011 10:42","Alto (> 8 mts)",170,"Grande",-68.8500229572,-32.8885712195,5,"Residencial Sur",2423808.92355,0,0.292521260515554,0
18794,"Paraiso","07/07/2011 10:32","Alto (> 8 mts)",166,"Grande",-68.8374823183,-32.8729502653,4,"Cuarta Oeste",1173332.70145,0,0.940276463768074,0
24873,"Pltano","16/02/2011 13:42","Alto (> 8 mts)",280,"Grande",-68.8393398973,-32.896490258,2,"Barrio Civico",2366816.36021,0,0.580495171824668,0
24754,"Morera","15/02/2011 12:59","Medio (4 - 8 mts)",56,"Mediano",-68.8397833276,-32.8961484072,2,"Barrio Civico",2366816.36021,0,0.493279413984975,0
34777,"Morera","30/03/2011 09:53","Alto (> 8 mts)",125,"Grande",-68.8513391707,-32.8791060571,6,"Residencial Norte",2694682.37982,1,0.804146521442381,0
9601,"Fresno europeo","28/01/2011 09:43","Alto (> 8 mts)",140,"Grande",-68.8505812854,-32.8636701254,6,"Residencial Norte",2694682.37982,0,0.679653391270285,0
37962,"Acer","27/08/2010 10:57","Alto (> 8 mts)",174,"Grande",-68.8476540533,-32.8742661589,6,"Residencial Norte",2694682.37982,0,0.149205083162143,0
26174,"Acacia SP","20/10/2011 10:30","Medio (4 - 8 mts)",90,"Grande",-68.8326502529,-32.8879564464,3,"Parque O'Higgins",1531146.02653,1,0.691670167578065,0
140,"Fresno europeo","29/02/2012 09:51","Bajo (2 - 4 mts)",36,"Mediano",-68.8581197222,-32.8640958771,6,"Residencial Norte",2694682.37982,0,0.0944414759811402,0
42622,"Fresno europeo","28/09/2011 09:18","Muy bajo (1 - 2 mts)",8,"Chico",-68.8279441821,-32.8764375437,4,"Cuarta Este Área Fundacional",1822015.85685,0,0.412148735862824,0
21112,"Morera","21/06/2011 10:08","Alto (> 8 mts)",135,"Grande",-68.8633838111,-32.8992665426,5,"Residencial Sur",2423808.92355,1,0.054995594837511,0
21639,"Fresno europeo","10/06/2011 09:00","Alto (> 8 mts)",81,"Grande",-68.8545312219,-32.8965875376,5,"Residencial Sur",2423808.92355,0,0.494763577850956,0
45454,"Fresno europeo","16/09/2011 11:18","Alto (> 8 mts)",95,"Grande",-68.8223857705,-32.8713064009,4,"Cuarta Este Área Fundacional",1822015.85685,0,0.553544575871578,0
3377,"Fresno americano","28/09/2011 12:08","Medio (4 - 8 mts)",70,"Grande",-68.8293941327,-32.8756540268,4,"Cuarta Este Área Fundacional",1822015.85685,0,0.387759169134227,0
31950,"Morera","02/06/2011 13:38","Medio (4 - 8 mts)",120,"Grande",-68.860664679,-32.8842271321,5,"Residencial Sur",2423808.92355,0,0.111166159282851,0
7856,"Fresno europeo","02/06/2011 13:53","Medio (4 - 8 mts)",66,"Grande",-68.8603643584,-32.8844469932,5,"Residencial Sur",2423808.92355,0,0.127812948188435,0
3495,"Paraiso","19/08/2011 10:26","Medio (4 - 8 mts)",120,"Grande",-68.8240945459,-32.8676308629,4,"Cuarta Este Área Fundacional",1822015.85685,0,0.501732605576392,0
47342,"Pltano","21/09/2011 10:27","Alto (> 8 mts)",120,"Grande",-68.8320480513,-32.8742945455,4,"Cuarta Este Área Fundacional",1822015.85685,0,0.486495911028284,0
10573,"Olmo bola","28/03/2011 10:06","Bajo (2 - 4 mts)",6,"Chico",-68.8536681221,-32.8764497455,6,"Residencial Norte",2694682.37982,0,0.884411662503484,0
29683,"Pltano","02/03/2011 19:08","Alto (> 8 mts)",106,"Grande",-68.8404529599,-32.8942798358,2,"Barrio Civico",2366816.36021,0,0.55306892715955,0
5836,"Paraiso","03/05/2011 11:20","Medio (4 - 8 mts)",70,"Grande",-68.8434463169,-32.8736142966,1,"Parque Central",1655357.93265,1,0.501160388623101,0
42798,"Fresno europeo","04/10/2011 13:34","Medio (4 - 8 mts)",60,"Mediano",-68.8320495251,-32.8776588447,4,"Cuarta Este Área Fundacional",1822015.85685,0,0.346512152958509,0
24770,"Pltano","15/02/2011 12:15","Alto (> 8 mts)",254,"Grande",-68.8405912462,-32.8956600499,2,"Barrio Civico",2366816.36021,0,0.299834806359539,0
9456,"Jacarand","11/02/2011 13:16","Medio (4 - 8 mts)",45,"Mediano",-68.857146219,-32.8651611323,6,"Residencial Norte",2694682.37982,0,0.326550266666707,0
43893,"Pltano","11/10/2011 09:33","Alto (> 8 mts)",210,"Grande",-68.8327484706,-32.8837445043,3,"Parque O'Higgins",1531146.02653,0,0.845235462298057,0
45962,"Morera","25/08/2011 10:55","Alto (> 8 mts)",137,"Grande",-68.8183755094,-32.8695427373,4,"Cuarta Este Área Fundacional",1822015.85685,0,0.0822007700555153,0
45647,"Morera","21/09/2011 13:05","Alto (> 8 mts)",112,"Grande",-68.8214268491,-32.8721903682,4,"Cuarta Este Área Fundacional",1822015.85685,1,0.867271474824553,0
26091,"Morera","04/11/2011 16:36","Medio (4 - 8 mts)",130,"Grande",-68.8327390638,-32.8871023025,3,"Parque O'Higgins",1531146.02653,0,0.890540692978035,0
36600,"Pltano","15/06/2011 15:18","Medio (4 - 8 mts)",130,"Grande",-68.8569651634,-32.8821175033,7,"Residencial Parque",1786336.08966,0,0.669555994908693,0
34998,"Fresno europeo","31/03/2011 10:37","Medio (4 - 8 mts)",55,"Mediano",-68.8552644397,-32.879604732,6,"Residencial Norte",2694682.37982,0,0.821152085293304,0
35306,"Morera","23/06/2011 16:00","Medio (4 - 8 mts)",110,"Grande",-68.8526360258,-32.8825941284,1,"Parque Central",1655357.93265,0,0.596768982579237,0
46761,"Morera","05/09/2011 11:02","Alto (> 8 mts)",193,"Grande",-68.8333360978,-32.8703955405,4,"Cuarta Oeste",1173332.70145,0,0.385306944682644,0
48225,"Morera","02/09/2011 14:00","Alto (> 8 mts)",132,"Grande",-68.8300407379,-32.8708547578,4,"Cuarta Este Área Fundacional",1822015.85685,0,0.97445905572381,0
7814,"Jacarand","11/05/2011 10:22","Muy bajo (1 - 2 mts)",8,"Chico",-68.8581127115,-32.8849946411,5,"Residencial Sur",2423808.92355,0,0.813731046547568,0
39334,"Paraiso","30/12/2010 10:33","Alto (> 8 mts)",170,"Grande",-68.8565511496,-32.871583985,6,"Residencial Norte",2694682.37982,0,0.602581818217587,0
30273,"Pltano","04/03/2011 13:04","Alto (> 8 mts)",164,"Grande",-68.8417099066,-32.8895187209,3,"Parque O'Higgins",1531146.02653,0,0.886076181467229,0
35515,"Morera","17/06/2011 13:17","Medio (4 - 8 mts)",110,"Grande",-68.8560774204,-32.8833253844,5,"Residencial Sur",2423808.92355,0,0.314955841970777,0
34944,"Fresno europeo","04/04/2011 12:16","Alto (> 8 mts)",70,"Grande",-68.857059614,-32.8792651051,7,"Residencial Parque",1786336.08966,0,0.277378437935422,0
12176,"Morera","19/01/2011 12:26","Alto (> 8 mts)",183,"Grande",-68.8474300016,-32.8681428531,6,"Residencial Norte",2694682.37982,0,0.8538495552046,0
9816,"Prunas","12/01/2011 09:50","Muy bajo (1 - 2 mts)",6,"Chico",-68.8453815623,-32.8638252197,4,"Cuarta Oeste",1173332.70145,0,0.0725621185963752,0
22987,"Morera","02/06/2011 11:08","Alto (> 8 mts)",132,"Grande",-68.856483107,-32.9004329892,5,"Residencial Sur",2423808.92355,1,0.553856491814043,0
32000,"Morera","03/06/2011 11:28","Alto (> 8 mts)",133,"Grande",-68.8588297455,-32.8871540418,5,"Residencial Sur",2423808.92355,0,0.26653019272868,0
43839,"Morera","07/10/2011 09:52","Medio (4 - 8 mts)",86,"Grande",-68.8306037374,-32.8849523198,3,"Parque O'Higgins",1531146.02653,0,0.904598838047417,0
18575,"Morera","07/07/2011 10:08","Alto (> 8 mts)",150,"Grande",-68.8364051228,-32.8737740011,4,"Cuarta Oeste",1173332.70145,0,0.615356839127015,0
3221,"Prunas","23/09/2011 09:05","Bajo (2 - 4 mts)",25,"Mediano",-68.8205770473,-32.8715435684,4,"Cuarta Este Área Fundacional",1822015.85685,0,0.334881490590473,0
18820,"Morera","09/08/2011 11:54","Alto (> 8 mts)",124,"Grande",-68.8352295258,-32.8690928463,4,"Cuarta Oeste",1173332.70145,0,0.76843767492279,0
34161,"Morera","10/03/2011 12:57","Medio (4 - 8 mts)",60,"Mediano",-68.8568193316,-32.8730548655,6,"Residencial Norte",2694682.37982,0,0.0832545772617275,0
26289,"Pltano","21/10/2011 10:13","Alto (> 8 mts)",160,"Grande",-68.8314583679,-32.8899488544,3,"Parque O'Higgins",1531146.02653,0,0.841156413582019,0
10183,"Morera","17/12/2010 11:17","Bajo (2 - 4 mts)",12,"Chico",-68.8523715563,-32.8705078814,6,"Residencial Norte",2694682.37982,0,0.154226789497355,0
3533,"Paraiso","07/09/2011 11:51","Alto (> 8 mts)",220,"Grande",-68.8335058275,-32.8686056085,4,"Cuarta Oeste",1173332.70145,0,0.984580889361473,0
43373,"Morera","25/10/2011 17:00","Muy bajo (1 - 2 mts)",8,"Chico",-68.8337429057,-32.8807395875,3,"Parque O'Higgins",1531146.02653,0,0.589822492423559,0
38545,"Morera","20/12/2010 10:46","Alto (> 8 mts)",250,"Grande",-68.8532798634,-32.8716794675,6,"Residencial Norte",2694682.37982,0,0.632835517182535,0
12997,"Morera","15/02/2011 11:51","Muy bajo (1 - 2 mts)",6,"Chico",-68.8445328946,-32.8652107643,4,"Cuarta Oeste",1173332.70145,0,0.208925191048217,0
36181,"Pltano","31/03/2011 10:57","Alto (> 8 mts)",160,"Grande",-68.8562064451,-32.8772126845,6,"Residencial Norte",2694682.37982,0,0.662679490236786,0
22977,"Fresno europeo","02/06/2011 11:16","Alto (> 8 mts)",56,"Mediano",-68.856966932,-32.8999729827,5,"Residencial Sur",2423808.92355,0,0.668220369628696,0
9893,"Paraiso","14/02/2011 09:52","Alto (> 8 mts)",190,"Grande",-68.8569629355,-32.8647136216,6,"Residencial Norte",2694682.37982,0,0.867678751625335,0
42872,"Acacia SP","03/10/2011 10:47","Alto (> 8 mts)",110,"Grande",-68.8322825228,-32.8768869581,4,"Cuarta Este Área Fundacional",1822015.85685,1,0.100181305576732,0
33027,"Morera","19/05/2011 10:32","Alto (> 8 mts)",169,"Grande",-68.8513331843,-32.8873405714,5,"Residencial Sur",2423808.92355,0,0.714229385715194,0
40660,"Fresno europeo","13/04/2011 09:27","Medio (4 - 8 mts)",30,"Mediano",-68.8436538958,-32.8842479058,1,"Parque Central",1655357.93265,0,0.214192016084456,0
23195,"Paraiso","18/01/2011 12:42","Medio (4 - 8 mts)",120,"Grande",-68.8485047537,-32.9011030231,2,"Barrio Civico",2366816.36021,0,0.46497394294482,0
28066,"Morera","21/02/2011 17:59","Alto (> 8 mts)",102,"Grande",-68.8502149671,-32.891334855,5,"Residencial Sur",2423808.92355,0,0.472425404255233,0
7490,"Morera","23/06/2011 10:43","Medio (4 - 8 mts)",90,"Grande",-68.863012729,-32.8999074946,5,"Residencial Sur",2423808.92355,0,0.437977474237025,0
37418,"Olmo bola","03/01/2011 12:54","Alto (> 8 mts)",165,"Grande",-68.8571357625,-32.8710973783,6,"Residencial Norte",2694682.37982,0,0.919724076842864,0
39264,"Paraiso","29/12/2010 10:06","Alto (> 8 mts)",160,"Grande",-68.8554342206,-32.8713975813,6,"Residencial Norte",2694682.37982,0,0.457584249939873,0
15973,"Perenne","15/08/2011 12:35","Bajo (2 - 4 mts)",60,"Mediano",-68.8436946874,-32.8727033571,4,"Cuarta Oeste",1173332.70145,0,0.474726480718191,0
12699,"Acacia visco","20/01/2011 09:44","Alto (> 8 mts)",80,"Grande",-68.8478075851,-32.8634336026,4,"Cuarta Oeste",1173332.70145,0,0.875656362713053,0
24830,"Morera","18/02/2011 09:48","Alto (> 8 mts)",210,"Grande",-68.8400046707,-32.8973359041,2,"Barrio Civico",2366816.36021,0,0.267050071500276,0
15192,"Paraiso","17/11/2011 13:26","Bajo (2 - 4 mts)",37,"Mediano",-68.8600704524,-32.8687051235,6,"Residencial Norte",2694682.37982,0,0.347635911092207,0
32199,"Fresno europeo","10/05/2011 11:07","Muy bajo (1 - 2 mts)",4,"Chico",-68.8589001449,-32.8850135938,5,"Residencial Sur",2423808.92355,0,0.10964239697554,0
332,"Caducifolio","07/03/2012 10:16","Muy bajo (1 - 2 mts)",4,"Chico",-68.8206314205,-32.8678089443,4,"Cuarta Este Área Fundacional",1822015.85685,0,0.407995675434382,0
46311,"Morera","28/09/2011 08:15","Alto (> 8 mts)",138,"Grande",-68.8245261909,-32.8734427956,4,"Cuarta Este Área Fundacional",1822015.85685,0,0.343237812478649,0
20693,"Paraiso","31/05/2011 12:01","Alto (> 8 mts)",115,"Grande",-68.8614777696,-32.8980220332,5,"Residencial Sur",2423808.92355,1,0.827839693917666,0
47791,"Morera","23/09/2011 12:43","Alto (> 8 mts)",150,"Grande",-68.8276476155,-32.8740062395,4,"Cuarta Este Área Fundacional",1822015.85685,0,0.51272915497325,0
38995,"Paraiso sombrilla","27/12/2010 13:09","Medio (4 - 8 mts)",50,"Mediano",-68.8548754919,-32.8705755755,6,"Residencial Norte",2694682.37982,0,0.865230551338549,0
13308,"Paraiso","25/02/2011 09:19","Alto (> 8 mts)",140,"Grande",-68.8476837756,-32.8655275311,6,"Residencial Norte",2694682.37982,0,0.593922665577167,0
11547,"Morera","23/02/2011 10:10","Medio (4 - 8 mts)",70,"Grande",-68.8538658899,-32.8657543479,6,"Residencial Norte",2694682.37982,0,0.745564210847524,0
2168,"Morera","08/11/2011 17:00","Bajo (2 - 4 mts)",30,"Mediano",-68.831384623,-32.8867588201,3,"Parque O'Higgins",1531146.02653,1,0.408391143896317,0
44340,"Pltano","18/10/2011 11:27","Alto (> 8 mts)",190,"Grande",-68.835362316,-32.8830652453,3,"Parque O'Higgins",1531146.02653,0,0.579133975135189,0
20843,"Morera","27/05/2011 09:44","Medio (4 - 8 mts)",64,"Grande",-68.8596671316,-32.8948419056,5,"Residencial Sur",2423808.92355,0,0.593419170387235,0
18251,"Ligustro","28/07/2011 13:57","Medio (4 - 8 mts)",35,"Mediano",-68.8395030987,-32.8679153158,4,"Cuarta Oeste",1173332.70145,0,0.878200830894463,0
33122,"Fresno europeo","27/06/2011 11:38","Alto (> 8 mts)",137,"Grande",-68.8540208072,-32.8902645852,5,"Residencial Sur",2423808.92355,0,0.612867230943774,0
43357,"Fresno europeo","25/10/2011 18:06","Medio (4 - 8 mts)",100,"Grande",-68.8330949423,-32.8800308957,3,"Parque O'Higgins",1531146.02653,0,0.616951984098579,0
19656,"Morera","13/07/2011 09:51","Alto (> 8 mts)",97,"Grande",-68.8353324501,-32.8704062094,4,"Cuarta Oeste",1173332.70145,1,0.690251044520053,0
4720,"Acer","27/07/2011 09:57","Muy bajo (1 - 2 mts)",20,"Chico",-68.8408584948,-32.8654164871,4,"Cuarta Oeste",1173332.70145,0,0.653693948374798,0
47103,"Pltano","23/09/2011 10:22","Alto (> 8 mts)",320,"Grande",-68.8347932241,-32.8735522301,4,"Cuarta Este Área Fundacional",1822015.85685,0,0.818253992994387,0
34432,"Morera","09/03/2011 13:18","Alto (> 8 mts)",146,"Grande",-68.8507272663,-32.873805708,6,"Residencial Norte",2694682.37982,0,0.149546193215852,0
45389,"Paraiso","16/09/2011 09:22","Alto (> 8 mts)",300,"Grande",-68.8246931444,-32.8718187729,4,"Cuarta Este Área Fundacional",1822015.85685,0,0.628423758033101,0
16000,"Morera","11/08/2011 09:22","Alto (> 8 mts)",132,"Grande",-68.8437667839,-32.8725557803,4,"Cuarta Oeste",1173332.70145,0,0.787371003101899,0
8459,"Morera","09/02/2011 14:56","Muy bajo (1 - 2 mts)",8,"Chico",-68.8358186919,-32.8979816147,2,"Barrio Civico",2366816.36021,0,0.355908555713372,0
1424,"Jacarand","22/11/2011 17:29","Medio (4 - 8 mts)",45,"Mediano",-68.8712731394,-32.8786310465,7,"Residencial Parque",1786336.08966,0,0.0735817843813285,0
32201,"Fresno americano","10/05/2011 11:02","Bajo (2 - 4 mts)",80,"Grande",-68.8589163306,-32.8851851139,5,"Residencial Sur",2423808.92355,0,0.671209507559059,0
48168,"Pltano","17/08/2011 09:54","Alto (> 8 mts)",165,"Grande",-68.829090474,-32.8682605612,4,"Cuarta Este Área Fundacional",1822015.85685,0,0.162974039989379,0
41560,"Morera","06/05/2011 12:36","Bajo (2 - 4 mts)",52,"Mediano",-68.8412564109,-32.8796274629,1,"Parque Central",1655357.93265,0,0.692545662735381,0
5295,"Acer","28/04/2011 13:29","Medio (4 - 8 mts)",60,"Mediano",-68.8432413954,-32.8770377797,1,"Parque Central",1655357.93265,0,0.50507180311633,0
7709,"Paraiso","31/05/2011 09:16","Medio (4 - 8 mts)",110,"Grande",-68.8573589382,-32.8841293292,5,"Residencial Sur",2423808.92355,0,0.191033699828856,0
34953,"Morera","04/04/2011 11:55","Alto (> 8 mts)",90,"Grande",-68.8573360563,-32.8798295913,7,"Residencial Parque",1786336.08966,1,0.469318420074223,0
28438,"Morera","28/02/2011 09:53","Alto (> 8 mts)",180,"Grande",-68.8461691124,-32.8895109126,2,"Barrio Civico",2366816.36021,1,0.890953056637062,0
10140,"Fresno europeo","28/12/2010 13:32","Muy bajo (1 - 2 mts)",10,"Chico",-68.8552880082,-32.8713109235,6,"Residencial Norte",2694682.37982,0,0.909183432207807,0
32271,"Ailanthus","28/06/2011 10:43","Alto (> 8 mts)",115,"Grande",-68.850962846,-32.8918300143,5,"Residencial Sur",2423808.92355,0,0.548495588553499,0
1371,"Jacarand","29/11/2011 18:08","Bajo (2 - 4 mts)",38,"Mediano",-68.8780570874,-32.8646253965,8,"Aeroparque",2203364.73622,0,0.654340799801457,0
31014,"Fresno europeo","10/02/2011 10:14","Medio (4 - 8 mts)",96,"Grande",-68.8556109694,-32.8641340917,6,"Residencial Norte",2694682.37982,0,0.779819974018604,0
24113,"Fresno europeo","11/01/2011 08:58","Alto (> 8 mts)",125,"Grande",-68.8468040455,-32.9024313042,2,"Barrio Civico",2366816.36021,0,0.906558457094738,0
5531,"Morera","07/04/2011 10:40","Medio (4 - 8 mts)",80,"Grande",-68.8421531365,-32.881230338,1,"Parque Central",1655357.93265,0,0.543273820728823,0
2211,"Morera","28/10/2011 11:17","Medio (4 - 8 mts)",90,"Grande",-68.838274847,-32.8929080889,2,"Barrio Civico",2366816.36021,0,0.788069835696539,0
28634,"Acacia SP","23/02/2011 11:42","Bajo (2 - 4 mts)",20,"Chico",-68.8475147514,-32.8906010169,2,"Barrio Civico",2366816.36021,0,0.211904027007949,0
46486,"Fresno europeo","17/08/2011 13:24","Medio (4 - 8 mts)",70,"Grande",-68.8304116271,-32.8683779465,4,"Cuarta Este Área Fundacional",1822015.85685,0,0.507175322663828,0
31323,"Acer","25/02/2011 12:27","Alto (> 8 mts)",140,"Grande",-68.8484628484,-32.8653314667,6,"Residencial Norte",2694682.37982,0,0.555304143257153,0
30327,"Fresno europeo","10/03/2011 12:55","Muy bajo (1 - 2 mts)",10,"Chico",-68.8412086802,-32.8914077187,2,"Barrio Civico",2366816.36021,0,0.919907949727272,0
20496,"Morera","01/06/2011 12:39","Alto (> 8 mts)",200,"Grande",-68.8603769704,-32.8980344902,5,"Residencial Sur",2423808.92355,0,0.443875628919603,0
42986,"Fresno europeo","07/10/2011 16:54","Bajo (2 - 4 mts)",60,"Mediano",-68.8339519042,-32.8776570673,4,"Cuarta Este Área Fundacional",1822015.85685,0,0.296302482151261,0
22490,"Paraiso","23/06/2011 11:49","Alto (> 8 mts)",160,"Grande",-68.8621428029,-32.8981981767,5,"Residencial Sur",2423808.92355,0,0.780407683167286,0
13156,"Fresno europeo","18/02/2011 12:42","Medio (4 - 8 mts)",90,"Grande",-68.8466214926,-32.864908242,4,"Cuarta Oeste",1173332.70145,0,0.0166866744784833,0
1664,"Paraiso","23/11/2011 08:21","Bajo (2 - 4 mts)",30,"Mediano",-68.871974455,-32.8785302987,7,"Residencial Parque",1786336.08966,0,0.106178114404581,0
12892,"Paraiso","18/01/2011 10:03","Alto (> 8 mts)",170,"Grande",-68.8456649664,-32.8634509053,4,"Cuarta Oeste",1173332.70145,0,0.482996620881909,0
1586,"Acacia SP","30/11/2011 10:36","Bajo (2 - 4 mts)",50,"Mediano",-68.8725042227,-32.8757610897,7,"Residencial Parque",1786336.08966,0,0.262758507959202,0
23048,"Morera","14/06/2011 13:25","Alto (> 8 mts)",108,"Grande",-68.8617073772,-32.9021077048,5,"Residencial Sur",2423808.92355,0,0.507062287303932,0
9525,"Fresno europeo","04/02/2011 09:36","Muy bajo (1 - 2 mts)",5,"Chico",-68.8534441505,-32.8634237493,6,"Residencial Norte",2694682.37982,0,0.920307119383275,0
24512,"Morera","10/01/2011 10:33","Alto (> 8 mts)",141,"Grande",-68.8471743825,-32.903477594,2,"Barrio Civico",2366816.36021,0,0.449851973546315,0
23017,"Fresno europeo","17/06/2011 18:06","Medio (4 - 8 mts)",54,"Mediano",-68.8582819048,-32.9001268657,5,"Residencial Sur",2423808.92355,0,0.206510797875733,0
37271,"Paraiso","14/03/2011 13:05","Muy bajo (1 - 2 mts)",10,"Chico",-68.8577109457,-32.8730318978,6,"Residencial Norte",2694682.37982,0,0.675336562625979,0
35949,"Morera","23/03/2011 10:01","Alto (> 8 mts)",160,"Grande",-68.8541928231,-32.8753766881,6,"Residencial Norte",2694682.37982,0,0.940142202056551,0
40831,"Pltano","26/04/2011 16:28","Alto (> 8 mts)",148,"Grande",-68.8398672774,-32.8838181121,1,"Parque Central",1655357.93265,0,0.509847178370044,0
31264,"Prunas","03/02/2011 13:29","Bajo (2 - 4 mts)",54,"Mediano",-68.8534995918,-32.8638043478,6,"Residencial Norte",2694682.37982,0,0.801252898870387,0
703,"Morera","09/08/2011 10:19","Alto (> 8 mts)",140,"Grande",-68.8337971817,-32.864775843,4,"Cuarta Oeste",1173332.70145,1,0.165277089111614,0
36381,"Fresno europeo","17/03/2011 09:52","Medio (4 - 8 mts)",76,"Grande",-68.8530885997,-32.878611916,6,"Residencial Norte",2694682.37982,0,0.93536920593777,0
33882,"Morera","14/07/2011 09:58","Alto (> 8 mts)",220,"Grande",-68.8533683542,-32.8851811877,5,"Residencial Sur",2423808.92355,0,0.536229630651091,0
38574,"Fresno europeo","22/12/2010 13:13","Medio (4 - 8 mts)",60,"Mediano",-68.8531199068,-32.870513479,6,"Residencial Norte",2694682.37982,0,0.427516414266818,0
45334,"Morera","16/09/2011 11:49","Medio (4 - 8 mts)",70,"Grande",-68.8246223245,-32.8725129778,4,"Cuarta Este Área Fundacional",1822015.85685,0,0.756455141976157,0
1363,"Aguaribay","30/11/2011 11:03","Medio (4 - 8 mts)",126,"Grande",-68.8771437427,-32.8647724883,8,"Aeroparque",2203364.73622,0,0.999239960954748,0
25940,"Acer","16/02/2011 17:23","Bajo (2 - 4 mts)",32,"Mediano",-68.8377887646,-32.9031706088,2,"Barrio Civico",2366816.36021,0,0.0191132086148693,0
36187,"Morera","31/03/2011 10:05","Alto (> 8 mts)",160,"Grande",-68.856459918,-32.8774736552,6,"Residencial Norte",2694682.37982,0,0.156889276513475,0
31519,"Fresno europeo","18/05/2011 12:21","Medio (4 - 8 mts)",100,"Grande",-68.8595286348,-32.8913766404,5,"Residencial Sur",2423808.92355,0,0.6751262327572,0
46281,"Morera","21/09/2011 09:41","Alto (> 8 mts)",150,"Grande",-68.823099887,-32.874245127,4,"Cuarta Este Área Fundacional",1822015.85685,0,0.264616495973815,0
32303,"Pltano","29/06/2011 09:26","Medio (4 - 8 mts)",160,"Grande",-68.8526949311,-32.8914658897,5,"Residencial Sur",2423808.92355,0,0.12331350248452,0
47954,"Morera","02/09/2011 10:33","Medio (4 - 8 mts)",196,"Grande",-68.8264201037,-32.868456149,4,"Cuarta Este Área Fundacional",1822015.85685,0,0.19331690625972,0
7720,"Paraiso sombrilla","31/05/2011 13:15","Bajo (2 - 4 mts)",100,"Grande",-68.8562887549,-32.8841671952,5,"Residencial Sur",2423808.92355,0,0.754982066244225,0
11898,"Paraiso","03/03/2011 09:38","Alto (> 8 mts)",146,"Grande",-68.850899145,-32.8663535349,6,"Residencial Norte",2694682.37982,1,0.262855411346003,0
39245,"Morera","28/12/2010 09:48","Alto (> 8 mts)",90,"Grande",-68.8549930828,-32.8718275396,6,"Residencial Norte",2694682.37982,0,0.758818172785684,0
45218,"Olmo bola","28/09/2011 10:02","Medio (4 - 8 mts)",70,"Grande",-68.8222197069,-32.8722792044,4,"Cuarta Este Área Fundacional",1822015.85685,0,0.25810810970637,0
33872,"Acacia visco","13/05/2011 11:49","Medio (4 - 8 mts)",110,"Grande",-68.8550881415,-32.8861679998,5,"Residencial Sur",2423808.92355,0,0.272758482988039,0
35506,"Fresno europeo","06/04/2011 11:32","Muy bajo (1 - 2 mts)",12,"Chico",-68.8555113025,-32.8811858261,6,"Residencial Norte",2694682.37982,0,0.551314190302448,0
17844,"Paraiso","02/08/2011 10:26","Alto (> 8 mts)",110,"Grande",-68.8363078985,-32.8669054887,4,"Cuarta Oeste",1173332.70145,0,0.540314521184609,0
20791,"Morera","31/05/2011 10:06","Bajo (2 - 4 mts)",28,"Mediano",-68.8627193341,-32.8968002706,5,"Residencial Sur",2423808.92355,0,0.693503444668137,0
22842,"Paraiso","10/05/2011 11:20","Medio (4 - 8 mts)",38,"Mediano",-68.8565802305,-32.9005411529,5,"Residencial Sur",2423808.92355,0,0.759198254827298,0
24642,"Morera","17/01/2011 11:28","Alto (> 8 mts)",100,"Grande",-68.8430905115,-32.8998472348,2,"Barrio Civico",2366816.36021,0,0.301540213106136,0
36683,"Morera","07/06/2011 09:48","Medio (4 - 8 mts)",130,"Grande",-68.8588683533,-32.8834957703,5,"Residencial Sur",2423808.92355,0,0.244046892543235,0
11459,"Paraiso","06/01/2011 14:20","Alto (> 8 mts)",320,"Grande",-68.8438186988,-32.8630936699,4,"Cuarta Oeste",1173332.70145,0,0.481691557285273,0
20811,"Morera","31/05/2011 11:39","Alto (> 8 mts)",140,"Grande",-68.8625977886,-32.8956444191,5,"Residencial Sur",2423808.92355,1,0.5927204998044,0
29362,"Morera","20/04/2011 10:46","Alto (> 8 mts)",128,"Grande",-68.8425640795,-32.8871723142,1,"Parque Central",1655357.93265,1,0.303112276455949,0
43024,"Morera","05/10/2011 08:45","Medio (4 - 8 mts)",126,"Grande",-68.8323306496,-32.87788682,4,"Cuarta Este Área Fundacional",1822015.85685,1,0.176072977035,0
19367,"Morera","19/07/2011 09:08","Medio (4 - 8 mts)",57,"Mediano",-68.836464399,-32.8714340288,4,"Cuarta Oeste",1173332.70145,0,0.375410334264084,0
26555,"Pltano","04/11/2011 08:55","Medio (4 - 8 mts)",66,"Grande",-68.8316155245,-32.8902216393,3,"Parque O'Higgins",1531146.02653,0,0.900210472993379,0
33949,"Fresno europeo","24/05/2011 11:26","Bajo (2 - 4 mts)",20,"Chico",-68.8529118425,-32.8848209846,5,"Residencial Sur",2423808.92355,0,0.94898367093224,0
28938,"Fresno americano","26/04/2011 10:22","Alto (> 8 mts)",150,"Grande",-68.8460037932,-32.8854341671,1,"Parque Central",1655357.93265,0,0.847100908495181,0
32474,"Fresno americano","30/05/2011 09:24","Medio (4 - 8 mts)",105,"Grande",-68.8538423354,-32.8884074353,5,"Residencial Sur",2423808.92355,0,0.628126173918086,0
24738,"Morera","17/02/2011 09:30","Alto (> 8 mts)",111,"Grande",-68.83934072,-32.8982251113,2,"Barrio Civico",2366816.36021,0,0.303230210161142,0
23157,"Fresno europeo","11/01/2011 18:11","Alto (> 8 mts)",92,"Grande",-68.8479160012,-32.903305491,2,"Barrio Civico",2366816.36021,0,0.358260404113639,0
4446,"Paraiso sombrilla","01/08/2011 10:45","Alto (> 8 mts)",140,"Grande",-68.8362828749,-32.8680942772,4,"Cuarta Oeste",1173332.70145,0,0.660293086209245,0
4774,"Paraiso","01/08/2011 13:56","Medio (4 - 8 mts)",70,"Grande",-68.8366588457,-32.8661399225,4,"Cuarta Oeste",1173332.70145,0,0.817677549684315,0
16196,"Morera","15/07/2011 11:03","Alto (> 8 mts)",190,"Grande",-68.8439530988,-32.8704821721,4,"Cuarta Oeste",1173332.70145,1,0.283840671135152,0
15252,"Acacia SP","18/11/2011 17:05","Muy bajo (1 - 2 mts)",5,"Chico",-68.859092467,-32.8709893205,6,"Residencial Norte",2694682.37982,0,0.461686206513023,0
39427,"Paraiso","11/11/2010 11:26","Medio (4 - 8 mts)",150,"Grande",-68.8551950679,-32.8704075255,6,"Residencial Norte",2694682.37982,0,0.613420687895175,0
593,"Morera","08/03/2012 09:31","Alto (> 8 mts)",100,"Grande",-68.820011778,-32.8679602206,4,"Cuarta Este Área Fundacional",1822015.85685,0,0.577280597131105,0
17346,"Morera","05/08/2011 07:43","Alto (> 8 mts)",180,"Grande",-68.8355599305,-32.8657550912,4,"Cuarta Oeste",1173332.70145,1,0.648348120025812,0
47407,"Morera","23/09/2011 09:15","Alto (> 8 mts)",180,"Grande",-68.8263691651,-32.8753495275,4,"Cuarta Este Área Fundacional",1822015.85685,0,0.852673327321826,0
11208,"Acer","24/01/2011 11:16","Muy bajo (1 - 2 mts)",10,"Chico",-68.8452046088,-32.9020443975,2,"Barrio Civico",2366816.36021,0,0.76397235289127,0
5816,"Paraiso","03/05/2011 11:30","Medio (4 - 8 mts)",88,"Grande",-68.8430429993,-32.8750583389,1,"Parque Central",1655357.93265,0,0.517637577364338,0
13640,"Morera","25/02/2011 09:12","Alto (> 8 mts)",200,"Grande",-68.8521960255,-32.866417179,6,"Residencial Norte",2694682.37982,1,0.197169699659848,0
22517,"Fresno europeo","21/06/2011 10:13","Bajo (2 - 4 mts)",35,"Mediano",-68.8600562548,-32.8994099464,5,"Residencial Sur",2423808.92355,0,0.696918068777213,0
39891,"Morera","02/05/2011 12:40","Medio (4 - 8 mts)",150,"Grande",-68.8435614258,-32.8737054296,1,"Parque Central",1655357.93265,0,0.311585323982853,0
40716,"Pltano","19/04/2011 09:03","Alto (> 8 mts)",230,"Grande",-68.8422738145,-32.883373021,1,"Parque Central",1655357.93265,0,0.955210825731699,0
33630,"Morera","16/05/2011 12:04","Alto (> 8 mts)",151,"Grande",-68.8552300626,-32.8876138473,5,"Residencial Sur",2423808.92355,0,0.790281695256447,0
25923,"Paraiso","16/02/2011 16:51","Alto (> 8 mts)",88,"Grande",-68.8379000827,-32.9020951321,2,"Barrio Civico",2366816.36021,0,0.462697336440026,0
17897,"Morera","01/08/2011 10:00","Alto (> 8 mts)",107,"Grande",-68.8360185344,-32.8670951671,4,"Cuarta Oeste",1173332.70145,0,0.0560929720763409,0
765,"Aguaribay","14/12/2011 11:12","Medio (4 - 8 mts)",35,"Mediano",-68.8805341773,-32.8672805847,8,"Aeroparque",2203364.73622,1,0.147138939831043,0
8349,"Morera","14/03/2011 17:36","Medio (4 - 8 mts)",68,"Grande",-68.8467727991,-32.892791329,2,"Barrio Civico",2366816.36021,0,0.289070051643434,0
5833,"Paraiso","03/05/2011 11:16","Medio (4 - 8 mts)",80,"Grande",-68.8433643198,-32.8737742022,1,"Parque Central",1655357.93265,0,0.011141718763393,0
17759,"Paraiso","21/07/2011 09:40","Medio (4 - 8 mts)",91,"Grande",-68.8424880559,-32.8664091948,4,"Cuarta Oeste",1173332.70145,0,0.682018551783574,0
33362,"Fresno europeo","19/05/2011 09:58","Alto (> 8 mts)",127,"Grande",-68.8578661459,-32.8907972149,5,"Residencial Sur",2423808.92355,0,0.368416826101157,0
36826,"Pltano","07/04/2011 11:50","Alto (> 8 mts)",180,"Grande",-68.8585428908,-32.8803627356,7,"Residencial Parque",1786336.08966,1,0.202929245148662,0
39917,"Morera","02/05/2011 10:01","Medio (4 - 8 mts)",160,"Grande",-68.8430570463,-32.8760281018,1,"Parque Central",1655357.93265,0,0.710904055190399,0
1273,"Paraiso","05/12/2011 11:21","Bajo (2 - 4 mts)",46,"Mediano",-68.8786197868,-32.8686113664,8,"Aeroparque",2203364.73622,0,0.632248067801122,0
20124,"Morera","04/08/2011 11:54","Alto (> 8 mts)",200,"Grande",-68.9019179178,-32.8892873641,11,"San Agustín",6853531.20169,0,0.418637724775067,0
27204,"Pltano","26/10/2011 12:21","Alto (> 8 mts)",180,"Grande",-68.8358705114,-32.889847143,3,"Parque O'Higgins",1531146.02653,0,0.829506770028805,0
38357,"Paraiso sombrilla","05/11/2010 10:33","Alto (> 8 mts)",95,"Grande",-68.8523223047,-32.8695173911,6,"Residencial Norte",2694682.37982,0,0.774348420644888,0
5447,"Fresno europeo","14/04/2011 13:10","Medio (4 - 8 mts)",60,"Mediano",-68.8446366877,-32.8796875546,1,"Parque Central",1655357.93265,0,0.378627697265947,0
1977,"Pltano","03/01/2012 09:17","Alto (> 8 mts)",110,"Grande",-68.8590318384,-32.8898432181,5,"Residencial Sur",2423808.92355,0,0.299355618828581,0
21812,"Pltano","13/05/2011 10:00","Alto (> 8 mts)",190,"Grande",-68.8562982098,-32.8942217529,5,"Residencial Sur",2423808.92355,0,0.796897510712166,0
2026,"Fresno americano","02/11/2011 08:39","Bajo (2 - 4 mts)",20,"Chico",-68.8329405759,-32.8943640752,3,"Parque O'Higgins",1531146.02653,0,0.0437421540098316,0
20472,"Fresno europeo","02/06/2011 13:18","Bajo (2 - 4 mts)",32,"Mediano",-68.8600559355,-32.8969622167,5,"Residencial Sur",2423808.92355,0,0.892681856209061,0
35507,"Fresno europeo","06/04/2011 11:31","Alto (> 8 mts)",135,"Grande",-68.8555397075,-32.8812643062,6,"Residencial Norte",2694682.37982,0,0.186244151897853,0
16960,"Morera","16/08/2011 09:05","Medio (4 - 8 mts)",120,"Grande",-68.8376571209,-32.8661328695,4,"Cuarta Oeste",1173332.70145,1,0.169586496010036,0
30115,"Pltano","26/04/2011 09:47","Alto (> 8 mts)",175,"Grande",-68.8412185843,-32.887057541,3,"Parque O'Higgins",1531146.02653,1,0.390406029803822,0
17736,"Paraiso","18/07/2011 09:59","Bajo (2 - 4 mts)",140,"Grande",-68.8423637409,-32.8671045154,4,"Cuarta Oeste",1173332.70145,0,0.961591447189248,0
13443,"Morera","02/02/2011 10:12","Alto (> 8 mts)",160,"Grande",-68.8523634429,-32.86482091,6,"Residencial Norte",2694682.37982,0,0.997962184039539,0
19693,"Jacarand","12/07/2011 09:49","Alto (> 8 mts)",90,"Grande",-68.8350674899,-32.8715406541,4,"Cuarta Oeste",1173332.70145,0,0.631014737203085,0
26480,"Perenne","09/11/2011 09:39","Alto (> 8 mts)",120,"Grande",-68.8317179748,-32.8917697104,3,"Parque O'Higgins",1531146.02653,0,0.556701187829608,0
10417,"Pltano","23/03/2011 10:41","Medio (4 - 8 mts)",30,"Mediano",-68.8523334304,-32.8820769672,1,"Parque Central",1655357.93265,0,0.222243321601066,0
28173,"Tipa","23/02/2011 14:39","Alto (> 8 mts)",146,"Grande",-68.8481487658,-32.8913642415,2,"Barrio Civico",2366816.36021,0,0.176073931595046,0
33621,"Morera","16/05/2011 13:42","Alto (> 8 mts)",175,"Grande",-68.8542433557,-32.8877952036,5,"Residencial Sur",2423808.92355,0,0.177784383895841,0
4925,"Morera","18/07/2011 10:43","Alto (> 8 mts)",240,"Grande",-68.8430087743,-32.8673134413,4,"Cuarta Oeste",1173332.70145,0,0.123440292653637,0
5074,"Morera","10/08/2011 13:00","Alto (> 8 mts)",150,"Grande",-68.8392733548,-32.8637725315,4,"Cuarta Oeste",1173332.70145,0,0.936368162481887,0
46781,"Fresno americano","07/09/2011 11:24","Bajo (2 - 4 mts)",196,"Grande",-68.8324879371,-32.8727774045,4,"Cuarta Este Área Fundacional",1822015.85685,0,0.156604608254226,0
26982,"Morera","03/11/2011 16:21","Medio (4 - 8 mts)",160,"Grande",-68.8342359383,-32.8872982287,3,"Parque O'Higgins",1531146.02653,1,0.806959745375698,0
47629,"Morera","08/09/2011 10:26","Alto (> 8 mts)",115,"Grande",-68.8304402377,-32.8713852562,4,"Cuarta Este Área Fundacional",1822015.85685,0,0.676384507818044,0
33938,"Olmo comun","24/05/2011 12:06","Alto (> 8 mts)",150,"Grande",-68.8526875956,-32.8840149295,5,"Residencial Sur",2423808.92355,0,0.589159727149806,0
887,"Fresno europeo","17/01/2012 12:07","Bajo (2 - 4 mts)",50,"Mediano",-68.8475241905,-32.8752954825,6,"Residencial Norte",2694682.37982,0,0.328254394339747,0
31184,"Fresno europeo","07/02/2011 09:58","Medio (4 - 8 mts)",56,"Mediano",-68.8542698649,-32.863951378,6,"Residencial Norte",2694682.37982,0,0.429429998347829,0
33763,"Morera","12/05/2011 09:24","Medio (4 - 8 mts)",100,"Grande",-68.8576388816,-32.8852268574,5,"Residencial Sur",2423808.92355,0,0.933331405365797,0
43249,"Pltano","04/10/2011 08:32","Alto (> 8 mts)",160,"Grande",-68.8337980237,-32.8794949199,1,"Parque Central",1655357.93265,0,0.691167447495556,0
15448,"Paraiso","18/11/2011 12:00","Bajo (2 - 4 mts)",18,"Chico",-68.8597118701,-32.8714379721,6,"Residencial Norte",2694682.37982,0,0.0967634288451137,0
28844,"Fresno americano","27/04/2011 09:11","Alto (> 8 mts)",80,"Grande",-68.8472139982,-32.8850377346,1,"Parque Central",1655357.93265,0,4.93363320329676e-05,0
15497,"Paraiso","22/11/2011 12:08","Muy bajo (1 - 2 mts)",12,"Chico",-68.8602669937,-32.8715711038,7,"Residencial Parque",1786336.08966,0,0.86505320293455,0
3046,"Fresno europeo","15/09/2011 13:28","Medio (4 - 8 mts)",36,"Mediano",-68.8275679263,-32.8727923725,4,"Cuarta Este Área Fundacional",1822015.85685,0,0.616142745228496,0
5264,"Morera","02/05/2011 11:37","Medio (4 - 8 mts)",160,"Grande",-68.8432820096,-32.8749402308,1,"Parque Central",1655357.93265,0,0.921436517395309,0
17303,"Morera","04/08/2011 10:09","Alto (> 8 mts)",180,"Grande",-68.8356590996,-32.8655755029,4,"Cuarta Oeste",1173332.70145,0,0.15423315047254,0
37651,"Morera","29/02/2012 08:19","Medio (4 - 8 mts)",100,"Grande",-68.8529230787,-32.8724321219,6,"Residencial Norte",2694682.37982,0,0.0403806021779537,0
27363,"Paraiso","20/10/2011 12:28","Alto (> 8 mts)",148,"Grande",-68.8368236002,-32.8877319569,3,"Parque O'Higgins",1531146.02653,0,0.920026125232348,0
21517,"Fresno americano","12/05/2011 10:49","Alto (> 8 mts)",140,"Grande",-68.8539304975,-32.8936999556,5,"Residencial Sur",2423808.92355,0,0.618803411567922,0
16861,"Morera","05/08/2011 13:29","Alto (> 8 mts)",204,"Grande",-68.8399602344,-32.8650337872,4,"Cuarta Oeste",1173332.70145,0,0.940643008747009,0
40240,"Morera","14/04/2011 11:57","Alto (> 8 mts)",155,"Grande",-68.8452660015,-32.8820400976,1,"Parque Central",1655357.93265,0,0.558905465626342,0
8431,"Fresno americano","11/02/2011 12:22","Medio (4 - 8 mts)",32,"Mediano",-68.8379675852,-32.9008719242,2,"Barrio Civico",2366816.36021,0,0.265004489583087,0
42546,"Morera","28/09/2011 11:13","Alto (> 8 mts)",170,"Grande",-68.8304124239,-32.8754327375,4,"Cuarta Este Área Fundacional",1822015.85685,1,0.915009342639223,0
12057,"Morera","04/02/2010 13:53","Bajo (2 - 4 mts)",53,"Mediano",-68.852677766,-32.867331038,6,"Residencial Norte",2694682.37982,0,0.193500415134922,0
4398,"Paraiso","22/07/2011 09:17","Bajo (2 - 4 mts)",50,"Mediano",-68.8404392975,-32.8692489835,4,"Cuarta Oeste",1173332.70145,0,0.686224523221699,0
10091,"Morera","30/08/2010 11:27","Medio (4 - 8 mts)",50,"Mediano",-68.8461959534,-32.8692029062,6,"Residencial Norte",2694682.37982,0,0.52809195020165,0
9841,"Olmo comun","11/01/2011 10:02","Bajo (2 - 4 mts)",77,"Grande",-68.8447870816,-32.8633136876,4,"Cuarta Oeste",1173332.70145,0,0.24426011287392,0
12039,"Fresno europeo","03/05/2010 13:01","Bajo (2 - 4 mts)",82,"Grande",-68.8537673822,-32.8666930769,6,"Residencial Norte",2694682.37982,0,0.0148810456324902,0
45180,"Fresno europeo","30/09/2011 09:37","Medio (4 - 8 mts)",65,"Grande",-68.8221098408,-32.8723751381,4,"Cuarta Este Área Fundacional",1822015.85685,0,0.169812623788955,0
48187,"Morera","02/09/2011 13:11","Alto (> 8 mts)",180,"Grande",-68.8284270022,-32.8694033522,4,"Cuarta Este Área Fundacional",1822015.85685,1,0.0386004943812117,0
45026,"Morera","29/08/2011 09:27","Alto (> 8 mts)",185,"Grande",-68.8255343003,-32.8701070009,4,"Cuarta Este Área Fundacional",1822015.85685,0,0.152767203955091,0
42464,"Fresno europeo","30/09/2011 17:21","Alto (> 8 mts)",130,"Grande",-68.8321230566,-32.8759986665,4,"Cuarta Este Área Fundacional",1822015.85685,0,0.634803770251736,0
24278,"Olmo comun","20/01/2011 15:08","Alto (> 8 mts)",225,"Grande",-68.8439514325,-32.9008423352,2,"Barrio Civico",2366816.36021,0,0.394513823927134,0
34753,"Pltano","30/03/2011 12:10","Alto (> 8 mts)",300,"Grande",-68.8504004241,-32.878299173,6,"Residencial Norte",2694682.37982,0,0.494888780330395,0
22270,"Caducifolio","14/06/2011 11:46","Medio (4 - 8 mts)",20,"Chico",-68.8568128721,-32.898043527,5,"Residencial Sur",2423808.92355,0,0.397387708885,0
9916,"Caducifolio","17/11/2010 10:50","Bajo (2 - 4 mts)",150,"Grande",-68.8576615726,-32.8693844487,6,"Residencial Norte",2694682.37982,0,0.762504588791101,0
44800,"Morera","26/08/2011 10:56","Alto (> 8 mts)",165,"Grande",-68.8240404182,-32.8701284427,4,"Cuarta Este Área Fundacional",1822015.85685,0,0.75787515626565,0
20179,"Morera","12/05/2011 11:40","Alto (> 8 mts)",132,"Grande",-68.8603431636,-32.8923639473,5,"Residencial Sur",2423808.92355,0,0.596083451942004,0
43327,"Morera","05/10/2011 11:52","Alto (> 8 mts)",150,"Grande",-68.8323855085,-32.8791143682,4,"Cuarta Este Área Fundacional",1822015.85685,0,0.902388451951836,0
27940,"Fresno europeo","03/11/2011 11:06","Alto (> 8 mts)",132,"Grande",-68.8376308082,-32.8933053527,3,"Parque O'Higgins",1531146.02653,0,0.308987789358836,0
23012,"Olmo comun","17/06/2011 18:30","Medio (4 - 8 mts)",32,"Mediano",-68.8582451296,-32.8997110726,5,"Residencial Sur",2423808.92355,0,0.631758868931051,0
19284,"Morera","13/07/2011 21:18","Alto (> 8 mts)",180,"Grande",-68.836262262,-32.869877955,4,"Cuarta Oeste",1173332.70145,0,0.0789951062884622,0
27153,"Pltano","27/10/2011 10:06","Alto (> 8 mts)",220,"Grande",-68.8371689847,-32.8897462279,3,"Parque O'Higgins",1531146.02653,1,0.816613172159986,0
29774,"Morera","15/03/2011 09:17","Alto (> 8 mts)",108,"Grande",-68.8413322592,-32.8931122576,2,"Barrio Civico",2366816.36021,0,0.619853242570765,0
30403,"Morera","04/03/2011 09:35","Medio (4 - 8 mts)",55,"Mediano",-68.8398490878,-32.8904863572,3,"Parque O'Higgins",1531146.02653,0,0.624749232176303,0
40834,"Pltano","08/04/2011 10:12","Alto (> 8 mts)",172,"Grande",-68.8403569325,-32.8858488071,3,"Parque O'Higgins",1531146.02653,0,0.0762313441037344,0
44954,"Fresno europeo","26/08/2011 12:12","Medio (4 - 8 mts)",72,"Grande",-68.8252967678,-32.868750167,4,"Cuarta Este Área Fundacional",1822015.85685,0,0.112836056644794,0
16263,"Fresno americano","21/07/2011 09:25","Bajo (2 - 4 mts)",30,"Mediano",-68.8426145671,-32.8647143936,4,"Cuarta Oeste",1173332.70145,0,0.266020416613537,0
27332,"Pltano","25/10/2011 09:09","Alto (> 8 mts)",152,"Grande",-68.835585494,-32.8905351198,3,"Parque O'Higgins",1531146.02653,0,0.751640979156944,0
24595,"Pltano","27/01/2011 09:17","Alto (> 8 mts)",250,"Grande",-68.842321322,-32.9014423485,2,"Barrio Civico",2366816.36021,0,0.653055421850972,0
47638,"Morera","08/09/2011 21:33","Alto (> 8 mts)",210,"Grande",-68.8289209872,-32.8719490601,4,"Cuarta Este Área Fundacional",1822015.85685,0,0.0917920840630285,0
7455,"Pltano","21/06/2011 10:21","Muy bajo (1 - 2 mts)",14,"Chico",-68.8597215877,-32.8996072084,5,"Residencial Sur",2423808.92355,0,0.509175962654507,0
23120,"Morera","19/01/2011 17:07","Alto (> 8 mts)",130,"Grande",-68.8477806792,-32.9034165444,2,"Barrio Civico",2366816.36021,0,0.279621727842505,0
11843,"Paraiso","02/03/2011 12:23","Medio (4 - 8 mts)",116,"Grande",-68.8498800125,-32.8647234976,6,"Residencial Norte",2694682.37982,0,0.990110220418412,0
4879,"Prunas","21/07/2011 10:23","Bajo (2 - 4 mts)",35,"Mediano",-68.8441109446,-32.8723907452,6,"Residencial Norte",2694682.37982,0,0.750127616016925,0
33865,"Morera","13/05/2011 12:11","Bajo (2 - 4 mts)",34,"Mediano",-68.8550645504,-32.8865454209,5,"Residencial Sur",2423808.92355,0,0.680191640621244,0
27773,"Pltano","03/11/2011 10:44","Alto (> 8 mts)",142,"Grande",-68.8348669143,-32.89386842,3,"Parque O'Higgins",1531146.02653,0,0.471476011268984,0
37900,"Morera","18/11/2010 10:16","Alto (> 8 mts)",170,"Grande",-68.8498875446,-32.8733385274,6,"Residencial Norte",2694682.37982,0,0.147668320225738,0
22995,"Fresno europeo","17/06/2011 17:28","Alto (> 8 mts)",48,"Mediano",-68.8571133274,-32.9001290524,5,"Residencial Sur",2423808.92355,0,0.986106583952758,0
45975,"Morera","24/08/2011 12:22","Medio (4 - 8 mts)",56,"Mediano",-68.817830705,-32.8689137187,4,"Cuarta Este Área Fundacional",1822015.85685,0,0.320652867289708,0
25018,"Paraiso","15/02/2011 09:23","Alto (> 8 mts)",250,"Grande",-68.8350429067,-32.8968160345,2,"Barrio Civico",2366816.36021,1,0.700583549419257,0
2443,"Acacia SP","27/10/2011 09:44","Medio (4 - 8 mts)",65,"Grande",-68.8378097618,-32.8908294059,3,"Parque O'Higgins",1531146.02653,0,0.988676926565369,0
29942,"Morera","28/04/2011 12:44","Alto (> 8 mts)",47,"Mediano",-68.8433478582,-32.8857763069,1,"Parque Central",1655357.93265,0,0.966908525684468,0
4666,"Prunas","15/08/2011 11:17","Medio (4 - 8 mts)",60,"Mediano",-68.8380631118,-32.863928167,4,"Cuarta Oeste",1173332.70145,1,0.210504767330372,0
5516,"Acer","27/04/2011 13:17","Medio (4 - 8 mts)",55,"Mediano",-68.8382846527,-32.8764890685,1,"Parque Central",1655357.93265,0,0.955128677335806,0
24442,"Fresno americano","20/01/2011 12:03","Medio (4 - 8 mts)",65,"Grande",-68.8450752583,-32.9031879261,2,"Barrio Civico",2366816.36021,0,0.0438327156015921,0
33683,"Acacia SP","13/05/2011 10:25","Alto (> 8 mts)",110,"Grande",-68.8554147313,-32.8868916252,5,"Residencial Sur",2423808.92355,0,0.465258732514917,0
2924,"Morera","19/09/2011 10:46","Medio (4 - 8 mts)",56,"Mediano",-68.8218519164,-32.8722857108,4,"Cuarta Este Área Fundacional",1822015.85685,0,0.882237456031804,0
40508,"Pltano","12/04/2011 10:45","Alto (> 8 mts)",122,"Grande",-68.8442772547,-32.8839005951,1,"Parque Central",1655357.93265,0,0.229637952719135,0
31816,"Morera","03/01/2012 09:42","Medio (4 - 8 mts)",90,"Grande",-68.8592619728,-32.8892874815,5,"Residencial Sur",2423808.92355,0,0.104584942755352,0
4284,"Morera","26/07/2011 11:39","Medio (4 - 8 mts)",220,"Grande",-68.8371801323,-32.8717571287,4,"Cuarta Oeste",1173332.70145,0,0.925380545889267,0
37056,"Fresno europeo","05/04/2011 12:32","Bajo (2 - 4 mts)",60,"Mediano",-68.8563019001,-32.8763985648,6,"Residencial Norte",2694682.37982,1,0.044848131557312,0
11642,"Acacia visco","27/01/2011 13:39","Alto (> 8 mts)",198,"Grande",-68.8499590085,-32.8676245176,6,"Residencial Norte",2694682.37982,0,0.664727112542461,0
17439,"Morera","29/07/2011 10:03","Bajo (2 - 4 mts)",18,"Chico",-68.8347710957,-32.8673355604,4,"Cuarta Oeste",1173332.70145,0,0.909413231861022,0
40547,"Fresno europeo","11/04/2011 11:57","Medio (4 - 8 mts)",32,"Mediano",-68.8440971465,-32.8840454314,1,"Parque Central",1655357.93265,0,0.260819652028137,0
21265,"Morera","13/06/2011 12:56","Alto (> 8 mts)",140,"Grande",-68.8532576406,-32.8960409441,5,"Residencial Sur",2423808.92355,0,0.399802030965508,0
22868,"Pltano","10/05/2011 10:10","Bajo (2 - 4 mts)",14,"Chico",-68.8560509498,-32.9016119257,5,"Residencial Sur",2423808.92355,0,0.699553005373293,0
40924,"Acacia SP","11/04/2011 16:08","Bajo (2 - 4 mts)",38,"Mediano",-68.8394405786,-32.8858249123,3,"Parque O'Higgins",1531146.02653,0,0.221456878097345,0
1691,"Aguaribay","24/11/2011 12:39","Alto (> 8 mts)",180,"Grande",-68.871970196,-32.8779807373,7,"Residencial Parque",1786336.08966,0,0.268183680819643,0
30902,"Paraiso sombrilla","17/02/2011 10:42","Alto (> 8 mts)",180,"Grande",-68.853943915,-32.8664815768,6,"Residencial Norte",2694682.37982,0,0.277963514657571,0
37090,"Pltano","06/04/2011 09:19","Alto (> 8 mts)",150,"Grande",-68.8578831501,-32.8766745764,7,"Residencial Parque",1786336.08966,0,0.121132921473634,0
43215,"Fresno europeo","04/10/2011 09:50","Alto (> 8 mts)",118,"Grande",-68.8338726747,-32.8788300764,1,"Parque Central",1655357.93265,0,0.541603985599232,0
27944,"Morera","03/11/2011 12:10","Alto (> 8 mts)",178,"Grande",-68.8374781958,-32.893535266,2,"Barrio Civico",2366816.36021,1,0.702256433645615,0
32104,"Fresno europeo","09/05/2011 11:27","Muy bajo (1 - 2 mts)",3,"Chico",-68.8590308043,-32.8866579772,5,"Residencial Sur",2423808.92355,0,0.0938035909826676,0
31163,"Fresno europeo","07/02/2011 12:52","Medio (4 - 8 mts)",140,"Grande",-68.8549937494,-32.8635479205,6,"Residencial Norte",2694682.37982,0,0.377945268006179,0
1903,"Acacia SP","16/11/2011 12:58","Muy bajo (1 - 2 mts)",2,"Chico",-68.858893972,-32.8688688086,6,"Residencial Norte",2694682.37982,0,0.971881115027125,0
9206,"Paraiso","02/03/2011 09:53","Alto (> 8 mts)",180,"Grande",-68.8502690273,-32.8656663507,6,"Residencial Norte",2694682.37982,0,0.654671180503473,0
22771,"Morera","29/06/2011 15:36","Medio (4 - 8 mts)",52,"Mediano",-68.8554201892,-32.9017232599,5,"Residencial Sur",2423808.92355,0,0.00639108820301293,0
38576,"Fresno europeo","17/12/2010 10:04","Bajo (2 - 4 mts)",60,"Mediano",-68.8520275188,-32.8717753753,6,"Residencial Norte",2694682.37982,0,0.91069206767041,0
15977,"Tilo","10/08/2011 11:05","Medio (4 - 8 mts)",62,"Grande",-68.8438955992,-32.8717277522,4,"Cuarta Oeste",1173332.70145,0,0.61581963038548,0
44569,"Pltano","20/10/2011 08:57","Alto (> 8 mts)",300,"Grande",-68.8341234714,-32.8848532528,3,"Parque O'Higgins",1531146.02653,0,0.873544111653374,0
46956,"lamo blanco","09/09/2011 11:06","Alto (> 8 mts)",190,"Grande",-68.8311839805,-32.8708459066,4,"Cuarta Este Área Fundacional",1822015.85685,0,0.767050550112848,0
34501,"Morera","29/03/2011 10:40","Alto (> 8 mts)",140,"Grande",-68.8505517308,-32.8758926492,6,"Residencial Norte",2694682.37982,1,0.731448999992051,0
48200,"Paraiso","01/09/2011 13:32","Muy bajo (1 - 2 mts)",3,"Chico",-68.8288610812,-32.8687597015,4,"Cuarta Este Área Fundacional",1822015.85685,0,0.138238066733398,0
11088,"Pltano","23/03/2011 09:42","Alto (> 8 mts)",195,"Grande",-68.8544040695,-32.8809295325,6,"Residencial Norte",2694682.37982,0,0.304265230751425,0
30264,"Acer","04/03/2011 13:31","Alto (> 8 mts)",135,"Grande",-68.8410795722,-32.8892503491,3,"Parque O'Higgins",1531146.02653,0,0.602890731914254,0
41151,"Morera","27/04/2011 18:15","Muy bajo (1 - 2 mts)",6,"Chico",-68.8386892467,-32.8824908399,1,"Parque Central",1655357.93265,0,0.160991589892252,0
23307,"Paraiso sombrilla","18/01/2012 16:49","Bajo (2 - 4 mts)",80,"Grande",-68.8524588555,-32.9006791782,2,"Barrio Civico",2366816.36021,0,0.917589761264312,0
31796,"Morera","03/01/2012 10:54","Medio (4 - 8 mts)",90,"Grande",-68.8601385702,-32.8900431657,5,"Residencial Sur",2423808.92355,0,0.812260024801588,0
16397,"Pltano","03/08/2011 08:54","Alto (> 8 mts)",300,"Grande",-68.8356251153,-32.8660669739,4,"Cuarta Oeste",1173332.70145,0,0.602998294865643,0
27167,"Acacia SP","27/10/2011 09:41","Bajo (2 - 4 mts)",40,"Mediano",-68.8381899569,-32.8907940561,3,"Parque O'Higgins",1531146.02653,0,0.373505266289181,0
7365,"Fresno americano","23/06/2011 12:21","Alto (> 8 mts)",110,"Grande",-68.8613353837,-32.9007617935,5,"Residencial Sur",2423808.92355,0,0.876166666778634,0
33624,"Morera","16/05/2011 12:25","Alto (> 8 mts)",160,"Grande",-68.8546873516,-32.8877189899,5,"Residencial Sur",2423808.92355,0,0.260848536787557,0
5199,"Jacarand","08/08/2011 09:31","Medio (4 - 8 mts)",74,"Grande",-68.8391828426,-32.8693396793,4,"Cuarta Oeste",1173332.70145,0,0.350162199848023,0
26560,"Pltano","04/11/2011 08:47","Alto (> 8 mts)",190,"Grande",-68.8319546745,-32.890142927,3,"Parque O'Higgins",1531146.02653,0,0.416737430584346,0
22481,"Paraiso","23/06/2011 12:09","Alto (> 8 mts)",160,"Grande",-68.8622229576,-32.8987779448,5,"Residencial Sur",2423808.92355,1,0.0387333845608574,0
28326,"Fresno americano","11/03/2011 12:39","Alto (> 8 mts)",160,"Grande",-68.8481154906,-32.888485208,5,"Residencial Sur",2423808.92355,0,0.373354463831933,0
32533,"Fresno europeo","23/06/2011 11:14","Alto (> 8 mts)",150,"Grande",-68.8501812278,-32.8898127917,5,"Residencial Sur",2423808.92355,0,0.199103972898175,0
39174,"Fresno europeo","25/11/2010 11:57","Medio (4 - 8 mts)",70,"Grande",-68.8541496732,-32.8723706414,6,"Residencial Norte",2694682.37982,0,0.484838670516371,0
32452,"Morera","27/05/2011 09:22","Alto (> 8 mts)",108,"Grande",-68.8512801594,-32.8888864591,5,"Residencial Sur",2423808.92355,1,0.929274164625618,0
27215,"Pltano","26/10/2011 09:19","Alto (> 8 mts)",150,"Grande",-68.836932528,-32.8897761265,3,"Parque O'Higgins",1531146.02653,0,0.670327555417513,0
35952,"Morera","23/03/2011 10:07","Alto (> 8 mts)",133,"Grande",-68.8544076772,-32.8753386876,6,"Residencial Norte",2694682.37982,0,0.531449890051626,0
20113,"Morera","09/08/2011 12:49","Medio (4 - 8 mts)",87,"Grande",-68.8333861013,-32.8665457217,4,"Cuarta Oeste",1173332.70145,1,0.866548882293939,0
10821,"Perenne","31/03/2011 09:33","Medio (4 - 8 mts)",180,"Grande",-68.8565292509,-32.8781248711,6,"Residencial Norte",2694682.37982,0,0.17774753800541,0
47973,"Morera","02/09/2011 09:56","Medio (4 - 8 mts)",239,"Grande",-68.8256089972,-32.8679809101,4,"Cuarta Este Área Fundacional",1822015.85685,1,0.387352003607945,0
27173,"Acacia SP","27/10/2011 09:35","Medio (4 - 8 mts)",100,"Grande",-68.8386827772,-32.8907211148,3,"Parque O'Higgins",1531146.02653,0,0.705206755628102,0
20286,"Caducifolio","17/05/2011 10:00","Alto (> 8 mts)",230,"Grande",-68.8600335233,-32.8935506418,5,"Residencial Sur",2423808.92355,0,0.858868530229765,0
10562,"Paraiso","23/03/2011 10:34","Alto (> 8 mts)",77,"Grande",-68.854899885,-32.8754860246,6,"Residencial Norte",2694682.37982,1,0.582032208219665,0
7929,"Acer","02/03/2011 08:53","Bajo (2 - 4 mts)",42,"Mediano",-68.8490708337,-32.8870400462,5,"Residencial Sur",2423808.92355,0,0.809911047236578,0
46438,"Morera","17/08/2011 09:48","Alto (> 8 mts)",145,"Grande",-68.8318539663,-32.8670686493,4,"Cuarta Oeste",1173332.70145,0,0.754613178456268,0
32910,"Morera","19/05/2011 11:01","Medio (4 - 8 mts)",100,"Grande",-68.8501076582,-32.8864826886,5,"Residencial Sur",2423808.92355,0,0.695870234532021,0
11577,"Paraiso","10/05/2010 12:03","Medio (4 - 8 mts)",155,"Grande",-68.8518558443,-32.8669350556,6,"Residencial Norte",2694682.37982,0,0.276349885765458,0
3650,"Morera","24/08/2011 11:43","Medio (4 - 8 mts)",180,"Grande",-68.8216578508,-32.8689624803,4,"Cuarta Este Área Fundacional",1822015.85685,0,0.441611966167111,0
40670,"Pltano","12/04/2011 12:44","Alto (> 8 mts)",210,"Grande",-68.8443426781,-32.8842171002,1,"Parque Central",1655357.93265,0,0.738663680019355,0
35972,"Fresno europeo","23/03/2011 09:19","Bajo (2 - 4 mts)",24,"Mediano",-68.8545268753,-32.8762866868,6,"Residencial Norte",2694682.37982,0,0.86960179464583,0
10737,"Acacia SP","06/04/2011 13:16","Alto (> 8 mts)",20,"Chico",-68.8587460485,-32.8766056203,7,"Residencial Parque",1786336.08966,0,0.544672667344906,0
27988,"Pltano","31/10/2011 09:12","Alto (> 8 mts)",210,"Grande",-68.8373111621,-32.8936217337,2,"Barrio Civico",2366816.36021,0,0.109779842583085,0
7985,"Pltano","18/02/2011 13:55","Alto (> 8 mts)",140,"Grande",-68.840618172,-32.8882337204,3,"Parque O'Higgins",1531146.02653,0,0.974889891229322,0
13985,"Morera","29/11/2011 10:38","Medio (4 - 8 mts)",55,"Mediano",-68.8776114419,-32.8657154135,8,"Aeroparque",2203364.73622,0,0.75665408745225,0
4616,"Prunas","05/08/2011 09:43","Muy bajo (1 - 2 mts)",18,"Chico",-68.8339552904,-32.8645746368,4,"Cuarta Oeste",1173332.70145,0,0.352968403826322,0
45265,"Fresno europeo","16/09/2011 10:30","Alto (> 8 mts)",165,"Grande",-68.8233367153,-32.8712820366,4,"Cuarta Este Área Fundacional",1822015.85685,0,0.576293956845265,0
27911,"Morera","04/11/2011 11:13","Alto (> 8 mts)",142,"Grande",-68.8393664078,-32.8942062753,2,"Barrio Civico",2366816.36021,0,0.195611377989511,0
19900,"Paraiso","28/06/2011 14:15","Alto (> 8 mts)",135,"Grande",-68.83306072,-32.8623122915,4,"Cuarta Oeste",1173332.70145,0,0.151404323116928,0
31067,"Fresno europeo","16/02/2011 12:42","Bajo (2 - 4 mts)",90,"Grande",-68.855367201,-32.8653315979,6,"Residencial Norte",2694682.37982,0,0.465751529287142,0
14015,"Paraiso sombrilla","29/11/2011 17:15","Bajo (2 - 4 mts)",90,"Grande",-68.878643733,-32.8655193824,8,"Aeroparque",2203364.73622,0,0.41763181860958,0
28963,"Pltano","25/04/2011 12:16","Alto (> 8 mts)",230,"Grande",-68.8448453199,-32.8855244491,1,"Parque Central",1655357.93265,0,0.645729744551411,0
36245,"Fresno europeo","17/03/2011 12:59","Medio (4 - 8 mts)",85,"Grande",-68.8543120907,-32.8785463522,6,"Residencial Norte",2694682.37982,1,0.950053986732986,0
16319,"Prunas","22/07/2011 10:35","Bajo (2 - 4 mts)",70,"Grande",-68.8423352591,-32.8625189702,4,"Cuarta Oeste",1173332.70145,0,0.700291967747949,0
33039,"Morera","17/05/2011 14:00","Alto (> 8 mts)",93,"Grande",-68.8528982515,-32.8870523846,5,"Residencial Sur",2423808.92355,0,0.210154931010652,0
29672,"Morera","09/03/2011 16:42","Medio (4 - 8 mts)",76,"Grande",-68.8408882745,-32.8948133799,2,"Barrio Civico",2366816.36021,0,0.199507639691276,0
21490,"Paraiso","11/05/2011 11:14","Alto (> 8 mts)",130,"Grande",-68.8579305408,-32.8928494613,5,"Residencial Sur",2423808.92355,0,0.544058723137725,0
33680,"Acacia SP","13/05/2011 10:36","Alto (> 8 mts)",130,"Grande",-68.855470558,-32.8871296463,5,"Residencial Sur",2423808.92355,0,0.921880848018655,0
349,"Morera","07/03/2012 09:32","Medio (4 - 8 mts)",150,"Grande",-68.8212860356,-32.8673019621,4,"Cuarta Este Área Fundacional",1822015.85685,0,0.0277494542146497,0
6211,"Fresno americano","18/04/2011 18:34","Medio (4 - 8 mts)",98,"Grande",-68.8382078584,-32.8852497564,3,"Parque O'Higgins",1531146.02653,0,0.0115839224639441,0
29218,"Pltano","03/03/2011 09:58","Alto (> 8 mts)",220,"Grande",-68.8454410968,-32.8877348616,1,"Parque Central",1655357.93265,0,0.135076556831627,0
9918,"Morera","17/11/2010 10:48","Alto (> 8 mts)",180,"Grande",-68.8576868696,-32.8695479123,6,"Residencial Norte",2694682.37982,0,0.363309380483401,0
32210,"Morera","10/05/2011 09:58","Alto (> 8 mts)",180,"Grande",-68.8592064102,-32.8857665816,5,"Residencial Sur",2423808.92355,0,0.132358683507323,0
14454,"Acer","02/12/2011 10:50","Bajo (2 - 4 mts)",62,"Grande",-68.8783875703,-32.8658803006,8,"Aeroparque",2203364.73622,0,0.364575431270437,0
28456,"Morera","28/02/2011 08:59","Alto (> 8 mts)",150,"Grande",-68.8471360915,-32.8897605,2,"Barrio Civico",2366816.36021,0,0.689290922415382,0
19595,"Morera","11/07/2011 09:59","Alto (> 8 mts)",200,"Grande",-68.836036828,-32.8715861448,4,"Cuarta Oeste",1173332.70145,0,0.629089490468816,0
9939,"lamo criollo","16/11/2010 11:35","Alto (> 8 mts)",230,"Grande",-68.8575202642,-32.8692792927,6,"Residencial Norte",2694682.37982,0,0.299830329262408,0
14113,"Fresno europeo","02/12/2011 07:34","Muy bajo (1 - 2 mts)",18,"Chico",-68.877094888,-32.8685136035,8,"Aeroparque",2203364.73622,0,0.657398808068265,0
13201,"Fresno europeo","22/02/2011 09:12","Medio (4 - 8 mts)",74,"Grande",-68.8475374689,-32.8645943562,4,"Cuarta Oeste",1173332.70145,0,0.418121873960322,0
2416,"Fresno americano","20/10/2011 10:55","Medio (4 - 8 mts)",190,"Grande",-68.8314922964,-32.8884810628,3,"Parque O'Higgins",1531146.02653,0,0.9151343798854,0
20746,"Pltano","01/06/2011 11:28","Alto (> 8 mts)",170,"Grande",-68.8616359588,-32.8968259262,5,"Residencial Sur",2423808.92355,0,0.773898548900029,0
23088,"Morera","19/01/2011 14:25","Alto (> 8 mts)",190,"Grande",-68.8477917913,-32.9009702743,2,"Barrio Civico",2366816.36021,0,0.0650060260301324,0
12298,"Paraiso","13/01/2011 10:05","Alto (> 8 mts)",160,"Grande",-68.8463077039,-32.8666216555,4,"Cuarta Oeste",1173332.70145,0,0.753582389159875,0
660,"Paraiso","07/03/2012 16:05","Medio (4 - 8 mts)",120,"Grande",-68.8180015417,-32.8680886557,4,"Cuarta Este Área Fundacional",1822015.85685,0,0.921233002955789,0
21030,"Morera","21/06/2011 11:58","Alto (> 8 mts)",128,"Grande",-68.8640929958,-32.9015040783,5,"Residencial Sur",2423808.92355,0,0.159483527596794,0
36015,"Conifera","18/03/2011 11:30","Alto (> 8 mts)",110,"Grande",-68.8561625591,-32.8758692908,6,"Residencial Norte",2694682.37982,0,0.799230124735348,0
18925,"Acer","01/08/2011 10:14","Alto (> 8 mts)",220,"Grande",-68.8419402508,-32.8699701075,4,"Cuarta Oeste",1173332.70145,0,0.300728591305312,0
27019,"Fresno europeo","09/11/2011 10:42","Medio (4 - 8 mts)",90,"Grande",-68.838513272,-32.8908968575,3,"Parque O'Higgins",1531146.02653,0,0.833496298323106,0
17085,"Morera","15/08/2011 11:50","Alto (> 8 mts)",185,"Grande",-68.8373765664,-32.8634058307,4,"Cuarta Oeste",1173332.70145,1,0.251982751658536,0
4001,"Morera","27/09/2011 09:55","Medio (4 - 8 mts)",108,"Grande",-68.821835057,-32.8741161445,4,"Cuarta Este Área Fundacional",1822015.85685,0,0.920728121501804,0
9192,"Paraiso","02/03/2011 13:04","Alto (> 8 mts)",180,"Grande",-68.8504509973,-32.8655133866,6,"Residencial Norte",2694682.37982,0,0.0432409130662289,0
35739,"Morera","04/03/2011 09:43","Alto (> 8 mts)",111,"Grande",-68.8551777218,-32.8739962379,6,"Residencial Norte",2694682.37982,0,0.0227642205550201,0
20657,"Fresno europeo","03/06/2011 13:33","Medio (4 - 8 mts)",71,"Grande",-68.8607652142,-32.8965428206,5,"Residencial Sur",2423808.92355,0,0.655230485605324,0
46198,"Morera","28/09/2011 11:21","Medio (4 - 8 mts)",120,"Grande",-68.8254068185,-32.8751358392,4,"Cuarta Este Área Fundacional",1822015.85685,0,0.0750033764951983,0
19377,"Pltano","04/07/2011 11:08","Alto (> 8 mts)",220,"Grande",-68.8349343182,-32.8732379957,4,"Cuarta Este Área Fundacional",1822015.85685,0,0.428981119934135,0
2515,"Pltano","21/10/2011 14:23","Alto (> 8 mts)",138,"Grande",-68.8354962948,-32.8884660552,3,"Parque O'Higgins",1531146.02653,0,0.0691036962183258,0
28190,"Tipa","23/02/2011 15:56","Alto (> 8 mts)",106,"Grande",-68.8490565695,-32.8920580839,2,"Barrio Civico",2366816.36021,0,0.748742210294431,0
16498,"Morera","04/08/2011 13:41","Alto (> 8 mts)",165,"Grande",-68.8418492654,-32.8652469155,4,"Cuarta Oeste",1173332.70145,0,0.548906025538758,0
35228,"Morera","22/03/2011 13:17","Alto (> 8 mts)",70,"Grande",-68.8538167456,-32.8814066653,6,"Residencial Norte",2694682.37982,0,0.885104647587266,0
7483,"Prunas","17/06/2011 10:02","Muy bajo (1 - 2 mts)",8,"Chico",-68.8615965034,-32.8994073597,5,"Residencial Sur",2423808.92355,0,0.733382441615432,0
20709,"Acacia SP","31/05/2011 11:23","Alto (> 8 mts)",160,"Grande",-68.8620286438,-32.8974100543,5,"Residencial Sur",2423808.92355,0,0.810067598675675,0
25669,"Pltano","07/02/2011 09:42","Alto (> 8 mts)",225,"Grande",-68.8422328238,-32.9019224769,2,"Barrio Civico",2366816.36021,0,0.442856137648901,0
40996,"Morera","14/04/2011 13:13","Alto (> 8 mts)",180,"Grande",-68.8383273004,-32.8799590507,1,"Parque Central",1655357.93265,0,0.865424202297761,0
21418,"Morera","10/05/2011 11:24","Alto (> 8 mts)",107,"Grande",-68.8566386402,-32.8922140591,5,"Residencial Sur",2423808.92355,0,0.423407080867678,0
33933,"Acer","24/05/2011 09:21","Medio (4 - 8 mts)",140,"Grande",-68.8522476717,-32.883989614,5,"Residencial Sur",2423808.92355,0,0.747464925807794,0
12465,"Acer","24/01/2011 13:58","Alto (> 8 mts)",180,"Grande",-68.8489986487,-32.8665226559,6,"Residencial Norte",2694682.37982,0,0.967045420016501,0
28111,"Morera","14/03/2011 16:50","Alto (> 8 mts)",162,"Grande",-68.8472218003,-32.8925102442,2,"Barrio Civico",2366816.36021,0,0.369953441822421,0
42010,"Fresno europeo","20/04/2011 13:36","Alto (> 8 mts)",128,"Grande",-68.8375576294,-32.878702987,1,"Parque Central",1655357.93265,0,0.0728764364246011,0
22616,"Fresno europeo","23/06/2011 09:58","Medio (4 - 8 mts)",90,"Grande",-68.8625238957,-32.9014385629,5,"Residencial Sur",2423808.92355,0,0.655780827212792,0
38033,"Fresno europeo","07/12/2010 09:33","Alto (> 8 mts)",70,"Grande",-68.8472909313,-32.8720192717,6,"Residencial Norte",2694682.37982,0,0.571159369468106,0
42368,"Morera","29/09/2011 10:27","Medio (4 - 8 mts)",78,"Grande",-68.8347369675,-32.8758838451,4,"Cuarta Este Área Fundacional",1822015.85685,0,0.762723448724039,0
22634,"Caducifolio","22/06/2011 09:31","Muy bajo (1 - 2 mts)",7,"Chico",-68.8612835652,-32.9014832369,5,"Residencial Sur",2423808.92355,0,0.729863739734605,0
26066,"Morera","04/11/2011 18:06","Medio (4 - 8 mts)",100,"Grande",-68.8340858126,-32.8867807606,3,"Parque O'Higgins",1531146.02653,0,0.777258810097371,0
47069,"Morera","28/09/2011 08:47","Alto (> 8 mts)",65,"Grande",-68.8339751135,-32.8737475358,4,"Cuarta Este Área Fundacional",1822015.85685,0,0.33273285118093,0
39369,"Paraiso","30/11/2010 11:57","Muy bajo (1 - 2 mts)",20,"Chico",-68.856714192,-32.8724549381,6,"Residencial Norte",2694682.37982,0,0.45390610461181,0
24639,"Morera","19/01/2011 10:03","Alto (> 8 mts)",150,"Grande",-68.8430130164,-32.8995464238,2,"Barrio Civico",2366816.36021,1,0.94795524162726,0
19144,"Morera","20/07/2011 10:25","Alto (> 8 mts)",112,"Grande",-68.8400246765,-32.8721061305,4,"Cuarta Oeste",1173332.70145,1,0.33246525664967,0
7868,"Paraiso","21/06/2011 12:12","Medio (4 - 8 mts)",40,"Mediano",-68.8530184352,-32.8902205762,5,"Residencial Sur",2423808.92355,0,0.293508931128613,0
4044,"Fresno europeo","23/09/2011 13:56","Alto (> 8 mts)",70,"Grande",-68.8270263358,-32.8732654288,4,"Cuarta Este Área Fundacional",1822015.85685,0,0.709108523522515,0
37562,"Morera","16/11/2010 11:08","Alto (> 8 mts)",190,"Grande",-68.8569741867,-32.8695114736,6,"Residencial Norte",2694682.37982,0,0.11750610007363,0
5303,"Acer","28/04/2011 13:10","Bajo (2 - 4 mts)",60,"Mediano",-68.8431362975,-32.8765976198,1,"Parque Central",1655357.93265,0,0.574185985695286,0
45570,"Fresno europeo","05/09/2011 13:31","Alto (> 8 mts)",160,"Grande",-68.8216187086,-32.8711966427,4,"Cuarta Este Área Fundacional",1822015.85685,0,0.727956786497541,0
39257,"Morera","30/12/2010 09:05","Alto (> 8 mts)",130,"Grande",-68.8551905843,-32.8719917848,6,"Residencial Norte",2694682.37982,0,0.121188815817442,0
13154,"Fresno europeo","18/02/2011 12:51","Alto (> 8 mts)",160,"Grande",-68.846632838,-32.8648146627,4,"Cuarta Oeste",1173332.70145,0,0.933203913821612,0
18666,"Morera","05/07/2011 10:18","Alto (> 8 mts)",150,"Grande",-68.836515425,-32.8747476138,4,"Cuarta Oeste",1173332.70145,1,0.197913969133783,0
13119,"Morera","17/02/2011 13:25","Medio (4 - 8 mts)",88,"Grande",-68.8456753687,-32.8654865772,4,"Cuarta Oeste",1173332.70145,0,0.240677438091111,0
5499,"Fresno europeo","08/04/2011 12:24","Bajo (2 - 4 mts)",28,"Mediano",-68.8437576757,-32.8805210036,1,"Parque Central",1655357.93265,0,0.596266619436587,0
37520,"Paraiso","15/11/2010 10:59","Medio (4 - 8 mts)",120,"Grande",-68.8564199113,-32.8702739428,6,"Residencial Norte",2694682.37982,0,0.596553029305488,0
36847,"Fresno europeo","28/03/2011 16:50","Alto (> 8 mts)",48,"Mediano",-68.8575614782,-32.8791672128,7,"Residencial Parque",1786336.08966,0,0.231636206546589,0
26165,"Caducifolio","14/11/2011 17:23","Bajo (2 - 4 mts)",150,"Grande",-68.8298543631,-32.8867547765,3,"Parque O'Higgins",1531146.02653,0,0.902691579269791,0
14914,"Paraiso","19/12/2011 08:48","Medio (4 - 8 mts)",92,"Grande",-68.8804234836,-32.8734926323,8,"Aeroparque",2203364.73622,0,0.45158956296845,0
46516,"Paraiso","17/08/2011 09:14","Alto (> 8 mts)",186,"Grande",-68.8313301504,-32.8668030795,4,"Cuarta Oeste",1173332.70145,0,0.396059099634015,0
45174,"Fresno europeo","31/08/2011 10:16","Alto (> 8 mts)",153,"Grande",-68.8231466517,-32.870525475,4,"Cuarta Este Área Fundacional",1822015.85685,0,0.146714540965834,0
44866,"Morera","19/08/2011 09:48","Alto (> 8 mts)",130,"Grande",-68.82537166,-32.8669066555,4,"Cuarta Este Área Fundacional",1822015.85685,0,0.890310524449005,0
7296,"Perenne","12/05/2011 11:19","Alto (> 8 mts)",148,"Grande",-68.8537417334,-32.9008354289,5,"Residencial Sur",2423808.92355,0,0.194085408963272,0
32352,"Morera","06/05/2011 12:25","Alto (> 8 mts)",140,"Grande",-68.8514369034,-32.8928895634,5,"Residencial Sur",2423808.92355,0,0.809676848555655,0
32214,"Morera","10/05/2011 09:49","Medio (4 - 8 mts)",200,"Grande",-68.8596286429,-32.8856999703,5,"Residencial Sur",2423808.92355,0,0.95138449439412,0
45200,"Fresno europeo","28/09/2011 10:41","Muy bajo (1 - 2 mts)",3,"Chico",-68.8232640607,-32.8726024077,4,"Cuarta Este Área Fundacional",1822015.85685,0,0.115789676450524,0
27309,"Morera","25/10/2011 09:37","Medio (4 - 8 mts)",140,"Grande",-68.8344231217,-32.8901418013,3,"Parque O'Higgins",1531146.02653,1,0.98824305116595,0
31039,"Paraiso sombrilla","16/02/2011 10:51","Bajo (2 - 4 mts)",45,"Mediano",-68.855776663,-32.864943366,6,"Residencial Norte",2694682.37982,0,0.908439135728031,0
3678,"Paraiso","25/08/2011 13:16","Alto (> 8 mts)",210,"Grande",-68.8193886983,-32.8695102834,4,"Cuarta Este Área Fundacional",1822015.85685,0,0.873787027878994,0
46529,"Paraiso sombrilla","16/08/2011 13:21","Alto (> 8 mts)",160,"Grande",-68.8317679429,-32.8681506573,4,"Cuarta Oeste",1173332.70145,1,0.526290604512449,0
28460,"Fresno europeo","28/02/2011 08:50","Medio (4 - 8 mts)",13,"Chico",-68.847222891,-32.8900794658,2,"Barrio Civico",2366816.36021,0,0.189019013236556,0
5930,"Morera","02/05/2011 11:27","Alto (> 8 mts)",185,"Grande",-68.8450077223,-32.8761512664,1,"Parque Central",1655357.93265,0,0.198687154652396,0
25326,"Paraiso sombrilla","09/02/2011 10:45","Alto (> 8 mts)",200,"Grande",-68.8397372927,-32.8993910548,2,"Barrio Civico",2366816.36021,0,0.911511961820584,0
48114,"Morera","29/09/2011 09:06","Alto (> 8 mts)",185,"Grande",-68.8255009554,-32.8669000786,4,"Cuarta Este Área Fundacional",1822015.85685,0,0.0176924025402857,0
16944,"Morera","16/08/2011 13:13","Medio (4 - 8 mts)",100,"Grande",-68.8369278436,-32.8653713432,4,"Cuarta Oeste",1173332.70145,0,0.466144344494112,0
31152,"Morera","07/02/2011 13:25","Alto (> 8 mts)",170,"Grande",-68.8543241356,-32.8634765813,6,"Residencial Norte",2694682.37982,0,0.187630236881288,0
22761,"Fresno europeo","29/06/2011 16:17","Alto (> 8 mts)",50,"Mediano",-68.8548285162,-32.9023118035,5,"Residencial Sur",2423808.92355,0,0.296479006219776,0
33200,"Pltano","09/05/2011 13:05","Muy bajo (1 - 2 mts)",160,"Grande",-68.8562312938,-32.8909759576,5,"Residencial Sur",2423808.92355,0,0.108537824741237,0
18860,"Morera","27/07/2011 09:20","Alto (> 8 mts)",170,"Grande",-68.840240989,-32.8699710111,4,"Cuarta Oeste",1173332.70145,0,0.454813202486533,0
20082,"Olmo comun","15/08/2011 09:06","Alto (> 8 mts)",160,"Grande",-68.8327619781,-32.8650239435,4,"Cuarta Oeste",1173332.70145,1,0.685573214636091,0
2148,"Morera","07/11/2011 10:39","Alto (> 8 mts)",142,"Grande",-68.8397727645,-32.8950127702,2,"Barrio Civico",2366816.36021,1,0.480766071898744,0
47748,"Fresno europeo","16/09/2011 13:35","Alto (> 8 mts)",145,"Grande",-68.8263957786,-32.8732079523,4,"Cuarta Este Área Fundacional",1822015.85685,0,0.886733749089373,0
3096,"Perenne","08/09/2011 11:20","Medio (4 - 8 mts)",280,"Grande",-68.8292430554,-32.8713098701,4,"Cuarta Este Área Fundacional",1822015.85685,1,0.61389874838649,0
1136,"Fresno americano","01/12/2011 08:00","Muy bajo (1 - 2 mts)",12,"Chico",-68.8759798327,-32.8673583701,8,"Aeroparque",2203364.73622,0,0.743190816400849,0
9384,"Fresno europeo","15/02/2011 09:58","Alto (> 8 mts)",110,"Grande",-68.8438992403,-32.8657803821,4,"Cuarta Oeste",1173332.70145,0,0.954472499137571,0
5862,"Morera","28/04/2011 12:18","Medio (4 - 8 mts)",27,"Mediano",-68.8422127401,-32.8858473426,1,"Parque Central",1655357.93265,0,0.268002768459821,0
28141,"Morera","14/03/2011 16:25","Medio (4 - 8 mts)",52,"Mediano",-68.8476484969,-32.8917065039,2,"Barrio Civico",2366816.36021,0,0.901288083144185,0
32556,"Pltano","21/06/2011 09:13","Alto (> 8 mts)",160,"Grande",-68.8541815088,-32.8897336789,5,"Residencial Sur",2423808.92355,0,0.613297249841903,0
6861,"Morera","07/06/2011 10:48","Medio (4 - 8 mts)",90,"Grande",-68.8576092778,-32.8951773311,5,"Residencial Sur",2423808.92355,0,0.869676001537703,0
6673,"Fresno europeo","10/05/2011 12:22","Muy bajo (1 - 2 mts)",2,"Chico",-68.8533099602,-32.8946326544,5,"Residencial Sur",2423808.92355,0,0.666862426838561,0
6785,"Morera","30/05/2011 12:09","Alto (> 8 mts)",110,"Grande",-68.8574499002,-32.8949300798,5,"Residencial Sur",2423808.92355,0,0.885001512554809,0
28728,"Pltano","14/03/2011 08:57","Alto (> 8 mts)",240,"Grande",-68.8480939003,-32.8877544326,5,"Residencial Sur",2423808.92355,0,0.300269869883996,0
11794,"Paraiso","02/03/2011 10:10","Alto (> 8 mts)",146,"Grande",-68.8511253014,-32.864994112,6,"Residencial Norte",2694682.37982,0,0.58429690435579,0
40937,"Fresno americano","18/04/2011 18:30","Alto (> 8 mts)",86,"Grande",-68.8386048946,-32.8851800474,3,"Parque O'Higgins",1531146.02653,0,0.952748332878399,0
7269,"Paraiso","14/06/2011 12:00","Alto (> 8 mts)",162,"Grande",-68.8573273621,-32.9018832347,5,"Residencial Sur",2423808.92355,0,0.562781499779627,0
40681,"Morera","19/04/2011 12:11","Alto (> 8 mts)",200,"Grande",-68.8427578015,-32.8835689298,1,"Parque Central",1655357.93265,0,0.542932369936656,0
15470,"Acacia SP","21/11/2011 13:30","Medio (4 - 8 mts)",120,"Grande",-68.8599729023,-32.8709950881,6,"Residencial Norte",2694682.37982,0,0.316523275523402,0
8861,"Paraiso sombrilla","14/05/2010 12:16","Medio (4 - 8 mts)",80,"Grande",-68.8509910899,-32.8680721614,6,"Residencial Norte",2694682.37982,0,0.597449626485397,0
10946,"Palo borracho","21/03/2011 16:16","Muy bajo (1 - 2 mts)",8,"Chico",-68.8570871566,-32.8806312307,7,"Residencial Parque",1786336.08966,0,0.221622830670503,0
42018,"Morera","08/04/2011 12:32","Alto (> 8 mts)",140,"Grande",-68.8413985074,-32.8806871035,1,"Parque Central",1655357.93265,0,0.85791507922744,0
19242,"Pltano","03/08/2011 12:46","Alto (> 8 mts)",300,"Grande",-68.8374353748,-32.8699248402,4,"Cuarta Oeste",1173332.70145,0,0.611562051633847,0
14007,"Paraiso sombrilla","29/11/2011 17:31","Bajo (2 - 4 mts)",120,"Grande",-68.8782658019,-32.8654184148,8,"Aeroparque",2203364.73622,0,0.979446583470825,0
31847,"Pltano","30/06/2011 10:01","Alto (> 8 mts)",170,"Grande",-68.8616701126,-32.8898422743,5,"Residencial Sur",2423808.92355,0,0.720057568541008,0
29509,"Morera","18/02/2011 11:46","Alto (> 8 mts)",138,"Grande",-68.8449677005,-32.8929351196,2,"Barrio Civico",2366816.36021,0,0.423508046957807,0
5423,"Morera","19/04/2011 09:48","Alto (> 8 mts)",180,"Grande",-68.8442228547,-32.8786452724,1,"Parque Central",1655357.93265,0,0.757366821412325,0
39009,"Morera","27/12/2010 10:14","Medio (4 - 8 mts)",80,"Grande",-68.8547445631,-32.870638277,6,"Residencial Norte",2694682.37982,1,0.398766618984629,0
21643,"Morera","10/06/2011 08:51","Alto (> 8 mts)",158,"Grande",-68.85449257,-32.8963165877,5,"Residencial Sur",2423808.92355,1,0.220443073052395,0
46322,"Morera","27/09/2011 13:29","Alto (> 8 mts)",190,"Grande",-68.8235430153,-32.8739333928,4,"Cuarta Este Área Fundacional",1822015.85685,0,0.495544320533367,0
29050,"Olmo comun","18/04/2011 12:09","Medio (4 - 8 mts)",95,"Grande",-68.8439524257,-32.8864985065,1,"Parque Central",1655357.93265,0,0.855762013900434,0
12577,"Morera","11/01/2011 12:59","Medio (4 - 8 mts)",110,"Grande",-68.8451850478,-32.8626210709,4,"Cuarta Oeste",1173332.70145,0,0.00461392409414207,0
17223,"Morera","12/08/2011 09:59","Alto (> 8 mts)",230,"Grande",-68.8352960384,-32.8637463347,4,"Cuarta Oeste",1173332.70145,1,0.232844553830569,0
25052,"Morera","15/02/2011 19:25","Alto (> 8 mts)",132,"Grande",-68.8353181745,-32.897886884,2,"Barrio Civico",2366816.36021,1,0.0417876397214919,0
46275,"Morera","30/09/2011 14:54","Alto (> 8 mts)",180,"Grande",-68.8233867031,-32.8737999398,4,"Cuarta Este Área Fundacional",1822015.85685,0,0.0687218263174667,0
423,"Prunas","06/03/2012 12:17","Bajo (2 - 4 mts)",36,"Mediano",-68.8175928977,-32.8674337091,4,"Cuarta Este Área Fundacional",1822015.85685,0,0.0406204460694324,0
33677,"Acacia SP","13/05/2011 10:42","Alto (> 8 mts)",140,"Grande",-68.8555298056,-32.8873672204,5,"Residencial Sur",2423808.92355,0,0.000132945689089614,0
36997,"Morera","01/04/2011 11:46","Alto (> 8 mts)",92,"Grande",-68.8579883029,-32.8776093013,7,"Residencial Parque",1786336.08966,0,0.608237934003466,0
12567,"Morera","11/01/2011 08:56","Alto (> 8 mts)",124,"Grande",-68.8447357364,-32.8627346209,4,"Cuarta Oeste",1173332.70145,0,0.727424768853905,0
26943,"Fresno europeo","01/11/2011 17:13","Alto (> 8 mts)",120,"Grande",-68.836206633,-32.8874617077,3,"Parque O'Higgins",1531146.02653,0,0.293498057964153,0
20182,"Fresno europeo","12/05/2011 11:26","Alto (> 8 mts)",74,"Grande",-68.8603468456,-32.8920219011,5,"Residencial Sur",2423808.92355,0,0.950988849396992,0
39074,"Paraiso","22/12/2010 09:40","Alto (> 8 mts)",65,"Grande",-68.85335099,-32.8712470081,6,"Residencial Norte",2694682.37982,0,0.542843938240888,0
5643,"Pltano","02/05/2011 13:20","Medio (4 - 8 mts)",32,"Mediano",-68.8392784704,-32.8766951465,1,"Parque Central",1655357.93265,0,0.351194760368743,0
45032,"Morera","29/08/2011 09:15","Alto (> 8 mts)",140,"Grande",-68.8250800852,-32.8701147523,4,"Cuarta Este Área Fundacional",1822015.85685,1,0.262229347116366,0
28178,"Tipa","23/02/2011 14:46","Alto (> 8 mts)",136,"Grande",-68.8486645015,-32.8912623444,2,"Barrio Civico",2366816.36021,0,0.250966359595734,0
7997,"Fresno americano","17/02/2011 12:49","Bajo (2 - 4 mts)",22,"Mediano",-68.8393483593,-32.889444035,3,"Parque O'Higgins",1531146.02653,1,0.721995101998621,0
29384,"Pltano","03/03/2011 09:04","Alto (> 8 mts)",165,"Grande",-68.8461822441,-32.8911349726,2,"Barrio Civico",2366816.36021,0,0.255890286736056,0
40370,"Pltano","11/04/2011 09:48","Alto (> 8 mts)",176,"Grande",-68.844204933,-32.8828448305,1,"Parque Central",1655357.93265,0,0.336932886339997,0
8185,"Acacia SP","11/03/2011 10:08","Alto (> 8 mts)",133,"Grande",-68.8412402845,-32.8921714832,2,"Barrio Civico",2366816.36021,0,0.583350444171188,0
40581,"Morera","15/04/2011 12:01","Alto (> 8 mts)",200,"Grande",-68.8457727019,-32.8839789116,1,"Parque Central",1655357.93265,1,0.801926399577092,0
36936,"Fresno americano","08/04/2011 11:13","Medio (4 - 8 mts)",93,"Grande",-68.8576577755,-32.8790231416,7,"Residencial Parque",1786336.08966,0,0.0327654832248468,0
26746,"Pltano","11/01/2012 12:50","Alto (> 8 mts)",230,"Grande",-68.8342839366,-32.8950409549,3,"Parque O'Higgins",1531146.02653,0,0.124725868018652,0
15804,"Fresno americano","21/11/2011 17:46","Bajo (2 - 4 mts)",38,"Mediano",-68.8736090076,-32.8789420081,7,"Residencial Parque",1786336.08966,0,0.939472332274962,0
25051,"Morera","14/02/2011 12:18","Alto (> 8 mts)",130,"Grande",-68.836490398,-32.895906873,2,"Barrio Civico",2366816.36021,0,0.360872968460617,0
5683,"Fresno europeo","29/04/2011 13:48","Medio (4 - 8 mts)",80,"Grande",-68.8393861489,-32.8751799727,1,"Parque Central",1655357.93265,0,0.974086498922249,0
7106,"Fresno europeo","01/06/2011 11:12","Bajo (2 - 4 mts)",35,"Mediano",-68.8610366741,-32.8969501115,5,"Residencial Sur",2423808.92355,0,0.190716578570512,0
25372,"Morera","10/02/2011 09:52","Alto (> 8 mts)",140,"Grande",-68.8378473107,-32.9007130203,2,"Barrio Civico",2366816.36021,0,0.230029319003967,0
29276,"Morera","23/02/2011 12:44","Alto (> 8 mts)",220,"Grande",-68.8428949109,-32.8884295542,3,"Parque O'Higgins",1531146.02653,0,0.357579687454589,0
12073,"Morera","02/02/2010 12:18","Bajo (2 - 4 mts)",73,"Grande",-68.8528474397,-32.8677996529,6,"Residencial Norte",2694682.37982,0,0.856298703299002,0
33453,"Pltano","15/06/2011 11:14","Alto (> 8 mts)",180,"Grande",-68.8572386007,-32.8885648597,5,"Residencial Sur",2423808.92355,0,0.189068355972486,0
34686,"Morera","31/03/2011 10:28","Alto (> 8 mts)",179,"Grande",-68.8495884273,-32.8767504055,6,"Residencial Norte",2694682.37982,0,0.0276008644615586,0
23287,"Jacarand","18/01/2012 17:38","Bajo (2 - 4 mts)",9,"Chico",-68.8522486091,-32.9011311275,2,"Barrio Civico",2366816.36021,0,0.972334168888963,0
311,"Acer","05/03/2012 12:57","Medio (4 - 8 mts)",120,"Grande",-68.8220301975,-32.8671218446,4,"Cuarta Este Área Fundacional",1822015.85685,0,0.87013987468501,0
12705,"Morera","20/01/2011 09:16","Medio (4 - 8 mts)",70,"Grande",-68.8473675947,-32.8634186738,4,"Cuarta Oeste",1173332.70145,0,0.210474538504183,0
25537,"Morera","11/02/2011 12:10","Medio (4 - 8 mts)",98,"Grande",-68.8379619204,-32.9011670796,2,"Barrio Civico",2366816.36021,0,0.137773490589417,0
5893,"Paraiso","14/04/2011 12:24","Alto (> 8 mts)",81,"Grande",-68.8455320419,-32.8830664337,1,"Parque Central",1655357.93265,0,0.316447742366269,0
4631,"Paraiso","04/08/2011 11:08","Alto (> 8 mts)",127,"Grande",-68.8344300841,-32.8637239956,4,"Cuarta Oeste",1173332.70145,1,0.86740099680316,0
13484,"Acer","31/01/2011 13:13","Medio (4 - 8 mts)",140,"Grande",-68.8519920021,-32.8638600231,6,"Residencial Norte",2694682.37982,0,0.870900702477599,0
1131,"Morera","01/12/2011 08:11","Alto (> 8 mts)",110,"Grande",-68.8758791671,-32.8669709308,8,"Aeroparque",2203364.73622,0,0.824734775347997,0
6513,"Morera","09/05/2011 11:27","Alto (> 8 mts)",155,"Grande",-68.8516917781,-32.8928451349,5,"Residencial Sur",2423808.92355,1,0.363874672556331,0
46857,"Fresno europeo","15/09/2011 13:09","Medio (4 - 8 mts)",45,"Mediano",-68.8336861784,-32.8726845032,4,"Cuarta Este Área Fundacional",1822015.85685,0,0.611900292661862,0
5028,"Paraiso","22/07/2011 09:00","Medio (4 - 8 mts)",30,"Mediano",-68.8402968623,-32.8633144033,4,"Cuarta Oeste",1173332.70145,0,0.0145384138334224,0
12700,"Jacarand","20/01/2011 09:41","Bajo (2 - 4 mts)",34,"Mediano",-68.8477461552,-32.863431454,4,"Cuarta Oeste",1173332.70145,0,0.851933368069199,0
48087,"Morera","29/09/2011 10:59","Alto (> 8 mts)",170,"Grande",-68.8269756656,-32.8677324171,4,"Cuarta Este Área Fundacional",1822015.85685,0,0.346798958041372,0
5392,"Fresno americano","20/04/2011 12:03","Medio (4 - 8 mts)",120,"Grande",-68.8449626477,-32.8780834385,1,"Parque Central",1655357.93265,0,0.967767399618749,0
2031,"Morera","01/11/2011 08:55","Medio (4 - 8 mts)",100,"Grande",-68.8343861031,-32.8949244421,3,"Parque O'Higgins",1531146.02653,0,0.18365916683519,0
4453,"Morera","02/08/2011 09:54","Alto (> 8 mts)",110,"Grande",-68.8387289024,-32.8679782738,4,"Cuarta Oeste",1173332.70145,0,0.430593338346162,0
15007,"Aguaribay","19/12/2011 18:07","Bajo (2 - 4 mts)",90,"Grande",-68.8805570769,-32.8716189384,8,"Aeroparque",2203364.73622,0,0.337818800296155,0
29282,"Morera","22/02/2011 13:42","Alto (> 8 mts)",230,"Grande",-68.8427683827,-32.8879505662,3,"Parque O'Higgins",1531146.02653,0,0.632506180451019,0
29461,"Morera","15/03/2011 13:40","Alto (> 8 mts)",240,"Grande",-68.8443347705,-32.8939726531,2,"Barrio Civico",2366816.36021,0,0.752616238472615,0
24387,"Morera","21/01/2011 13:16","Alto (> 8 mts)",80,"Grande",-68.8442261754,-32.9036622942,2,"Barrio Civico",2366816.36021,0,0.576367132726538,0
47635,"Pltano","08/09/2011 10:17","Alto (> 8 mts)",250,"Grande",-68.830470545,-32.8718353922,4,"Cuarta Este Área Fundacional",1822015.85685,0,0.148580625021278,0
4790,"Fresno europeo","03/08/2011 09:34","Medio (4 - 8 mts)",30,"Mediano",-68.8385372492,-32.8671502492,4,"Cuarta Oeste",1173332.70145,0,0.723704875874662,0
4748,"Morera","02/08/2011 10:14","Alto (> 8 mts)",88,"Grande",-68.835245224,-32.8668537575,4,"Cuarta Oeste",1173332.70145,0,0.57711427999941,0
17172,"Morera","06/07/2011 09:43","Medio (4 - 8 mts)",120,"Grande",-68.8355384207,-32.863594718,4,"Cuarta Oeste",1173332.70145,0,0.984955274263229,0
35036,"Morera","23/03/2011 09:30","Alto (> 8 mts)",93,"Grande",-68.8540059841,-32.8810162576,6,"Residencial Norte",2694682.37982,0,0.651176431391824,0
32666,"Acacia visco","24/06/2011 10:45","Alto (> 8 mts)",132,"Grande",-68.8505303594,-32.890216913,5,"Residencial Sur",2423808.92355,0,0.301562746031664,0
40526,"Pltano","12/04/2011 10:04","Alto (> 8 mts)",220,"Grande",-68.8435548003,-32.8831346976,1,"Parque Central",1655357.93265,0,0.943176162288844,0
41216,"Fresno europeo","18/04/2011 10:07","Alto (> 8 mts)",155,"Grande",-68.8377848734,-32.8821306163,1,"Parque Central",1655357.93265,0,0.964097227506108,0
18471,"Fresno europeo","07/07/2011 11:52","Bajo (2 - 4 mts)",40,"Mediano",-68.8389936258,-32.8741393897,4,"Cuarta Oeste",1173332.70145,0,0.631586816675032,0
34271,"Fresno europeo","04/03/2011 10:04","Bajo (2 - 4 mts)",36,"Mediano",-68.8526073449,-32.8736808888,6,"Residencial Norte",2694682.37982,0,0.775734324919552,0
17775,"Paraiso","22/07/2011 09:57","Alto (> 8 mts)",93,"Grande",-68.8426916906,-32.8672626346,4,"Cuarta Oeste",1173332.70145,0,0.803690216223814,0
19240,"Morera","03/08/2011 12:50","Alto (> 8 mts)",180,"Grande",-68.8372836645,-32.8699167081,4,"Cuarta Oeste",1173332.70145,0,0.807215243857197,0
9925,"Caducifolio","17/11/2010 10:14","Bajo (2 - 4 mts)",90,"Grande",-68.8578059431,-32.8702986103,6,"Residencial Norte",2694682.37982,0,0.0771091673585633,0
36559,"Fresno europeo","07/06/2011 10:06","Bajo (2 - 4 mts)",80,"Grande",-68.8578970186,-32.8835290944,5,"Residencial Sur",2423808.92355,0,0.99209572875046,0
7608,"Morera","03/06/2011 16:41","Bajo (2 - 4 mts)",26,"Mediano",-68.8593803539,-32.8824201856,7,"Residencial Parque",1786336.08966,0,0.526980277102334,0
3851,"Morera","29/08/2011 12:13","Medio (4 - 8 mts)",230,"Grande",-68.828151493,-32.8710436875,4,"Cuarta Este Área Fundacional",1822015.85685,0,0.932551793892236,0
14397,"Fresno americano","02/12/2011 10:16","Muy bajo (1 - 2 mts)",15,"Chico",-68.8785457375,-32.8671417197,8,"Aeroparque",2203364.73622,0,0.673575785577313,0
39586,"Pltano","22/10/2010 11:49","Alto (> 8 mts)",170,"Grande",-68.847716169,-32.8694117293,6,"Residencial Norte",2694682.37982,0,0.465310143036412,0
624,"Acacia SP","07/03/2012 17:40","Bajo (2 - 4 mts)",40,"Mediano",-68.8188505311,-32.8685684161,4,"Cuarta Este Área Fundacional",1822015.85685,0,0.359341349967098,0
27764,"Morera","03/11/2011 11:01","Bajo (2 - 4 mts)",16,"Chico",-68.8347484448,-32.8947463561,3,"Parque O'Higgins",1531146.02653,0,0.276776019090716,0
4105,"Fresno europeo","07/10/2011 16:39","Muy bajo (1 - 2 mts)",18,"Chico",-68.8343782554,-32.877637743,1,"Parque Central",1655357.93265,0,0.481109805106203,0
10754,"Fresno europeo","05/04/2011 13:58","Bajo (2 - 4 mts)",25,"Mediano",-68.8560106952,-32.8761464392,6,"Residencial Norte",2694682.37982,0,0.0601257674586745,0
12984,"Paraiso","15/02/2011 12:38","Alto (> 8 mts)",114,"Grande",-68.844302543,-32.8643620485,4,"Cuarta Oeste",1173332.70145,1,0.591425832432324,0
33198,"Morera","11/05/2011 12:11","Alto (> 8 mts)",135,"Grande",-68.8563479226,-32.8910909753,5,"Residencial Sur",2423808.92355,1,0.698940492532086,0
6916,"Pltano","10/06/2011 11:09","Alto (> 8 mts)",280,"Grande",-68.8542135274,-32.8960831747,5,"Residencial Sur",2423808.92355,0,0.63010452864738,0
28412,"Morera","28/02/2011 12:40","Alto (> 8 mts)",160,"Grande",-68.8467209016,-32.8903791148,2,"Barrio Civico",2366816.36021,0,0.319204141777979,0
35535,"Pltano","16/06/2011 15:06","Medio (4 - 8 mts)",110,"Grande",-68.8566578991,-32.8818419656,7,"Residencial Parque",1786336.08966,0,0.771946575880314,0
38967,"Morera","28/12/2010 12:00","Alto (> 8 mts)",90,"Grande",-68.8556241443,-32.8705753651,6,"Residencial Norte",2694682.37982,1,0.82750946503594,0
26992,"Fresno europeo","02/11/2011 17:04","Muy bajo (1 - 2 mts)",3,"Chico",-68.8350223028,-32.8875075367,3,"Parque O'Higgins",1531146.02653,0,0.719429709437188,0
8195,"Pltano","15/03/2011 08:47","Bajo (2 - 4 mts)",20,"Chico",-68.8399279376,-32.8922023442,2,"Barrio Civico",2366816.36021,0,0.504244039818335,0
341,"Morera","07/03/2012 09:50","Medio (4 - 8 mts)",110,"Grande",-68.8212466236,-32.8677897522,4,"Cuarta Este Área Fundacional",1822015.85685,0,0.299605559056521,0
45620,"Morera","22/09/2011 08:43","Alto (> 8 mts)",108,"Grande",-68.8208955056,-32.8713646202,4,"Cuarta Este Área Fundacional",1822015.85685,0,0.627201417571105,0
8714,"Olmo comun","10/02/2011 08:38","Alto (> 8 mts)",68,"Grande",-68.837680646,-32.89960206,2,"Barrio Civico",2366816.36021,0,0.757586901280881,0
34600,"Paraiso sombrilla","17/01/2012 12:37","Bajo (2 - 4 mts)",80,"Grande",-68.8479885194,-32.8753052575,6,"Residencial Norte",2694682.37982,0,0.517583606826953,0
38494,"Paraiso","02/11/2010 10:39","Alto (> 8 mts)",240,"Grande",-68.8503283352,-32.8701668762,6,"Residencial Norte",2694682.37982,0,0.862942396342126,0
30632,"lamo blanco","07/02/2011 13:24","Medio (4 - 8 mts)",70,"Grande",-68.8581518883,-32.867418538,6,"Residencial Norte",2694682.37982,0,0.177465237094358,0
47593,"Morera","15/09/2011 10:22","Alto (> 8 mts)",165,"Grande",-68.8299586292,-32.8718875367,4,"Cuarta Este Área Fundacional",1822015.85685,0,0.116434452426797,0
6372,"Pltano","06/06/2011 12:57","Alto (> 8 mts)",170,"Grande",-68.8576724217,-32.888362276,5,"Residencial Sur",2423808.92355,0,0.0198832894129001,0
26714,"Morera","09/11/2011 10:04","Alto (> 8 mts)",195,"Grande",-68.8328947868,-32.8936339313,3,"Parque O'Higgins",1531146.02653,1,0.00634125488181891,0
8146,"Pltano","03/03/2011 09:13","Alto (> 8 mts)",128,"Grande",-68.846107896,-32.890879624,2,"Barrio Civico",2366816.36021,0,0.382716692593619,0
22516,"Fresno europeo","21/06/2011 10:14","Medio (4 - 8 mts)",110,"Grande",-68.8599810466,-32.8994121462,5,"Residencial Sur",2423808.92355,0,0.560837157942998,0
17254,"Morera","12/08/2011 08:59","Alto (> 8 mts)",160,"Grande",-68.8364113184,-32.8638244421,4,"Cuarta Oeste",1173332.70145,0,0.438258434226902,0
25475,"Fresno europeo","08/02/2011 10:10","Alto (> 8 mts)",155,"Grande",-68.8403256004,-32.8997386876,2,"Barrio Civico",2366816.36021,0,0.801465587496027,0
3736,"Morera","24/08/2011 09:38","Bajo (2 - 4 mts)",16,"Chico",-68.8215304374,-32.8695688475,4,"Cuarta Este Área Fundacional",1822015.85685,0,0.87559318672584,0
3577,"Fresno europeo","05/09/2011 07:52","Medio (4 - 8 mts)",110,"Grande",-68.8304467667,-32.8691050817,4,"Cuarta Este Área Fundacional",1822015.85685,1,0.206853400994423,0
29785,"Morera","09/03/2011 09:42","Bajo (2 - 4 mts)",17,"Chico",-68.8432733112,-32.8911526407,2,"Barrio Civico",2366816.36021,0,0.65791692299932,0
9912,"Aguaribay","11/02/2011 11:21","Medio (4 - 8 mts)",40,"Mediano",-68.8582343821,-32.8647806022,6,"Residencial Norte",2694682.37982,0,0.0206567553446528,0
15386,"Aguaribay","15/11/2011 12:46","Medio (4 - 8 mts)",95,"Grande",-68.8604762604,-32.8703576853,7,"Residencial Parque",1786336.08966,0,0.396189464993904,0
44260,"Pltano","13/10/2011 11:05","Alto (> 8 mts)",290,"Grande",-68.834561728,-32.8847176156,3,"Parque O'Higgins",1531146.02653,1,0.168011146038215,0
30172,"Tilo","31/03/2011 16:05","Alto (> 8 mts)",58,"Mediano",-68.8412629898,-32.8877916457,3,"Parque O'Higgins",1531146.02653,0,0.842247529102198,0
21934,"Fresno europeo","06/06/2011 10:11","Medio (4 - 8 mts)",70,"Grande",-68.8575107156,-32.8954626256,5,"Residencial Sur",2423808.92355,0,0.448479742678953,0
36736,"Morera","09/06/2011 13:19","Bajo (2 - 4 mts)",64,"Grande",-68.858370308,-32.8815141565,7,"Residencial Parque",1786336.08966,0,0.166681259165649,0
44230,"Pltano","13/10/2011 11:52","Alto (> 8 mts)",250,"Grande",-68.8352315286,-32.8836792779,3,"Parque O'Higgins",1531146.02653,0,0.951587091747084,0
39534,"Morera","28/10/2010 10:49","Alto (> 8 mts)",150,"Grande",-68.8494090737,-32.8694745231,6,"Residencial Norte",2694682.37982,0,0.610856819713687,0
3040,"Morera","15/09/2011 10:23","Medio (4 - 8 mts)",90,"Grande",-68.8285917869,-32.8720726131,4,"Cuarta Este Área Fundacional",1822015.85685,0,0.719238551480998,0
36585,"Morera","07/06/2011 13:21","Bajo (2 - 4 mts)",50,"Mediano",-68.8572219541,-32.8831184954,5,"Residencial Sur",2423808.92355,0,0.146954692284497,0
33038,"Morera","17/05/2011 14:03","Alto (> 8 mts)",180,"Grande",-68.8528442356,-32.8870645787,5,"Residencial Sur",2423808.92355,0,0.0298477679255652,0
48213,"Ligustro","01/09/2011 13:12","Medio (4 - 8 mts)",150,"Grande",-68.8279685813,-32.8688587963,4,"Cuarta Este Área Fundacional",1822015.85685,0,0.0772552066542816,0
15568,"Paraiso","17/11/2011 16:24","Muy bajo (1 - 2 mts)",12,"Chico",-68.8610157383,-32.8712692454,7,"Residencial Parque",1786336.08966,0,0.448189051436756,0
20396,"Prunas","24/05/2011 08:51","Medio (4 - 8 mts)",20,"Chico",-68.8624622964,-32.8933418017,5,"Residencial Sur",2423808.92355,0,0.712914547658158,0
30085,"Morera","26/04/2011 10:58","Alto (> 8 mts)",185,"Grande",-68.8424081691,-32.8871376659,3,"Parque O'Higgins",1531146.02653,1,0.987687184566378,0
6661,"Jacarand","13/05/2011 10:34","Medio (4 - 8 mts)",52,"Mediano",-68.8604201393,-32.8921263735,5,"Residencial Sur",2423808.92355,1,0.727835125556565,0
47284,"Acer","20/09/2011 11:06","Alto (> 8 mts)",108,"Grande",-68.8306706507,-32.8735305058,4,"Cuarta Este Área Fundacional",1822015.85685,0,0.782954523007042,0
32245,"Morera","09/05/2011 10:57","Medio (4 - 8 mts)",170,"Grande",-68.8600186955,-32.8846216226,5,"Residencial Sur",2423808.92355,0,0.633476823674714,0
43378,"Pltano","25/10/2011 16:44","Alto (> 8 mts)",200,"Grande",-68.8337516628,-32.881028772,3,"Parque O'Higgins",1531146.02653,0,0.14836000292224,0
430,"Acer","06/03/2012 11:47","Bajo (2 - 4 mts)",36,"Mediano",-68.8174323986,-32.8678074888,4,"Cuarta Este Área Fundacional",1822015.85685,0,0.84999186674753,0
36582,"Paraiso sombrilla","09/06/2011 09:26","Medio (4 - 8 mts)",100,"Grande",-68.8574917346,-32.8830178135,5,"Residencial Sur",2423808.92355,0,0.648415302053772,0
35653,"Morera","15/03/2011 11:39","Medio (4 - 8 mts)",126,"Grande",-68.8559101246,-32.874903737,6,"Residencial Norte",2694682.37982,0,0.0230064745507447,0
18888,"Ailanthus","26/07/2011 10:22","Alto (> 8 mts)",160,"Grande",-68.8397627154,-32.870591371,4,"Cuarta Oeste",1173332.70145,0,0.663716699977146,0
28537,"Morera","21/02/2011 10:12","Alto (> 8 mts)",160,"Grande",-68.8487128317,-32.8890213927,5,"Residencial Sur",2423808.92355,0,0.459097188367043,0
16831,"Paraiso","08/08/2011 13:49","Alto (> 8 mts)",110,"Grande",-68.8384221643,-32.8643454786,4,"Cuarta Oeste",1173332.70145,0,0.879912614865196,0
41934,"Paraiso","19/04/2011 13:09","Alto (> 8 mts)",200,"Grande",-68.8377159892,-32.8787646881,1,"Parque Central",1655357.93265,0,0.970227181658066,0
36803,"Morera","07/04/2011 15:12","Alto (> 8 mts)",115,"Grande",-68.859018723,-32.8812616937,7,"Residencial Parque",1786336.08966,1,0.744835281344851,0
48313,"Acacia SP","19/08/2011 11:00","Alto (> 8 mts)",196,"Grande",-68.8279172124,-32.8683061015,4,"Cuarta Este Área Fundacional",1822015.85685,0,0.287502637491234,0
39650,"Morera","22/10/2010 10:27","Alto (> 8 mts)",198,"Grande",-68.8463031284,-32.8690250677,6,"Residencial Norte",2694682.37982,0,0.419142467514512,0
47037,"Paraiso sombrilla","15/09/2011 10:31","Bajo (2 - 4 mts)",28,"Mediano",-68.8319589246,-32.8725498847,4,"Cuarta Este Área Fundacional",1822015.85685,0,0.582184944671488,0
27264,"Fresno europeo","26/10/2011 09:03","Alto (> 8 mts)",90,"Grande",-68.8369085076,-32.8889289055,3,"Parque O'Higgins",1531146.02653,0,0.936526829863209,0
24535,"Prunas","27/01/2011 13:11","Bajo (2 - 4 mts)",30,"Mediano",-68.8431352853,-32.9011266989,2,"Barrio Civico",2366816.36021,0,0.399011687322048,0
43214,"Pltano","04/10/2011 09:52","Alto (> 8 mts)",190,"Grande",-68.8337674557,-32.8788655418,1,"Parque Central",1655357.93265,1,0.234339399411952,0
12714,"Tilo","20/01/2011 08:27","Muy bajo (1 - 2 mts)",8,"Chico",-68.8471474408,-32.8630266255,4,"Cuarta Oeste",1173332.70145,0,0.267111792633334,0
654,"Morera","07/03/2012 15:50","Medio (4 - 8 mts)",84,"Grande",-68.8177525958,-32.8681408936,4,"Cuarta Este Área Fundacional",1822015.85685,0,0.0797280687236603,0
24629,"Pltano","17/01/2011 13:50","Alto (> 8 mts)",252,"Grande",-68.8420632735,-32.9004925434,2,"Barrio Civico",2366816.36021,0,0.979739685543284,0
26458,"Fresno europeo","09/11/2011 09:09","Bajo (2 - 4 mts)",45,"Mediano",-68.8337750699,-32.8926701853,3,"Parque O'Higgins",1531146.02653,0,0.728532372946243,0
8236,"Morera","28/02/2011 18:31","Muy bajo (1 - 2 mts)",8,"Chico",-68.8434795488,-32.8931971087,2,"Barrio Civico",2366816.36021,0,0.224286812302828,0
2764,"Acacia SP","12/10/2011 16:29","Alto (> 8 mts)",110,"Grande",-68.8356672668,-32.8823043086,3,"Parque O'Higgins",1531146.02653,0,0.687210129894265,0
7417,"Morera","17/06/2011 17:56","Medio (4 - 8 mts)",36,"Mediano",-68.8582963478,-32.9003009408,5,"Residencial Sur",2423808.92355,0,0.670819975224892,0
32875,"Morera","10/06/2011 10:35","Alto (> 8 mts)",170,"Grande",-68.850560309,-32.8853632311,5,"Residencial Sur",2423808.92355,1,0.443618086613013,0
15460,"Paraiso","22/11/2011 07:05","Bajo (2 - 4 mts)",30,"Mediano",-68.8598412874,-32.8714774509,6,"Residencial Norte",2694682.37982,0,0.428546202976253,0
5500,"Jacarand","08/04/2011 12:19","Bajo (2 - 4 mts)",30,"Mediano",-68.8438458353,-32.8805081924,1,"Parque Central",1655357.93265,0,0.54991378179068,0
46426,"Morera","16/08/2011 13:25","Alto (> 8 mts)",145,"Grande",-68.8322953702,-32.8670548147,4,"Cuarta Oeste",1173332.70145,1,0.410041737840386,0
27247,"Fresno europeo","26/10/2011 09:35","Medio (4 - 8 mts)",20,"Chico",-68.8356540249,-32.8896676872,3,"Parque O'Higgins",1531146.02653,0,0.713328740278682,0
2008,"Morera","14/11/2011 13:42","Medio (4 - 8 mts)",118,"Grande",-68.8324914833,-32.8945876149,3,"Parque O'Higgins",1531146.02653,0,0.822740266522708,0
19337,"Morera","19/07/2011 11:51","Medio (4 - 8 mts)",120,"Grande",-68.8358412143,-32.8705226556,4,"Cuarta Oeste",1173332.70145,0,0.406664877102181,0
31768,"Fresno americano","27/06/2011 11:55","Bajo (2 - 4 mts)",28,"Mediano",-68.8580466201,-32.8905092627,5,"Residencial Sur",2423808.92355,0,0.35579332679353,0
43864,"Pltano","07/10/2011 08:59","Alto (> 8 mts)",250,"Grande",-68.8309649808,-32.8838086515,3,"Parque O'Higgins",1531146.02653,1,0.142539509724822,0
33544,"Morera","30/05/2011 12:59","Alto (> 8 mts)",160,"Grande",-68.8550788737,-32.8878566782,5,"Residencial Sur",2423808.92355,0,0.799341044151082,0
33522,"Pltano","16/06/2011 11:58","Alto (> 8 mts)",170,"Grande",-68.8548126608,-32.8890101248,5,"Residencial Sur",2423808.92355,0,0.130690829619663,0
13500,"Fresno europeo","31/01/2011 12:28","Alto (> 8 mts)",140,"Grande",-68.8515349711,-32.8633383692,6,"Residencial Norte",2694682.37982,0,0.47436754808205,0
3608,"Caducifolio","29/08/2011 07:47","Muy bajo (1 - 2 mts)",10,"Chico",-68.8273413854,-32.8695216991,4,"Cuarta Este Área Fundacional",1822015.85685,0,0.410548908999588,0
42694,"Morera","03/10/2011 08:00","Alto (> 8 mts)",118,"Grande",-68.828522816,-32.876745344,4,"Cuarta Este Área Fundacional",1822015.85685,0,0.82317972738119,0
18222,"Eucalyptus","05/08/2011 11:46","Alto (> 8 mts)",140,"Grande",-68.8387669628,-32.8676006426,4,"Cuarta Oeste",1173332.70145,0,0.917206038053475,0
43850,"Fresno europeo","07/10/2011 09:23","Medio (4 - 8 mts)",100,"Grande",-68.8298399862,-32.8842120759,3,"Parque O'Higgins",1531146.02653,0,0.0770381642191122,0
1521,"Aguaribay","24/11/2011 10:17","Bajo (2 - 4 mts)",130,"Grande",-68.8734501326,-32.878063935,7,"Residencial Parque",1786336.08966,0,0.241748311680326,0
42783,"Olmo comun","30/09/2011 12:57","Alto (> 8 mts)",130,"Grande",-68.8295064516,-32.8781315089,4,"Cuarta Este Área Fundacional",1822015.85685,1,0.593375855906042,0
26026,"Fresno europeo","09/11/2011 16:55","Muy bajo (1 - 2 mts)",5,"Chico",-68.8321263076,-32.8861793601,3,"Parque O'Higgins",1531146.02653,0,0.113649779491131,0
6105,"Pltano","02/05/2011 15:02","Alto (> 8 mts)",142,"Grande",-68.8398006065,-32.8822166002,1,"Parque Central",1655357.93265,0,0.461580745458843,0
44223,"Fresno americano","14/10/2011 09:27","Alto (> 8 mts)",95,"Grande",-68.8346167354,-32.8835829998,3,"Parque O'Higgins",1531146.02653,0,0.618923736406029,0
7990,"Fresno europeo","18/02/2011 13:33","Bajo (2 - 4 mts)",15,"Chico",-68.8403275244,-32.8886638858,3,"Parque O'Higgins",1531146.02653,0,0.393488401174317,0
42089,"Pltano","12/04/2011 10:15","Alto (> 8 mts)",310,"Grande",-68.8432478508,-32.8800581885,1,"Parque Central",1655357.93265,0,0.0319624251790419,0
22968,"Morera","01/06/2011 13:30","Alto (> 8 mts)",82,"Grande",-68.8566007211,-32.8994569587,5,"Residencial Sur",2423808.92355,0,0.320277095797156,0
23309,"Morera","18/01/2012 12:32","Medio (4 - 8 mts)",110,"Grande",-68.8526182045,-32.9007291403,2,"Barrio Civico",2366816.36021,0,0.503317443024692,0
4615,"Morera","05/08/2011 09:45","Medio (4 - 8 mts)",68,"Grande",-68.8339463916,-32.8645470927,4,"Cuarta Oeste",1173332.70145,1,0.795756833373561,0
43907,"Pltano","11/10/2011 09:14","Alto (> 8 mts)",280,"Grande",-68.8326507063,-32.8848218397,3,"Parque O'Higgins",1531146.02653,0,0.346505822583757,0
43348,"Fresno americano","26/10/2011 12:42","Medio (4 - 8 mts)",100,"Grande",-68.8324271648,-32.8801466819,3,"Parque O'Higgins",1531146.02653,0,0.747769643788644,0
46721,"Ailanthus","08/09/2011 10:37","Alto (> 8 mts)",40,"Mediano",-68.8329676019,-32.8705519438,4,"Cuarta Este Área Fundacional",1822015.85685,0,0.518892106477516,0
28061,"Fresno europeo","21/02/2011 17:51","Bajo (2 - 4 mts)",46,"Mediano",-68.8501380802,-32.8910583349,5,"Residencial Sur",2423808.92355,0,0.524535817083855,0
42401,"Fresno europeo","29/09/2011 10:47","Medio (4 - 8 mts)",66,"Grande",-68.8344185776,-32.8752085083,4,"Cuarta Este Área Fundacional",1822015.85685,0,0.699425240927267,0
33599,"Morera","17/05/2011 10:12","Alto (> 8 mts)",195,"Grande",-68.854353395,-32.8867771492,5,"Residencial Sur",2423808.92355,0,0.171460659141606,0
35451,"Morera","28/03/2011 10:31","Alto (> 8 mts)",92,"Grande",-68.8541363918,-32.8812050133,6,"Residencial Norte",2694682.37982,0,0.950992298323872,0
1311,"Morera","01/12/2011 12:26","Bajo (2 - 4 mts)",18,"Chico",-68.878534239,-32.866862522,8,"Aeroparque",2203364.73622,0,0.141619825594844,0
35838,"Fresno europeo","03/03/2011 12:43","Alto (> 8 mts)",113,"Grande",-68.8544763952,-32.8738936227,6,"Residencial Norte",2694682.37982,0,0.0285258956298649,0
27137,"Pltano","27/10/2011 10:39","Alto (> 8 mts)",180,"Grande",-68.8390309001,-32.8896377303,3,"Parque O'Higgins",1531146.02653,0,0.453033320953515,0
7915,"Conifera","13/06/2011 15:14","Alto (> 8 mts)",126,"Grande",-68.8590632736,-32.8884926426,5,"Residencial Sur",2423808.92355,0,0.340330450847885,0
15191,"Paraiso","17/11/2011 13:28","Medio (4 - 8 mts)",90,"Grande",-68.8600756059,-32.8687573293,6,"Residencial Norte",2694682.37982,0,0.917709574976034,0
38772,"Morera","01/11/2010 11:31","Alto (> 8 mts)",200,"Grande",-68.84977568,-32.8695369815,6,"Residencial Norte",2694682.37982,0,0.82982925474154,0
31178,"Fresno europeo","07/02/2011 10:26","Bajo (2 - 4 mts)",46,"Mediano",-68.8546864981,-32.8639794852,6,"Residencial Norte",2694682.37982,0,0.0570678399300981,0
5024,"Perenne","22/07/2011 09:13","Bajo (2 - 4 mts)",18,"Chico",-68.840265703,-32.8635410596,4,"Cuarta Oeste",1173332.70145,0,0.64823759616954,0
3262,"Fresno europeo","03/10/2011 10:49","Muy bajo (1 - 2 mts)",3,"Chico",-68.8322891895,-32.8770033305,4,"Cuarta Este Área Fundacional",1822015.85685,0,0.992205046513361,0
42070,"Morera","12/04/2011 12:08","Medio (4 - 8 mts)",100,"Grande",-68.8420536269,-32.8799677792,1,"Parque Central",1655357.93265,0,0.792808041672693,0
23653,"Morera","20/01/2011 19:50","Alto (> 8 mts)",120,"Grande",-68.8484427043,-32.8999977798,2,"Barrio Civico",2366816.36021,0,0.930824755987768,0
33605,"Acacia SP","17/05/2011 09:12","Medio (4 - 8 mts)",70,"Grande",-68.8537933357,-32.8868777477,5,"Residencial Sur",2423808.92355,0,0.363559843511703,0
28862,"Fresno americano","26/04/2011 12:40","Alto (> 8 mts)",150,"Grande",-68.8464696881,-32.885895144,1,"Parque Central",1655357.93265,0,0.148602850420485,0
20107,"Morera","10/08/2011 10:30","Alto (> 8 mts)",190,"Grande",-68.8330758809,-32.8661197507,4,"Cuarta Oeste",1173332.70145,0,0.989557427736699,0
2040,"Morera","01/11/2011 09:56","Medio (4 - 8 mts)",86,"Grande",-68.8340775652,-32.8940078766,3,"Parque O'Higgins",1531146.02653,0,0.0384860480811331,0
33998,"Acacia visco","26/05/2011 09:51","Bajo (2 - 4 mts)",80,"Grande",-68.8529304925,-32.8843437019,5,"Residencial Sur",2423808.92355,0,0.388235630808051,0
18068,"Morera","28/07/2011 11:22","Alto (> 8 mts)",148,"Grande",-68.8404376769,-32.867919009,4,"Cuarta Oeste",1173332.70145,0,0.316451369362062,0
47213,"Pltano","19/09/2011 10:50","Medio (4 - 8 mts)",230,"Grande",-68.8321776623,-32.8746363711,4,"Cuarta Este Área Fundacional",1822015.85685,0,0.469270390779203,0
9371,"Morera","16/02/2011 09:17","Alto (> 8 mts)",164,"Grande",-68.8446199987,-32.8655886593,4,"Cuarta Oeste",1173332.70145,0,0.00233454186279913,0
33551,"Morera","30/05/2011 10:37","Alto (> 8 mts)",148,"Grande",-68.8543367611,-32.887990619,5,"Residencial Sur",2423808.92355,0,0.0941936999717822,0
46069,"Morera","27/09/2011 09:36","Alto (> 8 mts)",200,"Grande",-68.8226116805,-32.873968632,4,"Cuarta Este Área Fundacional",1822015.85685,0,0.400674895593102,0
6457,"Ligustro","26/05/2011 13:18","Bajo (2 - 4 mts)",20,"Chico",-68.8524675109,-32.8893182845,5,"Residencial Sur",2423808.92355,0,0.78219070174671,0
19707,"Morera","12/07/2011 09:28","Medio (4 - 8 mts)",92,"Grande",-68.8343545517,-32.8710456622,4,"Cuarta Oeste",1173332.70145,1,0.104752786740069,0
37953,"Paraiso","26/08/2010 09:19","Muy bajo (1 - 2 mts)",6,"Chico",-68.8474557859,-32.8736090711,6,"Residencial Norte",2694682.37982,0,0.688721914008467,0
39322,"Morera","30/12/2010 11:49","Medio (4 - 8 mts)",80,"Grande",-68.855968111,-32.8713572603,6,"Residencial Norte",2694682.37982,0,0.396611875157338,0
36932,"Olmo comun","08/04/2011 11:26","Medio (4 - 8 mts)",57,"Mediano",-68.8573490777,-32.8790768122,7,"Residencial Parque",1786336.08966,0,0.65358860344708,0
40286,"Ligustro","11/04/2011 09:15","Muy bajo (1 - 2 mts)",8,"Chico",-68.8449977911,-32.8810502037,1,"Parque Central",1655357.93265,0,0.701332908095493,0
44867,"Morera","19/08/2011 09:46","Alto (> 8 mts)",135,"Grande",-68.8253790146,-32.8669702407,4,"Cuarta Este Área Fundacional",1822015.85685,0,0.238283962294845,0
47135,"Fresno europeo","20/09/2011 10:56","Muy bajo (1 - 2 mts)",8,"Chico",-68.8334033837,-32.8733856112,4,"Cuarta Este Área Fundacional",1822015.85685,0,0.78762751372919,0
20064,"Morera","09/08/2011 09:39","Alto (> 8 mts)",107,"Grande",-68.8341769937,-32.8655826985,4,"Cuarta Oeste",1173332.70145,1,0.0802018495526566,0
33009,"Morera","18/05/2011 13:15","Alto (> 8 mts)",176,"Grande",-68.8518942573,-32.8882355352,5,"Residencial Sur",2423808.92355,0,0.60552437279656,0
9399,"Fresno americano","08/02/2011 09:23","Medio (4 - 8 mts)",55,"Mediano",-68.8577175165,-32.866762177,6,"Residencial Norte",2694682.37982,0,0.326798862264609,0
37450,"lamo blanco","04/01/2011 10:51","Medio (4 - 8 mts)",70,"Grande",-68.8582445016,-32.8712641051,6,"Residencial Norte",2694682.37982,0,0.157266310766122,0
22826,"Fresno europeo","14/06/2011 12:05","Alto (> 8 mts)",92,"Grande",-68.8576907516,-32.9020617002,5,"Residencial Sur",2423808.92355,0,0.573996318535175,0
3237,"Ligustro","28/09/2011 08:52","Medio (4 - 8 mts)",60,"Mediano",-68.8343337564,-32.8737196882,4,"Cuarta Este Área Fundacional",1822015.85685,0,0.830113056398181,0
28637,"Morera","23/02/2011 11:38","Medio (4 - 8 mts)",40,"Mediano",-68.8474763734,-32.8904548789,2,"Barrio Civico",2366816.36021,0,0.173058430071919,0
16603,"Morera","26/07/2011 10:21","Alto (> 8 mts)",150,"Grande",-68.840743006,-32.8654892404,4,"Cuarta Oeste",1173332.70145,1,0.71281237588721,0
16574,"Morera","27/07/2011 09:01","Medio (4 - 8 mts)",140,"Grande",-68.8417561503,-32.8659997131,4,"Cuarta Oeste",1173332.70145,1,0.280698759624048,0
5336,"Liquidambar","26/04/2011 13:13","Medio (4 - 8 mts)",50,"Mediano",-68.8420387986,-32.877952086,1,"Parque Central",1655357.93265,0,0.921831327838219,0
31175,"Fresno europeo","07/02/2011 10:33","Bajo (2 - 4 mts)",64,"Grande",-68.8548548652,-32.8639948336,6,"Residencial Norte",2694682.37982,0,0.876993033151845,0
1958,"Caducifolio","18/05/2011 09:54","Muy bajo (1 - 2 mts)",12,"Chico",-68.8606136773,-32.8901616897,5,"Residencial Sur",2423808.92355,0,0.887353872279215,0
29119,"Pltano","27/04/2011 09:06","Alto (> 8 mts)",230,"Grande",-68.8446997322,-32.8855771806,1,"Parque Central",1655357.93265,0,0.0365705037854097,0
37107,"Morera","07/04/2011 09:14","Medio (4 - 8 mts)",56,"Mediano",-68.8589211661,-32.8757248252,7,"Residencial Parque",1786336.08966,0,0.72055883588623,0
29289,"Prunas","22/02/2011 13:02","Alto (> 8 mts)",220,"Grande",-68.8432517511,-32.8877374567,1,"Parque Central",1655357.93265,0,0.844876822743373,0
21732,"Morera","24/05/2011 09:44","Alto (> 8 mts)",140,"Grande",-68.8554894191,-32.894503226,5,"Residencial Sur",2423808.92355,0,0.813702138160349,0
37654,"Fresno europeo","29/02/2012 08:12","Bajo (2 - 4 mts)",50,"Mediano",-68.8527747677,-32.8725095265,6,"Residencial Norte",2694682.37982,0,0.20613413491209,0
15953,"Morera","25/11/2011 09:17","Bajo (2 - 4 mts)",20,"Chico",-68.8737512553,-32.8763703695,7,"Residencial Parque",1786336.08966,0,0.928511158442998,0
14571,"Aguaribay","14/12/2011 11:00","Alto (> 8 mts)",185,"Grande",-68.8787932727,-32.8673930846,8,"Aeroparque",2203364.73622,0,0.221211028201208,0
2553,"Morera","18/10/2011 12:21","Muy bajo (1 - 2 mts)",4,"Chico",-68.8325757184,-32.8860298552,3,"Parque O'Higgins",1531146.02653,0,0.930555038467004,0
28133,"Pltano","14/03/2011 15:55","Alto (> 8 mts)",172,"Grande",-68.8472624069,-32.8915415572,2,"Barrio Civico",2366816.36021,0,0.733595503484969,0
16879,"Caducifolio","05/08/2011 11:08","Medio (4 - 8 mts)",80,"Grande",-68.8384158778,-32.8656557362,4,"Cuarta Oeste",1173332.70145,0,0.0629390898204143,0
6620,"Paraiso","11/05/2011 12:01","Alto (> 8 mts)",170,"Grande",-68.8588868269,-32.8922946783,5,"Residencial Sur",2423808.92355,1,0.268827293798855,0
28736,"Pltano","11/03/2011 13:31","Alto (> 8 mts)",194,"Grande",-68.8479455926,-32.8868863522,1,"Parque Central",1655357.93265,0,0.356233104575477,0
27133,"Pltano","27/10/2011 10:44","Alto (> 8 mts)",200,"Grande",-68.8391336795,-32.890010171,3,"Parque O'Higgins",1531146.02653,0,0.833409917074041,0
34898,"Fresno europeo","29/03/2011 10:09","Alto (> 8 mts)",110,"Grande",-68.8519443021,-32.8814042356,1,"Parque Central",1655357.93265,0,0.430797899396898,0
9981,"Paraiso","09/11/2010 10:52","Alto (> 8 mts)",160,"Grande",-68.8531230717,-32.8697895266,6,"Residencial Norte",2694682.37982,1,0.882779273225625,0
2790,"Pltano","20/10/2011 17:07","Alto (> 8 mts)",180,"Grande",-68.8351885639,-32.8804023652,1,"Parque Central",1655357.93265,1,0.175412056463256,0
11856,"Morera","02/03/2011 10:53","Alto (> 8 mts)",240,"Grande",-68.8503289897,-32.865026099,6,"Residencial Norte",2694682.37982,0,0.156906909877695,0
7620,"Morera","07/06/2011 09:54","Bajo (2 - 4 mts)",22,"Mediano",-68.8584215865,-32.8835107681,5,"Residencial Sur",2423808.92355,0,0.558119531168006,0
31945,"Ligustro","02/06/2011 13:51","Bajo (2 - 4 mts)",50,"Mediano",-68.8604068025,-32.8844373897,5,"Residencial Sur",2423808.92355,0,0.379184769554773,0
45284,"Morera","16/09/2011 09:49","Medio (4 - 8 mts)",90,"Grande",-68.8245218388,-32.8714510023,4,"Cuarta Este Área Fundacional",1822015.85685,0,0.848367923951589,0
24862,"Morera","16/02/2011 12:30","Alto (> 8 mts)",160,"Grande",-68.8394113035,-32.8953000279,2,"Barrio Civico",2366816.36021,1,0.886386773608433,0
4235,"Fresno europeo","04/07/2011 11:30","Muy bajo (1 - 2 mts)",12,"Chico",-68.8357597915,-32.8717462955,4,"Cuarta Oeste",1173332.70145,0,0.506422416584049,0
11943,"Morera","12/05/2010 11:10","Medio (4 - 8 mts)",62,"Grande",-68.8516953239,-32.8675169203,6,"Residencial Norte",2694682.37982,0,0.0327962302244229,0
23681,"Morera","25/01/2011 09:34","Medio (4 - 8 mts)",180,"Grande",-68.8485788318,-32.9000944823,2,"Barrio Civico",2366816.36021,0,0.641417350728859,0
24722,"Morera","17/02/2011 10:42","Alto (> 8 mts)",134,"Grande",-68.8408684068,-32.899234343,2,"Barrio Civico",2366816.36021,0,0.239257739686596,0
26262,"Acacia SP","25/10/2011 10:52","Alto (> 8 mts)",120,"Grande",-68.8303582608,-32.8892728937,3,"Parque O'Higgins",1531146.02653,0,0.894496570369767,0
38186,"Paraiso","22/12/2010 13:33","Alto (> 8 mts)",195,"Grande",-68.8457186718,-32.8702892138,6,"Residencial Norte",2694682.37982,0,0.661239149764493,0
15982,"Conifera","10/08/2011 10:38","Alto (> 8 mts)",75,"Grande",-68.843785117,-32.8721551562,4,"Cuarta Oeste",1173332.70145,0,0.888055100908614,0
39272,"Morera","29/12/2010 10:32","Medio (4 - 8 mts)",60,"Mediano",-68.8558413817,-32.8714334138,6,"Residencial Norte",2694682.37982,0,0.234881740766815,0
29939,"Morera","05/05/2011 09:00","Muy bajo (1 - 2 mts)",6,"Chico",-68.8434465651,-32.8861630761,1,"Parque Central",1655357.93265,0,0.825841246066259,0
26416,"Fresno europeo","25/10/2011 09:06","Muy bajo (1 - 2 mts)",3,"Chico",-68.8335842486,-32.8887796676,3,"Parque O'Higgins",1531146.02653,0,0.656218014056957,0
8870,"Morera","05/05/2010 12:19","Medio (4 - 8 mts)",131,"Grande",-68.8531629154,-32.8683951152,6,"Residencial Norte",2694682.37982,0,0.237253835682255,0
34273,"Catalpa","04/03/2011 09:54","Medio (4 - 8 mts)",80,"Grande",-68.8525786823,-32.8735674219,6,"Residencial Norte",2694682.37982,0,0.456577304352089,0
37222,"Olmo comun","11/03/2011 11:22","Alto (> 8 mts)",135,"Grande",-68.8574913647,-32.8736064129,6,"Residencial Norte",2694682.37982,0,0.599180080628751,0
25382,"Olmo comun","10/02/2011 08:30","Alto (> 8 mts)",127,"Grande",-68.8379103074,-32.8995756201,2,"Barrio Civico",2366816.36021,0,0.622379125684679,0
47016,"Morera","15/09/2011 13:02","Alto (> 8 mts)",230,"Grande",-68.8306325929,-32.8725329619,4,"Cuarta Este Área Fundacional",1822015.85685,1,0.339716468684755,0
25646,"Morera","07/02/2011 12:21","Alto (> 8 mts)",120,"Grande",-68.8419337628,-32.9027771048,2,"Barrio Civico",2366816.36021,0,0.567328583142057,0
20415,"Morera","23/05/2011 11:37","Alto (> 8 mts)",123,"Grande",-68.8608179546,-32.8935389207,5,"Residencial Sur",2423808.92355,1,0.84418519672551,0
12812,"Paraiso","20/01/2011 13:02","Alto (> 8 mts)",220,"Grande",-68.8470745067,-32.8639564134,4,"Cuarta Oeste",1173332.70145,0,0.300283206446608,0
37391,"Paraiso","26/11/2010 13:02","Medio (4 - 8 mts)",70,"Grande",-68.8567886112,-32.8718919152,6,"Residencial Norte",2694682.37982,0,0.340615321279673,0
3018,"Morera","15/09/2011 10:11","Medio (4 - 8 mts)",78,"Grande",-68.8291526109,-32.8721372103,4,"Cuarta Este Área Fundacional",1822015.85685,0,0.579867304960518,0
11963,"Fresno europeo","14/05/2010 10:03","Medio (4 - 8 mts)",100,"Grande",-68.851607192,-32.8684247215,6,"Residencial Norte",2694682.37982,0,0.884341180254,0
37596,"Pltano","17/11/2010 11:21","Bajo (2 - 4 mts)",105,"Grande",-68.8581546201,-32.8701320114,6,"Residencial Norte",2694682.37982,1,0.486925773603171,0
13680,"Morera","23/02/2011 11:52","Alto (> 8 mts)",123,"Grande",-68.8527050473,-32.8652606484,6,"Residencial Norte",2694682.37982,0,0.367617094953933,0
19640,"Fresno americano","13/07/2011 10:24","Alto (> 8 mts)",132,"Grande",-68.834107121,-32.8701092856,4,"Cuarta Oeste",1173332.70145,0,0.516536210399928,0
18498,"Paraiso sombrilla","07/07/2011 10:17","Alto (> 8 mts)",180,"Grande",-68.838457138,-32.8730962444,4,"Cuarta Oeste",1173332.70145,0,0.72745337381165,0
19034,"Morera","12/07/2011 10:48","Alto (> 8 mts)",170,"Grande",-68.8402073358,-32.8719589369,4,"Cuarta Oeste",1173332.70145,1,0.866811012703737,0
23356,"Morera","31/01/2011 16:53","Alto (> 8 mts)",118,"Grande",-68.8510126626,-32.9020656106,2,"Barrio Civico",2366816.36021,0,0.352163173717026,0
37537,"Paraiso","16/11/2010 13:57","Alto (> 8 mts)",50,"Mediano",-68.8576697776,-32.8701080166,6,"Residencial Norte",2694682.37982,0,0.932378985283432,0
42964,"Fresno europeo","07/10/2011 14:56","Muy bajo (1 - 2 mts)",10,"Chico",-68.8346336934,-32.8786739983,1,"Parque Central",1655357.93265,0,0.290077716068523,0
26727,"Morera","02/11/2011 08:54","Medio (4 - 8 mts)",115,"Grande",-68.8329479114,-32.8949481065,3,"Parque O'Higgins",1531146.02653,1,0.410274110965386,0
45406,"Morera","15/09/2011 16:06","Alto (> 8 mts)",145,"Grande",-68.8258631328,-32.871681456,4,"Cuarta Este Área Fundacional",1822015.85685,1,0.459632481984871,0
16969,"Morera","15/08/2011 12:32","Medio (4 - 8 mts)",78,"Grande",-68.838270964,-32.8660982279,4,"Cuarta Oeste",1173332.70145,0,0.346560434527143,0
36099,"Fresno europeo","05/04/2011 13:56","Medio (4 - 8 mts)",45,"Mediano",-68.8561154115,-32.87620703,6,"Residencial Norte",2694682.37982,0,0.57643577819963,0
19550,"Morera","26/07/2011 10:01","Alto (> 8 mts)",198,"Grande",-68.8380799828,-32.8706995013,4,"Cuarta Oeste",1173332.70145,0,0.881616026947103,0
10388,"Olmo comun","15/03/2011 11:54","Alto (> 8 mts)",150,"Grande",-68.8585401072,-32.8732559255,6,"Residencial Norte",2694682.37982,0,0.452288173477237,0
32004,"Morera","03/06/2011 11:24","Alto (> 8 mts)",175,"Grande",-68.8585480631,-32.8872053003,5,"Residencial Sur",2423808.92355,0,0.430855108212909,0
31891,"Fresno europeo","01/06/2011 13:35","Bajo (2 - 4 mts)",40,"Mediano",-68.8587274081,-32.8844998849,5,"Residencial Sur",2423808.92355,0,0.273139872299071,0
40917,"Pltano","11/04/2011 16:18","Medio (4 - 8 mts)",38,"Mediano",-68.8390100478,-32.8860984732,3,"Parque O'Higgins",1531146.02653,0,0.596982401275181,0
36332,"Fresno europeo","18/03/2011 10:23","Alto (> 8 mts)",135,"Grande",-68.8527068348,-32.8788424493,6,"Residencial Norte",2694682.37982,0,0.816039109263766,0
17282,"Fresno europeo","04/08/2011 13:33","Medio (4 - 8 mts)",55,"Mediano",-68.8368156147,-32.8654726564,4,"Cuarta Oeste",1173332.70145,0,0.816844013003768,0
5843,"Paraiso","03/05/2011 11:32","Alto (> 8 mts)",180,"Grande",-68.8433832009,-32.8731140967,1,"Parque Central",1655357.93265,0,0.524891913344387,0
24993,"Morera","16/02/2011 08:39","Alto (> 8 mts)",170,"Grande",-68.8371505003,-32.8966871142,2,"Barrio Civico",2366816.36021,0,0.62877867743696,0
28323,"Fresno americano","11/03/2011 12:45","Alto (> 8 mts)",100,"Grande",-68.8480657138,-32.888302086,5,"Residencial Sur",2423808.92355,0,0.568640148391453,0
20263,"Acer","17/05/2011 13:35","Medio (4 - 8 mts)",62,"Grande",-68.8590056562,-32.8927523937,5,"Residencial Sur",2423808.92355,0,0.34661229815509,0
14962,"Caducifolio","19/12/2011 09:04","Muy bajo (1 - 2 mts)",36,"Mediano",-68.8813356422,-32.872295276,8,"Aeroparque",2203364.73622,0,0.151276303221362,0
27562,"Pltano","28/10/2011 11:40","Alto (> 8 mts)",147,"Grande",-68.8397647794,-32.8927918872,2,"Barrio Civico",2366816.36021,0,0.517553999378628,0
25191,"Morera","09/02/2011 17:39","Alto (> 8 mts)",118,"Grande",-68.8365497732,-32.8988030817,2,"Barrio Civico",2366816.36021,0,0.0679913590059941,0
6710,"Morera","12/05/2011 10:19","Medio (4 - 8 mts)",80,"Grande",-68.8546092108,-32.8935836367,5,"Residencial Sur",2423808.92355,0,0.846371167408373,0
35904,"Fresno europeo","28/03/2011 09:30","Alto (> 8 mts)",90,"Grande",-68.8532978413,-32.8755474774,6,"Residencial Norte",2694682.37982,0,0.488972867445559,0
40069,"Morera","20/04/2011 09:55","Medio (4 - 8 mts)",170,"Grande",-68.8443499636,-32.8783267858,1,"Parque Central",1655357.93265,0,0.63654088434004,0
9018,"Morera","11/01/2011 11:38","Alto (> 8 mts)",120,"Grande",-68.8454143229,-32.8662413785,4,"Cuarta Oeste",1173332.70145,1,0.525006222520251,0
6520,"Pltano","06/05/2011 10:11","Alto (> 8 mts)",228,"Grande",-68.85175775,-32.8917956308,5,"Residencial Sur",2423808.92355,0,0.398973937130054,0
13644,"Fresno europeo","23/02/2011 13:27","Alto (> 8 mts)",80,"Grande",-68.8526030701,-32.8663422947,6,"Residencial Norte",2694682.37982,0,0.107962413100889,0
31034,"Fresno europeo","16/02/2011 11:12","Medio (4 - 8 mts)",70,"Grande",-68.8557655017,-32.8651000759,6,"Residencial Norte",2694682.37982,0,0.490824200295628,0
17004,"Fresno europeo","15/08/2011 11:00","Alto (> 8 mts)",140,"Grande",-68.8369705956,-32.8645755042,4,"Cuarta Oeste",1173332.70145,0,0.798548564883692,0
7823,"Olmo bola","10/05/2011 12:59","Medio (4 - 8 mts)",80,"Grande",-68.8587847815,-32.8851419818,5,"Residencial Sur",2423808.92355,0,0.332084665700921,0
14935,"Paraiso sombrilla","20/12/2011 10:10","Bajo (2 - 4 mts)",80,"Grande",-68.88015562,-32.8735887301,8,"Aeroparque",2203364.73622,0,0.932801289144311,0
30011,"Pltano","29/04/2011 11:12","Alto (> 8 mts)",162,"Grande",-68.8408074306,-32.8869534139,3,"Parque O'Higgins",1531146.02653,0,0.192928624889096,0
8997,"Morera","18/01/2011 11:54","Bajo (2 - 4 mts)",14,"Chico",-68.8455641257,-32.8672118414,4,"Cuarta Oeste",1173332.70145,0,0.06831597557689,0
33182,"Morera","08/06/2011 11:36","Alto (> 8 mts)",100,"Grande",-68.8544698362,-32.8915077324,5,"Residencial Sur",2423808.92355,1,0.378039236549947,0
22938,"Paraiso","19/05/2011 15:37","Alto (> 8 mts)",92,"Grande",-68.8550621054,-32.9004520213,5,"Residencial Sur",2423808.92355,0,0.463199230099567,0
18085,"Paraiso","01/08/2011 10:22","Alto (> 8 mts)",210,"Grande",-68.840216416,-32.8684178362,4,"Cuarta Oeste",1173332.70145,0,0.554250913382656,0
44653,"Morera","19/08/2011 11:25","Alto (> 8 mts)",110,"Grande",-68.8227926538,-32.8678634354,4,"Cuarta Este Área Fundacional",1822015.85685,0,0.649749024812648,0
43352,"Pltano","26/10/2011 12:29","Alto (> 8 mts)",240,"Grande",-68.8326526153,-32.8800468959,3,"Parque O'Higgins",1531146.02653,1,0.803478371317369,0
19684,"Morera","12/07/2011 10:11","Alto (> 8 mts)",122,"Grande",-68.8356228554,-32.8714979902,4,"Cuarta Oeste",1173332.70145,0,0.936369976100992,0
42276,"Olmo bola","03/05/2011 12:26","Alto (> 8 mts)",70,"Grande",-68.8383883952,-32.8763243144,1,"Parque Central",1655357.93265,0,0.810043273877251,0
33168,"Jacarand","08/06/2011 13:00","Medio (4 - 8 mts)",32,"Mediano",-68.8537353222,-32.8914393198,5,"Residencial Sur",2423808.92355,0,0.599308672316508,0
7600,"Morera","01/06/2011 13:47","Bajo (2 - 4 mts)",14,"Chico",-68.8586989791,-32.8840941479,5,"Residencial Sur",2423808.92355,0,0.499947811228059,0
42624,"Fresno europeo","28/09/2011 09:14","Alto (> 8 mts)",136,"Grande",-68.8279293582,-32.8762222332,4,"Cuarta Este Área Fundacional",1822015.85685,1,0.242386517183322,0
23847,"Paraiso","28/01/2011 13:05","Medio (4 - 8 mts)",100,"Grande",-68.8510368981,-32.9010121932,2,"Barrio Civico",2366816.36021,0,0.551539436317507,0
6482,"Fresno americano","31/05/2011 11:48","Medio (4 - 8 mts)",30,"Mediano",-68.8556438622,-32.8883467105,5,"Residencial Sur",2423808.92355,0,0.156005283027307,0
44389,"Pltano","18/10/2011 11:41","Alto (> 8 mts)",190,"Grande",-68.8371435982,-32.8846785967,3,"Parque O'Higgins",1531146.02653,0,0.139305986344373,0
31962,"Morera","02/06/2011 13:14","Medio (4 - 8 mts)",150,"Grande",-68.8601962687,-32.8836253607,7,"Residencial Parque",1786336.08966,1,0.649882339347048,0
9404,"Fresno europeo","08/02/2011 10:01","Muy bajo (1 - 2 mts)",2,"Chico",-68.8571421498,-32.8663237429,6,"Residencial Norte",2694682.37982,0,0.86589417048099,0
4835,"Fresno europeo","26/07/2011 14:16","Muy bajo (1 - 2 mts)",5,"Chico",-68.8400539863,-32.8653805439,4,"Cuarta Oeste",1173332.70145,0,0.0253085292282232,0
23305,"Acer","18/01/2012 16:55","Bajo (2 - 4 mts)",36,"Mediano",-68.8523502384,-32.9006803691,2,"Barrio Civico",2366816.36021,0,0.780261556717602,0
21874,"Fresno europeo","06/06/2011 11:20","Bajo (2 - 4 mts)",98,"Grande",-68.859168481,-32.8960425985,5,"Residencial Sur",2423808.92355,0,0.562432792631221,0
25554,"Morera","15/02/2011 19:23","Alto (> 8 mts)",98,"Grande",-68.838931176,-32.9006949547,2,"Barrio Civico",2366816.36021,1,0.701113356460004,0
36410,"Acer","21/03/2011 11:29","Alto (> 8 mts)",115,"Grande",-68.8527598863,-32.8789684305,6,"Residencial Norte",2694682.37982,0,0.0406266263637043,0
38315,"Paraiso","09/11/2010 11:06","Alto (> 8 mts)",160,"Grande",-68.8531848636,-32.870232159,6,"Residencial Norte",2694682.37982,0,0.0529435315727003,0
22947,"Paraiso","19/05/2011 17:02","Medio (4 - 8 mts)",132,"Grande",-68.8558289595,-32.9003501152,5,"Residencial Sur",2423808.92355,0,0.792155629800515,0
19378,"Pltano","04/07/2011 11:05","Alto (> 8 mts)",240,"Grande",-68.8348792614,-32.8729647098,4,"Cuarta Este Área Fundacional",1822015.85685,0,0.782341863846814,0
44277,"Fresno europeo","21/10/2011 16:56","Alto (> 8 mts)",180,"Grande",-68.8360575362,-32.8798074972,1,"Parque Central",1655357.93265,0,0.0158128436789563,0
2528,"Morera","19/10/2011 12:38","Medio (4 - 8 mts)",48,"Mediano",-68.8342617235,-32.8876962344,3,"Parque O'Higgins",1531146.02653,0,0.78458343549181,0
30990,"Morera","09/02/2011 13:36","Muy bajo (1 - 2 mts)",5,"Chico",-68.8556797915,-32.8647839328,6,"Residencial Norte",2694682.37982,0,0.974846637358367,0
22506,"Morera","27/06/2011 14:20","Alto (> 8 mts)",90,"Grande",-68.8585873712,-32.9004028583,5,"Residencial Sur",2423808.92355,0,0.877837003621241,0
46393,"Morera","19/08/2011 11:50","Alto (> 8 mts)",240,"Grande",-68.8328897028,-32.8667253463,4,"Cuarta Oeste",1173332.70145,0,0.411146971957318,0
32409,"Acacia SP","24/05/2011 13:20","Alto (> 8 mts)",145,"Grande",-68.8511652518,-32.8890906458,5,"Residencial Sur",2423808.92355,0,0.753478182340211,0
47109,"Morera","20/09/2011 12:16","Alto (> 8 mts)",135,"Grande",-68.8321276422,-32.8734544903,4,"Cuarta Este Área Fundacional",1822015.85685,1,0.624848244611679,0
16600,"Morera","26/07/2011 10:48","Alto (> 8 mts)",167,"Grande",-68.8407010497,-32.8653511374,4,"Cuarta Oeste",1173332.70145,0,0.269450042378636,0
31727,"Morera","18/05/2011 09:40","Alto (> 8 mts)",136,"Grande",-68.8603261434,-32.8905523055,5,"Residencial Sur",2423808.92355,0,0.896817960076817,0
35338,"Morera","22/06/2011 15:37","Medio (4 - 8 mts)",130,"Grande",-68.8543840219,-32.883532617,5,"Residencial Sur",2423808.92355,1,0.198740389102183,0
14608,"Paraiso","13/12/2011 12:44","Bajo (2 - 4 mts)",55,"Mediano",-68.8801969152,-32.8659667354,8,"Aeroparque",2203364.73622,0,0.748022851431843,0
9806,"Fresno europeo","12/01/2011 13:33","Alto (> 8 mts)",70,"Grande",-68.8441313603,-32.8642199617,4,"Cuarta Oeste",1173332.70145,0,0.638785439297864,0
24259,"Fresno americano","27/01/2011 07:45","Alto (> 8 mts)",90,"Grande",-68.8447633434,-32.9018473578,2,"Barrio Civico",2366816.36021,0,0.0773078525013721,0
23935,"Morera","19/01/2012 09:49","Alto (> 8 mts)",100,"Grande",-68.8521884903,-32.8992828296,2,"Barrio Civico",2366816.36021,0,0.730184349586007,0
19739,"Pltano","12/08/2011 10:16","Alto (> 8 mts)",150,"Grande",-68.8347670818,-32.8681281663,4,"Cuarta Oeste",1173332.70145,0,0.743974243797357,0
3821,"Morera","02/09/2011 13:53","Bajo (2 - 4 mts)",8,"Chico",-68.829660053,-32.8708935214,4,"Cuarta Este Área Fundacional",1822015.85685,0,0.383304711658718,0
13046,"Morera","15/02/2011 12:58","Alto (> 8 mts)",144,"Grande",-68.8447419813,-32.8645465855,4,"Cuarta Oeste",1173332.70145,0,0.829500560867443,0
19976,"Fresno europeo","05/08/2011 08:47","Medio (4 - 8 mts)",210,"Grande",-68.8325925071,-32.8644956617,4,"Cuarta Oeste",1173332.70145,0,0.465111480127668,0
21258,"Fresno europeo","14/06/2011 10:29","Bajo (2 - 4 mts)",46,"Mediano",-68.8535696159,-32.8965191824,5,"Residencial Sur",2423808.92355,0,0.354442382288836,0
23006,"Acacia SP","24/06/2011 13:39","Alto (> 8 mts)",102,"Grande",-68.8578265062,-32.8994451875,5,"Residencial Sur",2423808.92355,0,0.183833043646615,0
34074,"Fresno europeo","31/05/2011 13:27","Bajo (2 - 4 mts)",80,"Grande",-68.8564450596,-32.8847686954,5,"Residencial Sur",2423808.92355,0,0.29722469029411,0
45526,"Fresno europeo","19/09/2011 10:31","Bajo (2 - 4 mts)",36,"Mediano",-68.8217774434,-32.8727560209,4,"Cuarta Este Área Fundacional",1822015.85685,0,0.839579034909614,0
39440,"Morera","11/11/2010 10:42","Alto (> 8 mts)",140,"Grande",-68.8547633225,-32.8700111703,6,"Residencial Norte",2694682.37982,0,0.142742070714967,0
39072,"Fresno americano","22/12/2010 09:43","Bajo (2 - 4 mts)",30,"Mediano",-68.8533373038,-32.8711229189,6,"Residencial Norte",2694682.37982,0,0.160209424487875,0
31490,"Fresno europeo","19/05/2011 10:58","Medio (4 - 8 mts)",65,"Grande",-68.8588850692,-32.8909683548,5,"Residencial Sur",2423808.92355,0,0.0619647313034795,0
2615,"Braquiquito","27/10/2011 16:31","Bajo (2 - 4 mts)",30,"Mediano",-68.8296408563,-32.8805413028,4,"Cuarta Este Área Fundacional",1822015.85685,0,0.927871962842708,0
4435,"Prunas","01/08/2011 08:52","Muy bajo (1 - 2 mts)",30,"Mediano",-68.8372180131,-32.8686806476,4,"Cuarta Oeste",1173332.70145,0,0.024684102349087,0
27387,"Pltano","21/10/2011 14:20","Alto (> 8 mts)",200,"Grande",-68.8354895073,-32.8883845271,3,"Parque O'Higgins",1531146.02653,0,0.149371386753091,0
23921,"Morera","18/01/2012 09:19","Alto (> 8 mts)",180,"Grande",-68.852527437,-32.9002532213,2,"Barrio Civico",2366816.36021,1,0.7827886785194,0
7264,"Fresno europeo","29/06/2011 16:30","Muy bajo (1 - 2 mts)",8,"Chico",-68.8543956031,-32.9018682981,5,"Residencial Sur",2423808.92355,0,0.136090830494647,0
31237,"Paraiso","04/02/2011 11:57","Medio (4 - 8 mts)",100,"Grande",-68.8540503915,-32.8641969343,6,"Residencial Norte",2694682.37982,0,0.678444380415234,0
37982,"Paraiso sombrilla","10/01/2012 17:32","Bajo (2 - 4 mts)",80,"Grande",-68.8485209347,-32.8732734511,6,"Residencial Norte",2694682.37982,0,0.148625877440839,0
16299,"Tipa","22/07/2011 09:09","Medio (4 - 8 mts)",40,"Mediano",-68.8420606617,-32.8634863261,4,"Cuarta Oeste",1173332.70145,0,0.187508710838095,0
6071,"Fresno europeo","11/04/2011 12:23","Medio (4 - 8 mts)",70,"Grande",-68.8447419647,-32.8839245014,1,"Parque Central",1655357.93265,0,0.968325766330856,0
24833,"Morera","18/02/2011 10:24","Bajo (2 - 4 mts)",30,"Mediano",-68.8399166802,-32.897009843,2,"Barrio Civico",2366816.36021,0,0.528116552420265,0
37367,"Paraiso","29/11/2010 10:27","Medio (4 - 8 mts)",50,"Mediano",-68.8577666245,-32.8724242192,6,"Residencial Norte",2694682.37982,0,0.525465649341176,0
18249,"Morera","29/07/2011 09:45","Alto (> 8 mts)",141,"Grande",-68.8394801402,-32.8676949546,4,"Cuarta Oeste",1173332.70145,0,0.468416743395737,0
16998,"Fresno americano","15/08/2011 11:11","Medio (4 - 8 mts)",70,"Grande",-68.8373394719,-32.8645146376,4,"Cuarta Oeste",1173332.70145,0,0.0725271369599207,0
13335,"Morera","11/01/2011 14:10","Alto (> 8 mts)",130,"Grande",-68.845774033,-32.8671200319,4,"Cuarta Oeste",1173332.70145,0,0.943357584619129,0
47555,"Paraiso","19/09/2011 08:59","Alto (> 8 mts)",130,"Grande",-68.8274580619,-32.8712720464,4,"Cuarta Este Área Fundacional",1822015.85685,0,0.280774899286657,0
9921,"Acer","17/11/2010 10:44","Alto (> 8 mts)",95,"Grande",-68.8577047502,-32.8696485357,6,"Residencial Norte",2694682.37982,0,0.325842304757828,0
42271,"Morera","03/05/2011 11:52","Medio (4 - 8 mts)",95,"Grande",-68.8383797622,-32.8761912918,1,"Parque Central",1655357.93265,0,0.762935445534915,0
34298,"Morera","04/03/2011 13:13","Alto (> 8 mts)",166,"Grande",-68.8514037331,-32.8736908261,6,"Residencial Norte",2694682.37982,0,0.993612064185829,0
3893,"Conifera","01/09/2011 11:28","Muy bajo (1 - 2 mts)",10,"Chico",-68.8195895912,-32.8712002205,4,"Cuarta Este Área Fundacional",1822015.85685,0,0.132547017914655,0
23144,"Morera","19/01/2011 16:37","Alto (> 8 mts)",174,"Grande",-68.8478680361,-32.9024764255,2,"Barrio Civico",2366816.36021,1,0.902307135145771,0
29744,"Pltano","15/03/2011 09:51","Alto (> 8 mts)",134,"Grande",-68.8405512495,-32.8927683962,2,"Barrio Civico",2366816.36021,0,0.160741971289161,0
34672,"Morera","31/03/2011 09:08","Alto (> 8 mts)",160,"Grande",-68.8500365288,-32.8761658472,6,"Residencial Norte",2694682.37982,0,0.476812755673952,0
2986,"Fresno europeo","16/09/2011 12:08","Bajo (2 - 4 mts)",18,"Chico",-68.8247032272,-32.8719190382,4,"Cuarta Este Área Fundacional",1822015.85685,0,0.778416904968452,0
47822,"Fresno europeo","21/09/2011 10:26","Medio (4 - 8 mts)",45,"Mediano",-68.8291582376,-32.8741073024,4,"Cuarta Este Área Fundacional",1822015.85685,0,0.204339158400893,0
43599,"Acacia SP","13/10/2011 12:08","Alto (> 8 mts)",100,"Grande",-68.8327150055,-32.882558644,3,"Parque O'Higgins",1531146.02653,1,0.716122895185494,0
39839,"Morera","02/05/2011 11:04","Alto (> 8 mts)",150,"Grande",-68.8443077475,-32.8734274668,6,"Residencial Norte",2694682.37982,0,0.769733430587054,0
38891,"Morera","26/10/2010 10:45","Bajo (2 - 4 mts)",50,"Mediano",-68.8489714469,-32.86977456,6,"Residencial Norte",2694682.37982,0,0.337971509423504,0
45256,"Fresno europeo","29/09/2011 11:11","Alto (> 8 mts)",118,"Grande",-68.8227247972,-32.8728387206,4,"Cuarta Este Área Fundacional",1822015.85685,0,0.921251047356636,0
11729,"Morera","02/06/2010 10:32","Medio (4 - 8 mts)",156,"Grande",-68.8510001096,-32.8667452812,6,"Residencial Norte",2694682.37982,0,0.708976864531065,0
11169,"Perenne","27/01/2011 13:14","Medio (4 - 8 mts)",36,"Mediano",-68.8441401246,-32.9015934565,2,"Barrio Civico",2366816.36021,0,0.967315234619118,0
19032,"Morera","13/07/2011 10:09","Alto (> 8 mts)",180,"Grande",-68.8399742347,-32.8719939872,4,"Cuarta Oeste",1173332.70145,0,0.942294383478369,0
437,"Paraiso sombrilla","06/03/2012 11:19","Bajo (2 - 4 mts)",80,"Grande",-68.8176214761,-32.8680311954,4,"Cuarta Este Área Fundacional",1822015.85685,0,0.381767773684188,0
7020,"Fresno americano","10/06/2011 12:11","Medio (4 - 8 mts)",105,"Grande",-68.853825065,-32.8973540547,5,"Residencial Sur",2423808.92355,0,0.110997611349342,0
30245,"Morera","09/03/2011 13:59","Medio (4 - 8 mts)",25,"Mediano",-68.842120482,-32.8902267468,2,"Barrio Civico",2366816.36021,0,0.541678111382481,0
11348,"Fresno europeo","19/01/2011 19:14","Medio (4 - 8 mts)",50,"Mediano",-68.8486022665,-32.9027636383,2,"Barrio Civico",2366816.36021,0,0.0458681804562914,0
9211,"Fresno europeo","02/03/2011 13:11","Medio (4 - 8 mts)",60,"Mediano",-68.8496748415,-32.8653531782,6,"Residencial Norte",2694682.37982,0,0.155608516141062,0
27082,"Pltano","27/10/2011 09:54","Medio (4 - 8 mts)",35,"Mediano",-68.8384965955,-32.8895507423,3,"Parque O'Higgins",1531146.02653,1,0.540024546309698,0
9889,"Fresno americano","11/02/2011 09:12","Medio (4 - 8 mts)",40,"Mediano",-68.8576761783,-32.8653159073,6,"Residencial Norte",2694682.37982,0,0.384595963878923,0
39249,"Paraiso","28/12/2010 10:02","Alto (> 8 mts)",200,"Grande",-68.8549314862,-32.8721209697,6,"Residencial Norte",2694682.37982,0,0.565117292491194,0
30492,"Pltano","17/02/2011 09:17","Alto (> 8 mts)",260,"Grande",-68.8390467308,-32.8889209059,3,"Parque O'Higgins",1531146.02653,0,0.254901367351943,0
21899,"Morera","03/06/2011 09:46","Alto (> 8 mts)",180,"Grande",-68.8578971806,-32.8968732306,5,"Residencial Sur",2423808.92355,0,0.249154920296856,0
6540,"Fresno americano","11/05/2011 12:15","Medio (4 - 8 mts)",50,"Mediano",-68.8563963962,-32.8912799263,5,"Residencial Sur",2423808.92355,1,0.381693736108762,0
43499,"Fresno europeo","14/11/2011 08:03","Bajo (2 - 4 mts)",28,"Mediano",-68.828505168,-32.8842451482,3,"Parque O'Higgins",1531146.02653,0,0.745890413944624,0
33831,"Pltano","16/05/2011 13:41","Alto (> 8 mts)",190,"Grande",-68.8541469347,-32.8857223714,5,"Residencial Sur",2423808.92355,0,0.0835623285155724,0
44882,"Fresno europeo","23/08/2011 10:27","Medio (4 - 8 mts)",108,"Grande",-68.8242492069,-32.8677422222,4,"Cuarta Este Área Fundacional",1822015.85685,0,0.8421177658334,0
5626,"Pltano","05/05/2011 13:07","Medio (4 - 8 mts)",50,"Mediano",-68.8393237338,-32.8768568567,1,"Parque Central",1655357.93265,0,0.987491401603951,0
18795,"Paraiso","07/07/2011 10:29","Alto (> 8 mts)",135,"Grande",-68.8374605903,-32.8728533951,4,"Cuarta Oeste",1173332.70145,0,0.993847675901204,0
47957,"Olmo comun","02/09/2011 10:28","Medio (4 - 8 mts)",122,"Grande",-68.8263867911,-32.8688388062,4,"Cuarta Este Área Fundacional",1822015.85685,0,0.583025141621455,0
23464,"Paraiso sombrilla","24/01/2011 15:24","Medio (4 - 8 mts)",110,"Grande",-68.8492481287,-32.9016816344,2,"Barrio Civico",2366816.36021,0,0.0529255849296603,0
7112,"Fresno europeo","31/05/2011 11:10","Medio (4 - 8 mts)",38,"Mediano",-68.8619840316,-32.8970824848,5,"Residencial Sur",2423808.92355,0,0.761425364630349,0
28429,"Pltano","28/02/2011 10:24","Alto (> 8 mts)",290,"Grande",-68.8460114766,-32.8899392602,2,"Barrio Civico",2366816.36021,0,0.29035295994541,0
435,"Acer","06/03/2012 11:22","Muy bajo (1 - 2 mts)",12,"Chico",-68.8175554938,-32.8680475506,4,"Cuarta Este Área Fundacional",1822015.85685,0,0.760844104993835,0
30803,"Fresno europeo","14/02/2011 11:38","Bajo (2 - 4 mts)",120,"Grande",-68.856041998,-32.8654846374,6,"Residencial Norte",2694682.37982,0,0.871041937000711,0
38955,"Morera","03/01/2011 09:34","Alto (> 8 mts)",120,"Grande",-68.8558606493,-32.8708105293,6,"Residencial Norte",2694682.37982,0,0.15449422122815,0
38987,"Morera","27/12/2010 12:03","Medio (4 - 8 mts)",90,"Grande",-68.8549864273,-32.8711152411,6,"Residencial Norte",2694682.37982,0,0.831423120727554,0
32788,"Acacia SP","14/07/2011 10:13","Alto (> 8 mts)",118,"Grande",-68.8512639168,-32.8854309755,5,"Residencial Sur",2423808.92355,1,0.870065020473064,0
1140,"Morera","02/12/2011 10:55","Medio (4 - 8 mts)",23,"Mediano",-68.8761343597,-32.8679145581,8,"Aeroparque",2203364.73622,0,0.0855404828992008,0
33860,"Morera","16/05/2011 09:34","Alto (> 8 mts)",200,"Grande",-68.8547124174,-32.8866112867,5,"Residencial Sur",2423808.92355,0,0.955550839900496,0
18184,"Olmo comun","26/07/2011 08:54","Alto (> 8 mts)",104,"Grande",-68.8401900696,-32.8698516492,4,"Cuarta Oeste",1173332.70145,0,0.203004276138142,0
7313,"Morera","29/06/2011 14:30","Bajo (2 - 4 mts)",38,"Mediano",-68.8583883263,-32.9014833547,5,"Residencial Sur",2423808.92355,0,0.105873393072918,0
26035,"Fresno americano","09/11/2011 16:36","Bajo (2 - 4 mts)",140,"Grande",-68.8314164292,-32.8862029529,3,"Parque O'Higgins",1531146.02653,0,0.540876730356495,0
18650,"Morera","05/07/2011 10:58","Alto (> 8 mts)",135,"Grande",-68.8367511033,-32.8756454674,1,"Parque Central",1655357.93265,0,0.995048583965712,0
45433,"Morera","09/09/2011 09:21","Medio (4 - 8 mts)",270,"Grande",-68.8258396622,-32.873241706,4,"Cuarta Este Área Fundacional",1822015.85685,0,0.0578744495550433,0
14593,"Paraiso","14/12/2011 10:13","Medio (4 - 8 mts)",68,"Grande",-68.8792623481,-32.8683447519,8,"Aeroparque",2203364.73622,0,0.384720586029829,0
11496,"lamo criollo","22/02/2011 11:41","Alto (> 8 mts)",250,"Grande",-68.8538087203,-32.8662764059,6,"Residencial Norte",2694682.37982,0,0.742272298094101,0
15454,"Fresno europeo","22/11/2011 13:21","Muy bajo (1 - 2 mts)",18,"Chico",-68.859886405,-32.8717845338,7,"Residencial Parque",1786336.08966,0,0.334922472778026,0
22220,"Fresno europeo","18/05/2011 08:53","Muy bajo (1 - 2 mts)",3,"Chico",-68.8557351543,-32.8991386762,5,"Residencial Sur",2423808.92355,0,0.445649583399847,0
5588,"Acer","18/04/2011 10:20","Alto (> 8 mts)",143,"Grande",-68.8383544632,-32.8820814207,1,"Parque Central",1655357.93265,0,0.740662511818624,0
43868,"Fresno europeo","07/10/2011 08:54","Medio (4 - 8 mts)",48,"Mediano",-68.8311054611,-32.8841155068,3,"Parque O'Higgins",1531146.02653,0,0.898589368217415,0
2713,"Fresno americano","12/10/2011 14:21","Alto (> 8 mts)",118,"Grande",-68.831882561,-32.8826082147,3,"Parque O'Higgins",1531146.02653,0,0.839062032998796,0
41522,"Morera","04/05/2011 09:02","Medio (4 - 8 mts)",76,"Grande",-68.8387306953,-32.8776011031,1,"Parque Central",1655357.93265,0,0.614800804571121,0
1829,"Fresno americano","18/11/2011 17:17","Muy bajo (1 - 2 mts)",10,"Chico",-68.8608488789,-32.8710214221,7,"Residencial Parque",1786336.08966,0,0.948405839483366,0
28165,"Tipa","22/02/2011 09:34","Alto (> 8 mts)",258,"Grande",-68.8477952655,-32.8916530744,2,"Barrio Civico",2366816.36021,0,0.0600129800610544,0
25415,"Morera","14/02/2011 12:05","Alto (> 8 mts)",270,"Grande",-68.8367558224,-32.9008141222,2,"Barrio Civico",2366816.36021,0,0.891772083681783,0
44156,"Fresno europeo","06/10/2011 15:54","Medio (4 - 8 mts)",120,"Grande",-68.8350476739,-32.8775960523,1,"Parque Central",1655357.93265,0,0.815539651131714,0
8828,"Acer","01/02/2011 13:40","Muy bajo (1 - 2 mts)",10,"Chico",-68.8545413803,-32.8680740847,6,"Residencial Norte",2694682.37982,0,0.699692218892564,0
47584,"Morera","16/09/2011 08:52","Medio (4 - 8 mts)",76,"Grande",-68.8260001168,-32.8717240262,4,"Cuarta Este Área Fundacional",1822015.85685,0,0.697162390103266,0
42723,"Morera","26/09/2011 11:22","Medio (4 - 8 mts)",150,"Grande",-68.8273953451,-32.8768127728,4,"Cuarta Este Área Fundacional",1822015.85685,0,0.698814603610534,0
47190,"Fresno europeo","20/09/2011 10:49","Alto (> 8 mts)",136,"Grande",-68.8343631389,-32.875104558,4,"Cuarta Este Área Fundacional",1822015.85685,0,0.229722536150203,0
13584,"Morera","28/02/2011 13:06","Alto (> 8 mts)",180,"Grande",-68.8518908525,-32.8649518853,6,"Residencial Norte",2694682.37982,0,0.045557037592695,0
31317,"Morera","28/02/2011 11:34","Medio (4 - 8 mts)",140,"Grande",-68.8489738922,-32.8652528175,6,"Residencial Norte",2694682.37982,0,0.124392712860447,0
31500,"Pltano","19/05/2011 10:34","Alto (> 8 mts)",160,"Grande",-68.8585240202,-32.8905411609,5,"Residencial Sur",2423808.92355,0,0.0937837248956686,0
7217,"Fresno europeo","24/06/2011 10:45","Medio (4 - 8 mts)",90,"Grande",-68.8610916666,-32.8983449547,5,"Residencial Sur",2423808.92355,0,0.770613331127003,0
15358,"Paraiso","16/11/2011 12:32","Bajo (2 - 4 mts)",40,"Mediano",-68.8601255404,-32.8706980071,6,"Residencial Norte",2694682.37982,0,0.986189788793084,0
4752,"Fresno europeo","03/08/2011 09:38","Medio (4 - 8 mts)",68,"Grande",-68.8344620956,-32.8660792724,4,"Cuarta Oeste",1173332.70145,0,0.326746867212184,0
5598,"Fresno europeo","19/04/2011 09:47","Muy bajo (1 - 2 mts)",3,"Chico",-68.8369588246,-32.8800365719,1,"Parque Central",1655357.93265,0,0.565044596049781,0
29928,"Pltano","14/03/2011 12:23","Alto (> 8 mts)",123,"Grande",-68.8408574237,-32.892585082,2,"Barrio Civico",2366816.36021,1,0.51278097228179,0
26154,"Morera","14/11/2011 18:26","Medio (4 - 8 mts)",170,"Grande",-68.8296000441,-32.8876888533,3,"Parque O'Higgins",1531146.02653,0,0.83045663129439,0
1219,"Paraiso sombrilla","29/11/2011 12:12","Medio (4 - 8 mts)",100,"Grande",-68.8769784443,-32.8646704108,8,"Aeroparque",2203364.73622,0,0.707537278781904,0
10520,"Ailanthus","17/03/2011 11:36","Medio (4 - 8 mts)",50,"Mediano",-68.8589054451,-32.8754106934,7,"Residencial Parque",1786336.08966,0,0.821979018851974,0
23297,"Morera","18/01/2012 17:13","Medio (4 - 8 mts)",100,"Grande",-68.8518173099,-32.9006821696,2,"Barrio Civico",2366816.36021,0,0.393765146058084,0
26640,"Acacia SP","02/11/2011 09:55","Medio (4 - 8 mts)",108,"Grande",-68.8340876315,-32.891125192,3,"Parque O'Higgins",1531146.02653,1,0.331259159592342,0
22742,"Morera","12/05/2011 10:50","Alto (> 8 mts)",92,"Grande",-68.8542206341,-32.9014038483,5,"Residencial Sur",2423808.92355,1,0.680389411322839,0
23266,"Acer","26/01/2012 13:20","Bajo (2 - 4 mts)",40,"Mediano",-68.8520455206,-32.9011982436,2,"Barrio Civico",2366816.36021,0,0.73173264978629,0
32951,"Morera","23/05/2011 10:41","Alto (> 8 mts)",156,"Grande",-68.8500919131,-32.8885563106,5,"Residencial Sur",2423808.92355,0,0.208578652070703,0
38041,"Morera","06/12/2010 11:59","Alto (> 8 mts)",96,"Grande",-68.8469764308,-32.8716677676,6,"Residencial Norte",2694682.37982,0,0.449149079089481,0
29411,"Morera","02/03/2011 10:18","Alto (> 8 mts)",120,"Grande",-68.8449695356,-32.890893535,2,"Barrio Civico",2366816.36021,0,0.837775441964977,0
44247,"Morera","13/10/2011 11:22","Alto (> 8 mts)",200,"Grande",-68.83403642,-32.884026466,3,"Parque O'Higgins",1531146.02653,0,0.90554222723282,0
8539,"Fresno europeo","17/02/2011 10:26","Alto (> 8 mts)",60,"Mediano",-68.8404060325,-32.8992265041,2,"Barrio Civico",2366816.36021,0,0.304691523302354,0
44563,"Morera","20/10/2011 09:08","Alto (> 8 mts)",180,"Grande",-68.8341159885,-32.8852438938,3,"Parque O'Higgins",1531146.02653,0,0.0229719215346689,0
6500,"Fresno europeo","09/06/2011 10:28","Alto (> 8 mts)",60,"Mediano",-68.8613260669,-32.887598874,5,"Residencial Sur",2423808.92355,0,0.418167565461805,0
37180,"Olmo comun","01/04/2011 11:58","Alto (> 8 mts)",125,"Grande",-68.8584809059,-32.8778860484,7,"Residencial Parque",1786336.08966,1,0.687981614534989,0
33695,"Morera","10/05/2011 13:52","Alto (> 8 mts)",150,"Grande",-68.8577135207,-32.8861517947,5,"Residencial Sur",2423808.92355,0,0.762621301700274,0
16007,"Morera","11/08/2011 08:53","Alto (> 8 mts)",90,"Grande",-68.8437366276,-32.8720212842,4,"Cuarta Oeste",1173332.70145,0,0.426786953381774,0
31964,"Fresno europeo","02/06/2011 13:10","Medio (4 - 8 mts)",110,"Grande",-68.8599678918,-32.8836291628,7,"Residencial Parque",1786336.08966,0,0.569071737184686,0
35191,"Fresno americano","29/03/2011 10:32","Alto (> 8 mts)",120,"Grande",-68.8516618627,-32.8826504561,1,"Parque Central",1655357.93265,0,0.758043809352198,0
29187,"Fresno americano","25/02/2011 18:38","Alto (> 8 mts)",142,"Grande",-68.8465950777,-32.8876743362,1,"Parque Central",1655357.93265,0,0.124150984015261,0
400,"Ligustro","05/03/2012 11:17","Alto (> 8 mts)",130,"Grande",-68.8199019368,-32.8671916251,4,"Cuarta Este Área Fundacional",1822015.85685,0,0.507010685337538,0
11292,"Ligustro","10/01/2011 12:22","Medio (4 - 8 mts)",55,"Mediano",-68.847173894,-32.902585834,2,"Barrio Civico",2366816.36021,0,0.787256148352303,0
22422,"Fresno europeo","15/06/2011 09:50","Alto (> 8 mts)",73,"Grande",-68.86010881,-32.8993043821,5,"Residencial Sur",2423808.92355,0,0.354643725252025,0
29403,"Morera","02/03/2011 10:45","Alto (> 8 mts)",158,"Grande",-68.8451426773,-32.8915658703,2,"Barrio Civico",2366816.36021,0,0.12663543001082,0
37810,"Fresno europeo","10/12/2010 11:53","Alto (> 8 mts)",170,"Grande",-68.8487937448,-32.8718596038,6,"Residencial Norte",2694682.37982,0,0.188434990733253,0
1379,"Acer","23/11/2011 11:28","Medio (4 - 8 mts)",45,"Mediano",-68.8705975376,-32.8785055081,7,"Residencial Parque",1786336.08966,0,0.0393340238387068,0
38794,"Paraiso sombrilla","14/12/2010 09:50","Bajo (2 - 4 mts)",34,"Mediano",-68.8499457274,-32.870544703,6,"Residencial Norte",2694682.37982,0,0.846403825768435,0
43226,"Pltano","04/10/2011 09:16","Alto (> 8 mts)",310,"Grande",-68.8349812617,-32.8790441514,1,"Parque Central",1655357.93265,0,0.136804463892228,0
29435,"Morera","09/03/2011 18:30","Alto (> 8 mts)",182,"Grande",-68.8462188864,-32.8927016576,2,"Barrio Civico",2366816.36021,0,0.267137096681997,0
34896,"Pltano","29/03/2011 10:13","Alto (> 8 mts)",138,"Grande",-68.8518021331,-32.8814293949,1,"Parque Central",1655357.93265,0,0.122431781094853,0
33709,"Paraiso","11/05/2011 09:42","Alto (> 8 mts)",111,"Grande",-68.8570295332,-32.8868617321,5,"Residencial Sur",2423808.92355,1,0.548447591439509,0
9710,"Morera","24/01/2011 10:22","Alto (> 8 mts)",180,"Grande",-68.8485769918,-32.864015761,6,"Residencial Norte",2694682.37982,0,0.268787613539353,0
37798,"Paraiso","10/12/2010 10:46","Alto (> 8 mts)",170,"Grande",-68.8495612487,-32.8720537623,6,"Residencial Norte",2694682.37982,0,0.17471794584708,0
44550,"Fresno europeo","17/10/2011 11:36","Medio (4 - 8 mts)",130,"Grande",-68.8366891161,-32.8854992653,3,"Parque O'Higgins",1531146.02653,0,0.81499952436757,0
40782,"Pltano","18/04/2011 19:11","Alto (> 8 mts)",124,"Grande",-68.8405320648,-32.8844272432,1,"Parque Central",1655357.93265,0,0.333858563009727,0
13048,"Morera","15/02/2011 12:52","Medio (4 - 8 mts)",154,"Grande",-68.8447532418,-32.8644611187,4,"Cuarta Oeste",1173332.70145,0,0.213517483822965,0
12196,"Paraiso","18/01/2011 12:12","Alto (> 8 mts)",180,"Grande",-68.8463594399,-32.8675940518,6,"Residencial Norte",2694682.37982,0,0.100312333675183,0
28299,"Pltano","10/03/2011 14:50","Alto (> 8 mts)",172,"Grande",-68.8494530243,-32.8930054404,2,"Barrio Civico",2366816.36021,1,0.457931693279759,0
34153,"Morera","10/03/2011 13:39","Alto (> 8 mts)",180,"Grande",-68.8564507264,-32.8727772397,6,"Residencial Norte",2694682.37982,0,0.946284480044185,0
3207,"Fresno americano","22/09/2011 09:19","Alto (> 8 mts)",60,"Mediano",-68.8276768346,-32.874354191,4,"Cuarta Este Área Fundacional",1822015.85685,0,0.928489095584835,0
44420,"Fresno europeo","18/10/2011 10:54","Medio (4 - 8 mts)",126,"Grande",-68.8367557022,-32.8843293165,3,"Parque O'Higgins",1531146.02653,0,0.454699506605918,0
45779,"Paraiso","23/08/2011 12:01","Medio (4 - 8 mts)",165,"Grande",-68.8216136519,-32.8697081526,4,"Cuarta Este Área Fundacional",1822015.85685,0,0.24743564474007,0
16470,"Morera","12/08/2011 09:34","Alto (> 8 mts)",170,"Grande",-68.8414905059,-32.8625930429,4,"Cuarta Oeste",1173332.70145,0,0.306828042999003,0
7666,"Pltano","27/05/2011 10:22","Alto (> 8 mts)",180,"Grande",-68.8536421363,-32.885065842,5,"Residencial Sur",2423808.92355,1,0.0737791891185045,0
17918,"Caducifolio","04/08/2011 09:19","Muy bajo (1 - 2 mts)",5,"Chico",-68.837531121,-32.8668727286,4,"Cuarta Oeste",1173332.70145,0,0.580424032974173,0
18520,"Paraiso","06/07/2011 12:31","Alto (> 8 mts)",145,"Grande",-68.8377943096,-32.8741335121,4,"Cuarta Oeste",1173332.70145,0,0.0764399367589844,0
22812,"Fresno americano","14/06/2011 12:23","Medio (4 - 8 mts)",32,"Mediano",-68.8589957963,-32.9022812696,5,"Residencial Sur",2423808.92355,0,0.171830080298983,0
23460,"Morera","24/01/2011 15:13","Alto (> 8 mts)",176,"Grande",-68.8490660344,-32.9016575199,2,"Barrio Civico",2366816.36021,0,0.0383592585594913,0
6580,"Morera","18/05/2011 10:56","Alto (> 8 mts)",115,"Grande",-68.8602221228,-32.8908814248,5,"Residencial Sur",2423808.92355,0,0.704981800617523,0
23961,"Morera","12/01/2011 11:31","Alto (> 8 mts)",113,"Grande",-68.8464735256,-32.9003983995,2,"Barrio Civico",2366816.36021,0,0.770070377600041,0
19065,"Morera","26/07/2011 13:02","Alto (> 8 mts)",180,"Grande",-68.8418884702,-32.8717530523,4,"Cuarta Oeste",1173332.70145,0,0.0886358035892599,0
663,"Morera","07/03/2012 16:15","Medio (4 - 8 mts)",110,"Grande",-68.8182431856,-32.8680452757,4,"Cuarta Este Área Fundacional",1822015.85685,0,0.94094773310882,0
37939,"Acer","27/08/2010 10:52","Medio (4 - 8 mts)",50,"Mediano",-68.8477002861,-32.8742591134,6,"Residencial Norte",2694682.37982,0,0.15303317950842,0
26707,"Morera","09/11/2011 10:17","Alto (> 8 mts)",140,"Grande",-68.8328806577,-32.8931409382,3,"Parque O'Higgins",1531146.02653,0,0.0977273169852906,0
19964,"Morera","05/08/2011 09:28","Medio (4 - 8 mts)",42,"Mediano",-68.8336665396,-32.8646381194,4,"Cuarta Oeste",1173332.70145,1,0.906215715447253,0
16345,"lamo blanco","12/08/2011 13:49","Alto (> 8 mts)",136,"Grande",-68.8418913421,-32.8629697374,4,"Cuarta Oeste",1173332.70145,0,0.627503105104781,0
42102,"Paraiso","04/05/2011 10:00","Medio (4 - 8 mts)",85,"Grande",-68.8430272258,-32.8769304179,1,"Parque Central",1655357.93265,0,0.177084303538279,0
25327,"Morera","09/02/2011 10:40","Alto (> 8 mts)",168,"Grande",-68.8398783944,-32.89938294,2,"Barrio Civico",2366816.36021,0,0.621804702632075,0
9799,"Paraiso sombrilla","14/01/2011 09:09","Medio (4 - 8 mts)",140,"Grande",-68.8450587655,-32.864260231,4,"Cuarta Oeste",1173332.70145,0,0.930421523917097,0
20131,"Jacarand","16/05/2011 11:11","Alto (> 8 mts)",20,"Chico",-68.861583572,-32.8914570904,5,"Residencial Sur",2423808.92355,0,0.984407394712918,0
22810,"Fresno americano","14/06/2011 12:25","Medio (4 - 8 mts)",36,"Mediano",-68.8591739313,-32.9023107753,5,"Residencial Sur",2423808.92355,0,0.372850081071261,0
38308,"Paraiso","09/11/2010 11:24","Alto (> 8 mts)",170,"Grande",-68.8537462361,-32.8703076824,6,"Residencial Norte",2694682.37982,0,0.0266891410525366,0
3752,"Morera","29/08/2011 12:02","Bajo (2 - 4 mts)",16,"Chico",-68.8187039041,-32.8701660308,4,"Cuarta Este Área Fundacional",1822015.85685,1,0.781055886675721,0
43654,"Olmo bola","14/10/2011 16:54","Medio (4 - 8 mts)",150,"Grande",-68.8345025413,-32.8811492105,3,"Parque O'Higgins",1531146.02653,0,0.304833031377507,0
31609,"Pltano","10/06/2011 09:43","Alto (> 8 mts)",260,"Grande",-68.861192548,-32.8878228568,5,"Residencial Sur",2423808.92355,0,0.30849857347782,0
11572,"Paraiso","10/05/2010 11:52","Medio (4 - 8 mts)",162,"Grande",-68.8518258619,-32.8672315876,6,"Residencial Norte",2694682.37982,0,0.628644053656979,0
14635,"Aguaribay","12/12/2011 12:41","Medio (4 - 8 mts)",120,"Grande",-68.8791033415,-32.8656227866,8,"Aeroparque",2203364.73622,0,0.361758230896404,0
31113,"Fresno europeo","08/02/2011 09:31","Medio (4 - 8 mts)",84,"Grande",-68.8546704335,-32.8644661593,6,"Residencial Norte",2694682.37982,0,0.895622365655608,0
37805,"Fresno europeo","10/12/2010 13:00","Alto (> 8 mts)",80,"Grande",-68.8492301533,-32.8717795191,6,"Residencial Norte",2694682.37982,0,0.168048438335036,0
18992,"Morera","13/07/2011 09:50","Alto (> 8 mts)",145,"Grande",-68.8410731916,-32.8716366212,4,"Cuarta Oeste",1173332.70145,0,0.11857026570732,0
1897,"Acacia SP","17/11/2011 12:14","Muy bajo (1 - 2 mts)",2,"Chico",-68.8590023235,-32.8698028214,6,"Residencial Norte",2694682.37982,0,0.203429369948116,0
15401,"Conifera","15/11/2011 13:07","Alto (> 8 mts)",70,"Grande",-68.8607639068,-32.8697536017,7,"Residencial Parque",1786336.08966,0,0.976515124364756,0
30466,"Fresno europeo","18/02/2011 13:43","Medio (4 - 8 mts)",54,"Mediano",-68.8402681164,-32.8884294161,3,"Parque O'Higgins",1531146.02653,0,0.0592098118315892,0
19511,"Morera","12/07/2011 12:28","Alto (> 8 mts)",140,"Grande",-68.8383222592,-32.8710803386,4,"Cuarta Oeste",1173332.70145,0,0.645332784040635,0
13881,"Aguaribay","16/12/2011 12:27","Bajo (2 - 4 mts)",100,"Grande",-68.8761120301,-32.8684138326,8,"Aeroparque",2203364.73622,0,0.461001433593316,0
19265,"Morera","03/08/2011 11:15","Medio (4 - 8 mts)",86,"Grande",-68.8370807383,-32.8704537636,4,"Cuarta Oeste",1173332.70145,0,0.71498066631435,0
22366,"Fresno europeo","16/06/2011 09:55","Medio (4 - 8 mts)",120,"Grande",-68.8594987048,-32.8986920264,5,"Residencial Sur",2423808.92355,0,0.243401513431499,0
4383,"Morera","04/08/2011 11:43","Bajo (2 - 4 mts)",12,"Chico",-68.8365422704,-32.8691425936,4,"Cuarta Oeste",1173332.70145,0,0.788353895450872,0
22798,"Morera","17/06/2011 16:50","Bajo (2 - 4 mts)",18,"Chico",-68.859736264,-32.9016787618,5,"Residencial Sur",2423808.92355,0,0.440626411315244,0
24002,"Morera","13/01/2011 10:54","Alto (> 8 mts)",156,"Grande",-68.8461396884,-32.9004819365,2,"Barrio Civico",2366816.36021,0,0.602588277756464,0
40528,"Pltano","12/04/2011 10:00","Alto (> 8 mts)",195,"Grande",-68.8433091319,-32.8831878604,1,"Parque Central",1655357.93265,0,0.0933859889691758,0
8578,"Morera","03/02/2011 11:08","Alto (> 8 mts)",67,"Grande",-68.840662662,-32.902901535,2,"Barrio Civico",2366816.36021,0,0.477042314765815,0
27219,"Fresno europeo","26/10/2011 09:14","Muy bajo (1 - 2 mts)",7,"Chico",-68.8369757884,-32.8900220741,3,"Parque O'Higgins",1531146.02653,0,0.722994943128111,0
27103,"Fresno americano","27/10/2011 09:09","Alto (> 8 mts)",78,"Grande",-68.8370292403,-32.8888957147,3,"Parque O'Higgins",1531146.02653,0,0.200224390722618,0
22145,"Fresno europeo","13/05/2011 13:46","Alto (> 8 mts)",62,"Grande",-68.855470682,-32.8983101483,5,"Residencial Sur",2423808.92355,1,0.784843501554973,0
7853,"Fresno europeo","03/06/2011 15:27","Bajo (2 - 4 mts)",42,"Mediano",-68.8588356136,-32.8842065512,5,"Residencial Sur",2423808.92355,0,0.0967755732950526,0
9752,"Jacarand","19/01/2011 10:13","Alto (> 8 mts)",72,"Grande",-68.8466617009,-32.8643400294,4,"Cuarta Oeste",1173332.70145,0,0.676392815061622,0
9296,"Morera","23/02/2011 11:44","Alto (> 8 mts)",180,"Grande",-68.8482578675,-32.8646011652,6,"Residencial Norte",2694682.37982,1,0.713984091890317,0
23179,"Paraiso","19/01/2011 10:03","Alto (> 8 mts)",240,"Grande",-68.8479407064,-32.9015460601,2,"Barrio Civico",2366816.36021,0,0.125732017195404,0
17563,"Morera","28/07/2011 10:01","Alto (> 8 mts)",160,"Grande",-68.8410942073,-32.8670429466,4,"Cuarta Oeste",1173332.70145,0,0.62038469089696,0
12051,"Fresno europeo","04/02/2010 14:00","Bajo (2 - 4 mts)",63,"Grande",-68.8529790264,-32.8677328108,6,"Residencial Norte",2694682.37982,0,0.37565572770053,0
26251,"Morera","18/10/2011 11:41","Medio (4 - 8 mts)",60,"Mediano",-68.8313291668,-32.8879325802,3,"Parque O'Higgins",1531146.02653,0,0.501656568232313,0
21074,"lamo criollo","23/06/2011 10:29","Alto (> 8 mts)",150,"Grande",-68.8632095224,-32.9003069939,5,"Residencial Sur",2423808.92355,0,0.076502666910758,0
40068,"Paraiso sombrilla","20/04/2011 10:06","Medio (4 - 8 mts)",120,"Grande",-68.8443387329,-32.878532732,1,"Parque Central",1655357.93265,0,0.366451611103208,0
39193,"Morera","25/11/2010 09:00","Medio (4 - 8 mts)",45,"Mediano",-68.8535001629,-32.8731902438,6,"Residencial Norte",2694682.37982,0,0.467916307499422,0
7272,"Jacarand","17/06/2011 16:52","Alto (> 8 mts)",56,"Mediano",-68.8596420114,-32.9016806415,5,"Residencial Sur",2423808.92355,0,0.614084435728304,0
4771,"Paraiso","01/08/2011 14:01","Medio (4 - 8 mts)",90,"Grande",-68.8363939861,-32.866105789,4,"Cuarta Oeste",1173332.70145,0,0.974148028819367,0
22954,"Pltano","19/05/2011 16:48","Medio (4 - 8 mts)",128,"Grande",-68.8557853857,-32.8998006651,5,"Residencial Sur",2423808.92355,0,0.0830739538146968,0
24080,"Perenne","11/01/2011 12:27","Bajo (2 - 4 mts)",12,"Chico",-68.8470826091,-32.9008246733,2,"Barrio Civico",2366816.36021,0,0.640817970406271,0
31730,"Morera","18/05/2011 09:34","Medio (4 - 8 mts)",99,"Grande",-68.860347642,-32.8907458325,5,"Residencial Sur",2423808.92355,0,0.96379302685767,0
7153,"Caducifolio","14/06/2011 15:15","Muy bajo (1 - 2 mts)",3,"Chico",-68.8537289004,-32.8976746573,5,"Residencial Sur",2423808.92355,0,0.656938313842596,0
29452,"Morera","15/03/2011 13:10","Alto (> 8 mts)",154,"Grande",-68.845154602,-32.894013119,2,"Barrio Civico",2366816.36021,1,0.487254612517628,0
13164,"Fresno europeo","18/02/2011 11:35","Alto (> 8 mts)",160,"Grande",-68.8465443595,-32.8655622218,4,"Cuarta Oeste",1173332.70145,0,0.38595377547435,0
4893,"Catalpa","21/07/2011 09:38","Muy bajo (1 - 2 mts)",10,"Chico",-68.8427564601,-32.8647169255,4,"Cuarta Oeste",1173332.70145,0,0.398990683586753,0
28773,"Morera","20/04/2011 10:10","Alto (> 8 mts)",140,"Grande",-68.8488022198,-32.8865681233,1,"Parque Central",1655357.93265,1,0.126618774771901,0
30806,"Fresno europeo","14/02/2011 11:25","Alto (> 8 mts)",76,"Grande",-68.8563171793,-32.865545187,6,"Residencial Norte",2694682.37982,0,0.258669920294302,0
13636,"Jacarand","25/02/2011 09:33","Alto (> 8 mts)",94,"Grande",-68.8519175339,-32.8663530069,6,"Residencial Norte",2694682.37982,1,0.392744773530901,0
24734,"Morera","17/02/2011 09:56","Alto (> 8 mts)",120,"Grande",-68.8397287374,-32.8988001663,2,"Barrio Civico",2366816.36021,1,0.00730872825359252,0
23768,"Morera","24/01/2011 13:10","Alto (> 8 mts)",121,"Grande",-68.8498804726,-32.8997168911,2,"Barrio Civico",2366816.36021,0,0.100306305597583,0
30095,"Pltano","26/04/2011 10:30","Alto (> 8 mts)",180,"Grande",-68.8423654916,-32.887778826,3,"Parque O'Higgins",1531146.02653,0,0.468887199334916,0
43362,"Pltano","25/10/2011 17:54","Alto (> 8 mts)",180,"Grande",-68.8334819627,-32.879989573,1,"Parque Central",1655357.93265,1,0.482152374206789,0
41228,"Morera","15/04/2011 13:02","Alto (> 8 mts)",150,"Grande",-68.8384716673,-32.881629798,1,"Parque Central",1655357.93265,0,0.263835496498358,0
22465,"Morera","24/06/2011 10:15","Muy bajo (1 - 2 mts)",12,"Chico",-68.8611814602,-32.8992355496,5,"Residencial Sur",2423808.92355,0,0.339352674370304,0
5962,"Paraiso","05/05/2011 09:36","Medio (4 - 8 mts)",50,"Mediano",-68.8480586131,-32.8839969626,1,"Parque Central",1655357.93265,0,0.25391741761601,0
17898,"Morera","01/08/2011 09:59","Alto (> 8 mts)",88,"Grande",-68.8360591702,-32.8670148613,4,"Cuarta Oeste",1173332.70145,0,0.640022411762148,0
27045,"Pltano","09/11/2011 10:38","Alto (> 8 mts)",190,"Grande",-68.8393987798,-32.8910456534,3,"Parque O'Higgins",1531146.02653,0,0.727594495233351,0
22086,"Fresno europeo","10/06/2011 11:16","Alto (> 8 mts)",121,"Grande",-68.8545843362,-32.8972417192,5,"Residencial Sur",2423808.92355,0,0.208328234819189,0
22168,"Pltano","18/05/2011 10:54","Alto (> 8 mts)",172,"Grande",-68.8541031113,-32.8993072796,5,"Residencial Sur",2423808.92355,0,0.518015839374822,0
15707,"Paraiso","18/11/2011 08:20","Bajo (2 - 4 mts)",23,"Mediano",-68.8606100376,-32.8687864781,6,"Residencial Norte",2694682.37982,0,0.844649325840927,0
8671,"Paraiso","01/02/2011 13:39","Alto (> 8 mts)",84,"Grande",-68.8403958339,-32.9034495202,2,"Barrio Civico",2366816.36021,0,0.465696335230514,0
32197,"Fresno americano","10/05/2011 11:11","Medio (4 - 8 mts)",100,"Grande",-68.8588924279,-32.8848990241,5,"Residencial Sur",2423808.92355,0,0.0115779356762179,0
2327,"Morera","03/11/2011 09:32","Alto (> 8 mts)",58,"Mediano",-68.8352068478,-32.8944201919,3,"Parque O'Higgins",1531146.02653,0,0.351781468480773,0
36837,"Pltano","07/04/2011 11:22","Alto (> 8 mts)",250,"Grande",-68.8596505393,-32.880147641,7,"Residencial Parque",1786336.08966,0,0.941128910008853,0
39607,"Morera","25/10/2010 10:38","Alto (> 8 mts)",150,"Grande",-68.8482825208,-32.8687510244,6,"Residencial Norte",2694682.37982,0,0.544445367041428,0
17431,"Morera","29/07/2011 10:24","Alto (> 8 mts)",110,"Grande",-68.8348918224,-32.8678016254,4,"Cuarta Oeste",1173332.70145,0,0.17900752672401,0
25463,"Morera","08/02/2011 13:19","Alto (> 8 mts)",140,"Grande",-68.8406649476,-32.9006402695,2,"Barrio Civico",2366816.36021,1,0.376927250234578,0
18002,"Morera","29/07/2011 17:39","Alto (> 8 mts)",200,"Grande",-68.8403533565,-32.8678101571,4,"Cuarta Oeste",1173332.70145,0,0.72163949031235,0
1153,"Morera","01/12/2011 13:09","Alto (> 8 mts)",95,"Grande",-68.8769370791,-32.8679349902,8,"Aeroparque",2203364.73622,0,0.0900774272675359,0
27833,"Fresno europeo","02/11/2011 10:28","Medio (4 - 8 mts)",72,"Grande",-68.8360176848,-32.8951791253,2,"Barrio Civico",2366816.36021,0,0.877502602513724,0
39680,"Morera","08/06/2011 10:33","Alto (> 8 mts)",200,"Grande",-68.8458654508,-32.8691440759,6,"Residencial Norte",2694682.37982,0,0.124369307164489,0
18217,"Ligustro","05/08/2011 11:58","Bajo (2 - 4 mts)",30,"Mediano",-68.8388318609,-32.8678724068,4,"Cuarta Oeste",1173332.70145,0,0.000495243166879544,0
8742,"Fresno europeo","14/02/2011 08:46","Bajo (2 - 4 mts)",37,"Mediano",-68.8364401006,-32.900573614,2,"Barrio Civico",2366816.36021,0,0.577365729435812,0
16723,"Paraiso","10/08/2011 13:31","Alto (> 8 mts)",105,"Grande",-68.840037396,-32.8639507696,4,"Cuarta Oeste",1173332.70145,0,0.183845907180586,0
36903,"Morera","07/04/2011 12:44","Alto (> 8 mts)",180,"Grande",-68.8596257931,-32.8792184156,7,"Residencial Parque",1786336.08966,0,0.299182606523976,0
38825,"Morera","13/12/2010 13:48","Alto (> 8 mts)",90,"Grande",-68.8496558523,-32.8715867984,6,"Residencial Norte",2694682.37982,0,0.260677254240419,0
16380,"lamo blanco","11/08/2011 10:21","Alto (> 8 mts)",320,"Grande",-68.8420559568,-32.8625626495,4,"Cuarta Oeste",1173332.70145,0,0.801438371388703,0
42636,"Caducifolio","26/09/2011 09:05","Muy bajo (1 - 2 mts)",3,"Chico",-68.8287594019,-32.8755051303,4,"Cuarta Este Área Fundacional",1822015.85685,0,0.0781498236273019,0
33518,"Acacia SP","16/06/2011 12:03","Medio (4 - 8 mts)",40,"Mediano",-68.8543387445,-32.8891011027,5,"Residencial Sur",2423808.92355,0,0.38294319164851,0
40029,"Morera","19/04/2011 09:17","Medio (4 - 8 mts)",110,"Grande",-68.8438339749,-32.8784172993,1,"Parque Central",1655357.93265,0,0.746483242245085,0
8980,"Paraiso","12/01/2011 14:06","Alto (> 8 mts)",90,"Grande",-68.8467773459,-32.8664424625,6,"Residencial Norte",2694682.37982,0,0.348490922938127,0
15074,"Acacia SP","17/11/2011 12:12","Muy bajo (1 - 2 mts)",4,"Chico",-68.8590401764,-32.8697321189,6,"Residencial Norte",2694682.37982,0,0.436316838105706,0
4512,"Morera","01/08/2011 10:00","Medio (4 - 8 mts)",46,"Mediano",-68.8402791724,-32.8681181507,4,"Cuarta Oeste",1173332.70145,0,0.135337724026173,0
19879,"Paraiso","29/06/2011 10:37","Alto (> 8 mts)",94,"Grande",-68.8348080734,-32.8625575997,4,"Cuarta Oeste",1173332.70145,0,0.857873096196842,0
41544,"Morera","06/05/2011 10:38","Alto (> 8 mts)",106,"Grande",-68.8392188939,-32.8793963714,1,"Parque Central",1655357.93265,0,0.949957403032834,0
904,"Fresno europeo","18/01/2012 12:36","Alto (> 8 mts)",170,"Grande",-68.8461035794,-32.8730876523,6,"Residencial Norte",2694682.37982,0,0.0358105702055963,0
35966,"Fresno europeo","22/03/2011 13:41","Medio (4 - 8 mts)",140,"Grande",-68.8550808663,-32.8761859785,6,"Residencial Norte",2694682.37982,0,0.250527013088674,0
6380,"Fresno americano","03/06/2011 12:29","Alto (> 8 mts)",134,"Grande",-68.8589342387,-32.8877061378,5,"Residencial Sur",2423808.92355,0,0.197066273998786,0
20579,"Aguaribay","30/05/2011 11:16","Bajo (2 - 4 mts)",65,"Grande",-68.8628294028,-32.8978380544,5,"Residencial Sur",2423808.92355,1,0.666236734423494,0
13100,"Perenne","16/02/2011 13:16","Muy bajo (1 - 2 mts)",46,"Mediano",-68.8463663841,-32.8656878601,4,"Cuarta Oeste",1173332.70145,0,0.613459149315469,0
42423,"Pltano","28/09/2011 11:10","Alto (> 8 mts)",106,"Grande",-68.83350424,-32.8756756324,4,"Cuarta Este Área Fundacional",1822015.85685,0,0.909472777541157,0
4641,"Fresno europeo","04/08/2011 09:58","Medio (4 - 8 mts)",74,"Grande",-68.8352749331,-32.864700487,4,"Cuarta Oeste",1173332.70145,1,0.825983706344471,0
31690,"Pltano","18/05/2011 12:37","Alto (> 8 mts)",190,"Grande",-68.8613007969,-32.8910385734,5,"Residencial Sur",2423808.92355,1,0.408887820337228,0
15217,"Paraiso","16/11/2011 12:50","Bajo (2 - 4 mts)",36,"Mediano",-68.8605660501,-32.8692872322,6,"Residencial Norte",2694682.37982,0,0.314705067499172,0
41255,"Pltano","14/04/2011 14:04","Alto (> 8 mts)",188,"Grande",-68.8396749649,-32.8817114841,1,"Parque Central",1655357.93265,0,0.440985594792608,0
21549,"Morera","08/06/2011 11:03","Alto (> 8 mts)",160,"Grande",-68.8535733984,-32.8956493257,5,"Residencial Sur",2423808.92355,0,0.890822755768313,0
28639,"Morera","23/02/2011 10:12","Medio (4 - 8 mts)",55,"Mediano",-68.8475234545,-32.8903774143,2,"Barrio Civico",2366816.36021,0,0.323134892382482,0
28483,"Morera","25/02/2011 11:15","Alto (> 8 mts)",290,"Grande",-68.8472577041,-32.8896177313,2,"Barrio Civico",2366816.36021,1,0.290084985988564,0
20821,"Fresno europeo","30/05/2011 10:49","Medio (4 - 8 mts)",35,"Mediano",-68.861970729,-32.8960558013,5,"Residencial Sur",2423808.92355,0,0.290906887947268,0
3323,"Fresno europeo","06/10/2011 16:34","Bajo (2 - 4 mts)",16,"Chico",-68.8354810457,-32.8786124588,1,"Parque Central",1655357.93265,0,0.295234131841543,0
5140,"Acacia SP","08/08/2011 11:01","Medio (4 - 8 mts)",20,"Chico",-68.8434165904,-32.8697802919,4,"Cuarta Oeste",1173332.70145,0,0.892634229146233,0
2314,"Acer","02/11/2011 10:46","Medio (4 - 8 mts)",16,"Chico",-68.8361311475,-32.8945400114,3,"Parque O'Higgins",1531146.02653,0,0.990990824732616,0
34703,"Morera","01/04/2011 13:46","Alto (> 8 mts)",150,"Grande",-68.850725746,-32.8770081618,6,"Residencial Norte",2694682.37982,0,0.29512839167109,0
15385,"Paraiso","15/11/2011 13:02","Medio (4 - 8 mts)",40,"Mediano",-68.8604692339,-32.8703127073,7,"Residencial Parque",1786336.08966,0,0.821809241767181,0
36963,"Fresno europeo","08/04/2011 10:16","Medio (4 - 8 mts)",48,"Mediano",-68.8574763397,-32.8780808457,7,"Residencial Parque",1786336.08966,0,0.505338809701514,0
46876,"Morera","09/09/2011 10:20","Alto (> 8 mts)",105,"Grande",-68.8336732029,-32.8705695653,4,"Cuarta Oeste",1173332.70145,1,0.122026397108543,0
14003,"Paraiso sombrilla","29/11/2011 17:37","Bajo (2 - 4 mts)",100,"Grande",-68.8782152963,-32.8652235525,8,"Aeroparque",2203364.73622,0,0.652902486150736,0
4984,"Jacarand","28/06/2011 13:07","Medio (4 - 8 mts)",32,"Mediano",-68.8335456293,-32.8635547821,4,"Cuarta Oeste",1173332.70145,0,0.445911443468845,0
337,"Morera","07/03/2012 09:56","Medio (4 - 8 mts)",80,"Grande",-68.8209340192,-32.8677989785,4,"Cuarta Este Área Fundacional",1822015.85685,0,0.834399076024299,0
23782,"Fresno europeo","26/01/2011 15:12","Alto (> 8 mts)",74,"Grande",-68.8508051243,-32.9001668592,2,"Barrio Civico",2366816.36021,0,0.853788814766664,0
13252,"Paraiso","22/02/2011 13:21","Bajo (2 - 4 mts)",40,"Mediano",-68.8470903516,-32.86599219,6,"Residencial Norte",2694682.37982,0,0.615366930543591,0
29017,"Fresno americano","20/04/2011 11:24","Alto (> 8 mts)",160,"Grande",-68.8455100466,-32.8862084986,1,"Parque Central",1655357.93265,0,0.0889994572320227,0
12939,"Caducifolio","14/01/2011 11:04","Bajo (2 - 4 mts)",70,"Grande",-68.844078057,-32.8638449803,4,"Cuarta Oeste",1173332.70145,0,0.688814435212619,0
34323,"Morera","09/03/2011 09:24","Alto (> 8 mts)",152,"Grande",-68.851481829,-32.8746604202,6,"Residencial Norte",2694682.37982,0,0.118533574179796,0
24153,"Fresno europeo","25/01/2011 11:20","Medio (4 - 8 mts)",122,"Grande",-68.8464369585,-32.9020350761,2,"Barrio Civico",2366816.36021,0,0.849592442306207,0
14730,"Aguaribay","05/12/2011 12:14","Muy bajo (1 - 2 mts)",15,"Chico",-68.8784861135,-32.8697159429,8,"Aeroparque",2203364.73622,0,0.827671801309696,0
37210,"Prunas","14/03/2011 11:23","Medio (4 - 8 mts)",50,"Mediano",-68.8581079968,-32.872915821,6,"Residencial Norte",2694682.37982,1,0.0390605059144953,0
7212,"Fresno europeo","28/06/2011 09:16","Medio (4 - 8 mts)",56,"Mediano",-68.8614159677,-32.8981457461,5,"Residencial Sur",2423808.92355,0,0.649049506590535,0
4422,"Acacia SP","12/08/2011 09:25","Alto (> 8 mts)",100,"Grande",-68.834263202,-32.869068977,4,"Cuarta Oeste",1173332.70145,1,0.655670933438755,0
22058,"Morera","16/05/2011 09:24","Alto (> 8 mts)",142,"Grande",-68.858501122,-32.8938292106,5,"Residencial Sur",2423808.92355,1,0.218531456727833,0
9630,"Morera","26/01/2011 09:54","Muy bajo (1 - 2 mts)",6,"Chico",-68.8496748361,-32.8636596817,6,"Residencial Norte",2694682.37982,0,0.599694002872297,0
29420,"Pltano","09/03/2011 17:45","Alto (> 8 mts)",210,"Grande",-68.8460709832,-32.8917558305,2,"Barrio Civico",2366816.36021,0,0.597170019104694,0
22884,"Morera","29/06/2011 16:42","Alto (> 8 mts)",122,"Grande",-68.854787309,-32.9016273261,5,"Residencial Sur",2423808.92355,0,0.910275251484219,0
9522,"Acer","03/02/2011 09:36","Bajo (2 - 4 mts)",80,"Grande",-68.8529996499,-32.863530985,6,"Residencial Norte",2694682.37982,0,0.143421429014623,0
18880,"Fresno europeo","27/07/2011 08:46","Alto (> 8 mts)",180,"Grande",-68.8403534179,-32.8706331912,4,"Cuarta Oeste",1173332.70145,0,0.994086890487021,0
28723,"Fresno americano","14/03/2011 09:11","Alto (> 8 mts)",121,"Grande",-68.8484126587,-32.8877587814,5,"Residencial Sur",2423808.92355,0,0.418655830224704,0
24467,"Olmo comun","20/01/2011 08:42","Alto (> 8 mts)",142,"Grande",-68.8465026662,-32.9031492206,2,"Barrio Civico",2366816.36021,0,0.212180409359302,0
27140,"Pltano","27/10/2011 10:35","Alto (> 8 mts)",300,"Grande",-68.838738934,-32.8896326077,3,"Parque O'Higgins",1531146.02653,0,0.697560442379537,0
824,"Aguaribay","16/12/2011 11:31","Medio (4 - 8 mts)",100,"Grande",-68.8822305153,-32.867066403,8,"Aeroparque",2203364.73622,0,0.462858085379791,0
17656,"Morera","20/07/2011 11:53","Alto (> 8 mts)",160,"Grande",-68.841406333,-32.86618538,4,"Cuarta Oeste",1173332.70145,0,0.166646256509942,0
11827,"Morera","02/03/2011 13:17","Medio (4 - 8 mts)",144,"Grande",-68.849667248,-32.8654425965,6,"Residencial Norte",2694682.37982,0,0.422701386811655,0
18999,"Morera","13/07/2011 09:36","Alto (> 8 mts)",150,"Grande",-68.8409639,-32.8712082489,4,"Cuarta Oeste",1173332.70145,0,0.987041309482374,0
25182,"Morera","09/02/2011 17:19","Alto (> 8 mts)",132,"Grande",-68.8362708219,-32.8980999051,2,"Barrio Civico",2366816.36021,1,0.383685756507006,0
10319,"Morera","26/11/2010 12:57","Medio (4 - 8 mts)",65,"Grande",-68.8567881954,-32.8720807863,6,"Residencial Norte",2694682.37982,0,0.391860038545464,0
31832,"Olmo comun","03/01/2012 09:01","Medio (4 - 8 mts)",70,"Grande",-68.8590266743,-32.8902704014,5,"Residencial Sur",2423808.92355,0,0.464044563678872,0
7991,"Fresno europeo","18/02/2011 13:31","Alto (> 8 mts)",56,"Mediano",-68.840339448,-32.8887139413,3,"Parque O'Higgins",1531146.02653,0,0.518116250155848,0
4682,"Caducifolio","05/08/2011 10:13","Alto (> 8 mts)",30,"Mediano",-68.8366546461,-32.8648113795,4,"Cuarta Oeste",1173332.70145,0,0.275853654765457,0
32392,"Fresno europeo","23/05/2011 14:10","Alto (> 8 mts)",160,"Grande",-68.8500013252,-32.8890191035,5,"Residencial Sur",2423808.92355,0,0.98833057059335,0
1704,"Paraiso","24/11/2011 12:18","Bajo (2 - 4 mts)",30,"Mediano",-68.872132015,-32.8785321713,7,"Residencial Parque",1786336.08966,0,0.788313682434677,0
27478,"Paraiso","28/10/2011 08:32","Alto (> 8 mts)",155,"Grande",-68.8381605121,-32.8924699915,3,"Parque O'Higgins",1531146.02653,1,0.607096054294458,0
1556,"Fresno americano","21/11/2011 17:57","Bajo (2 - 4 mts)",36,"Mediano",-68.8736885477,-32.8791716695,7,"Residencial Parque",1786336.08966,0,0.584954995200885,0
25097,"Morera","15/02/2011 19:32","Alto (> 8 mts)",128,"Grande",-68.8355676505,-32.8978979253,2,"Barrio Civico",2366816.36021,0,0.722492345253291,0
31254,"Paraiso","03/02/2011 09:45","Alto (> 8 mts)",200,"Grande",-68.8529891553,-32.863684186,6,"Residencial Norte",2694682.37982,0,0.194034686760462,0
33080,"Morera","18/05/2011 09:49","Alto (> 8 mts)",190,"Grande",-68.8524135349,-32.8873670415,5,"Residencial Sur",2423808.92355,0,0.435875666458611,0
45816,"Morera","01/09/2011 10:29","Medio (4 - 8 mts)",250,"Grande",-68.8204819397,-32.8708616036,4,"Cuarta Este Área Fundacional",1822015.85685,1,0.797878732083832,0
36092,"Acer","06/04/2011 09:22","Medio (4 - 8 mts)",56,"Mediano",-68.8550525523,-32.876321381,6,"Residencial Norte",2694682.37982,0,0.0717569635956621,0
22793,"Pltano","17/06/2011 16:59","Alto (> 8 mts)",98,"Grande",-68.859133981,-32.901686905,5,"Residencial Sur",2423808.92355,0,0.772055897939208,0
38934,"Morera","03/01/2011 09:56","Alto (> 8 mts)",130,"Grande",-68.8562578987,-32.8706231634,6,"Residencial Norte",2694682.37982,0,0.638120461603572,0
40488,"Olmo comun","11/04/2011 09:12","Alto (> 8 mts)",82,"Grande",-68.8428428205,-32.8817903831,1,"Parque Central",1655357.93265,0,0.338653111054887,0
14429,"Morera","02/12/2011 09:24","Medio (4 - 8 mts)",76,"Grande",-68.8781421747,-32.8684736577,8,"Aeroparque",2203364.73622,0,0.155008578827484,0
9379,"Morera","16/02/2011 11:53","Alto (> 8 mts)",140,"Grande",-68.8453566041,-32.8644113287,4,"Cuarta Oeste",1173332.70145,0,0.452661402490376,0
16399,"Morera","03/08/2011 07:59","Alto (> 8 mts)",130,"Grande",-68.8356535308,-32.8661785861,4,"Cuarta Oeste",1173332.70145,1,0.517426547554609,0
6388,"Acacia SP","19/05/2011 11:01","Bajo (2 - 4 mts)",40,"Mediano",-68.8511791555,-32.8880302312,5,"Residencial Sur",2423808.92355,0,0.087498002326752,0
38616,"Morera","08/06/2011 10:47","Bajo (2 - 4 mts)",50,"Mediano",-68.8525524369,-32.8715488538,6,"Residencial Norte",2694682.37982,0,0.574117568510773,0
12682,"Morera","19/01/2011 12:38","Medio (4 - 8 mts)",140,"Grande",-68.8484902414,-32.8629646479,6,"Residencial Norte",2694682.37982,0,0.0728875208524342,0
32944,"Morera","23/05/2011 10:28","Alto (> 8 mts)",157,"Grande",-68.8506588993,-32.8884501115,5,"Residencial Sur",2423808.92355,1,0.963004618502369,0
10182,"Paraiso","20/12/2010 12:21","Alto (> 8 mts)",90,"Grande",-68.8525015842,-32.870530716,6,"Residencial Norte",2694682.37982,0,0.409719763132729,0
42654,"Fresno europeo","26/09/2011 11:57","Muy bajo (1 - 2 mts)",6,"Chico",-68.8294825297,-32.877672428,4,"Cuarta Este Área Fundacional",1822015.85685,0,0.0261770273867156,0
36120,"Morera","05/04/2011 10:39","Medio (4 - 8 mts)",98,"Grande",-68.8550628077,-32.8772969506,6,"Residencial Norte",2694682.37982,1,0.851875412107736,0
35911,"Morera","28/03/2011 09:19","Alto (> 8 mts)",150,"Grande",-68.8537219529,-32.8754648578,6,"Residencial Norte",2694682.37982,0,0.960249516803596,0
17800,"Paraiso","22/07/2011 13:28","Medio (4 - 8 mts)",93,"Grande",-68.8430624154,-32.8688563948,4,"Cuarta Oeste",1173332.70145,0,0.115137997048363,0
2099,"Ailanthus","19/10/2011 09:43","Medio (4 - 8 mts)",95,"Grande",-68.8305769597,-32.8887812941,3,"Parque O'Higgins",1531146.02653,0,0.446330207650494,0
37172,"Acer","07/04/2011 10:10","Medio (4 - 8 mts)",40,"Mediano",-68.8593462557,-32.8777646538,7,"Residencial Parque",1786336.08966,0,0.145558947417691,0
36344,"Fresno americano","18/03/2011 09:51","Medio (4 - 8 mts)",97,"Grande",-68.8516672687,-32.8790367701,6,"Residencial Norte",2694682.37982,0,0.15838182175863,0
9660,"Morera","25/01/2011 09:45","Alto (> 8 mts)",124,"Grande",-68.8491891137,-32.8631285937,6,"Residencial Norte",2694682.37982,0,0.748678889226651,0
36517,"Pltano","06/04/2011 10:36","Alto (> 8 mts)",200,"Grande",-68.8564458825,-32.8782749804,6,"Residencial Norte",2694682.37982,0,0.397994165172858,0
10681,"Morera","28/03/2011 09:33","Bajo (2 - 4 mts)",52,"Mediano",-68.8507996733,-32.874913786,6,"Residencial Norte",2694682.37982,0,0.284495919317951,0
20620,"Paraiso","02/06/2011 12:25","Alto (> 8 mts)",140,"Grande",-68.859925018,-32.8958001513,5,"Residencial Sur",2423808.92355,0,0.629286817687607,0
40625,"Pltano","12/04/2011 12:27","Alto (> 8 mts)",210,"Grande",-68.8444993569,-32.8841861669,1,"Parque Central",1655357.93265,0,0.515452706165316,0
29624,"Morera","23/03/2011 19:30","Bajo (2 - 4 mts)",8,"Chico",-68.8438087766,-32.8942832636,2,"Barrio Civico",2366816.36021,0,0.472189111122393,0
38011,"Fresno europeo","10/01/2012 12:35","Bajo (2 - 4 mts)",90,"Grande",-68.8478583082,-32.8727719759,6,"Residencial Norte",2694682.37982,0,0.467877888966717,0
13993,"Paraiso","29/11/2011 18:11","Medio (4 - 8 mts)",60,"Mediano",-68.8780368509,-32.8645406778,8,"Aeroparque",2203364.73622,0,0.221339618696654,0
29123,"Pltano","26/04/2011 12:46","Alto (> 8 mts)",190,"Grande",-68.8447503106,-32.885780566,1,"Parque Central",1655357.93265,0,0.102187968907927,0
39884,"Paraiso","02/05/2011 12:57","Medio (4 - 8 mts)",170,"Grande",-68.8438057337,-32.8734381122,1,"Parque Central",1655357.93265,0,0.932323103495782,0
38214,"Eucalyptus","24/08/2010 10:38","Medio (4 - 8 mts)",72,"Grande",-68.8469099821,-32.8742270168,6,"Residencial Norte",2694682.37982,0,0.761294135188615,0
20366,"Morera","24/05/2011 13:19","Medio (4 - 8 mts)",30,"Mediano",-68.8606813851,-32.8944032001,5,"Residencial Sur",2423808.92355,0,0.811280874015483,0
22885,"Morera","29/06/2011 16:40","Bajo (2 - 4 mts)",18,"Chico",-68.8546828989,-32.9016278729,5,"Residencial Sur",2423808.92355,0,0.558829479161248,0
48301,"Morera","19/08/2011 11:21","Muy bajo (1 - 2 mts)",6,"Chico",-68.8286975975,-32.8686518001,4,"Cuarta Este Área Fundacional",1822015.85685,0,0.988846081950353,0
38287,"Pltano","01/12/2010 12:10","Alto (> 8 mts)",260,"Grande",-68.8459941993,-32.8712690052,6,"Residencial Norte",2694682.37982,0,0.681340537265894,0
6927,"Morera","08/06/2011 09:09","Alto (> 8 mts)",125,"Grande",-68.8553490416,-32.8962368909,5,"Residencial Sur",2423808.92355,1,0.132616528182114,0
24519,"Fresno europeo","10/01/2011 09:58","Bajo (2 - 4 mts)",17,"Chico",-68.8466345304,-32.9034183565,2,"Barrio Civico",2366816.36021,0,0.524578907200231,0
29005,"Pltano","20/04/2011 11:56","Alto (> 8 mts)",150,"Grande",-68.8451884732,-32.8868030112,1,"Parque Central",1655357.93265,0,0.647947133643766,0
3994,"Olmo comun","26/09/2011 11:58","Medio (4 - 8 mts)",130,"Grande",-68.8294808077,-32.8777050651,4,"Cuarta Este Área Fundacional",1822015.85685,0,0.272556848123242,0
16561,"Paraiso","27/07/2011 09:38","Alto (> 8 mts)",180,"Grande",-68.8410080602,-32.8659819029,4,"Cuarta Oeste",1173332.70145,0,0.177018617714757,0
21536,"Morera","08/06/2011 11:28","Alto (> 8 mts)",142,"Grande",-68.8535492469,-32.8949601369,5,"Residencial Sur",2423808.92355,0,0.278323975010645,0
8148,"Pltano","02/03/2011 11:08","Alto (> 8 mts)",162,"Grande",-68.8454032636,-32.8917362607,2,"Barrio Civico",2366816.36021,0,0.640861051498987,0
22892,"Morera","19/05/2011 16:01","Alto (> 8 mts)",98,"Grande",-68.8541943895,-32.9001381981,5,"Residencial Sur",2423808.92355,1,0.166545596267351,0
35330,"Acacia SP","23/06/2011 10:27","Medio (4 - 8 mts)",100,"Grande",-68.8541976368,-32.8828875092,5,"Residencial Sur",2423808.92355,0,0.693667210927905,0
13249,"Olmo bola","21/02/2011 11:50","Medio (4 - 8 mts)",70,"Grande",-68.8471583272,-32.8661321557,6,"Residencial Norte",2694682.37982,0,0.583096326087441,0
10079,"Fresno europeo","22/10/2010 10:19","Bajo (2 - 4 mts)",32,"Mediano",-68.8462290794,-32.8687671462,6,"Residencial Norte",2694682.37982,0,0.842301640000816,0
15424,"Paraiso","17/11/2011 13:11","Bajo (2 - 4 mts)",65,"Grande",-68.8585750985,-32.8715032173,6,"Residencial Norte",2694682.37982,0,0.275884203441423,0
10491,"Morera","09/03/2011 12:30","Bajo (2 - 4 mts)",26,"Mediano",-68.8502866426,-32.874312864,6,"Residencial Norte",2694682.37982,0,0.653498618315126,0
29196,"Fresno americano","03/03/2011 09:26","Alto (> 8 mts)",85,"Grande",-68.8465109799,-32.8881204055,2,"Barrio Civico",2366816.36021,0,0.204668043521064,0
33657,"Paraiso","16/05/2011 09:38","Alto (> 8 mts)",142,"Grande",-68.8569719168,-32.887160497,5,"Residencial Sur",2423808.92355,0,0.828440333113964,0
17994,"Fresno americano","29/07/2011 17:56","Bajo (2 - 4 mts)",37,"Mediano",-68.8400814561,-32.8673900321,4,"Cuarta Oeste",1173332.70145,0,0.571596570941456,0
20691,"Morera","31/05/2011 12:04","Alto (> 8 mts)",144,"Grande",-68.8613209352,-32.8980208666,5,"Residencial Sur",2423808.92355,1,0.992242246026827,0
14165,"Acacia SP","30/11/2011 10:25","Medio (4 - 8 mts)",80,"Grande",-68.8766944596,-32.867020957,8,"Aeroparque",2203364.73622,0,0.446049308933159,0
38750,"Morera","01/11/2010 12:43","Muy bajo (1 - 2 mts)",25,"Mediano",-68.8493331449,-32.8705234928,6,"Residencial Norte",2694682.37982,0,0.321088427813387,0
13833,"Morera","25/01/2011 09:38","Alto (> 8 mts)",150,"Grande",-68.8491309194,-32.8630688349,6,"Residencial Norte",2694682.37982,0,0.0987784684389511,0
47395,"Fresno americano","21/09/2011 11:19","Medio (4 - 8 mts)",80,"Grande",-68.828486968,-32.8754205957,4,"Cuarta Este Área Fundacional",1822015.85685,0,0.00405063539308104,0
29945,"Pltano","28/04/2011 12:33","Alto (> 8 mts)",250,"Grande",-68.8432299165,-32.8855106108,1,"Parque Central",1655357.93265,1,0.557449580029354,0
21182,"Pltano","06/05/2011 09:43","Alto (> 8 mts)",190,"Grande",-68.8516965345,-32.8930052349,5,"Residencial Sur",2423808.92355,0,0.500607296879599,0
2167,"Morera","09/11/2011 16:42","Bajo (2 - 4 mts)",26,"Mediano",-68.8316285209,-32.8861979141,3,"Parque O'Higgins",1531146.02653,0,0.308057930386277,0
18353,"Pltano","01/08/2011 10:56","Alto (> 8 mts)",215,"Grande",-68.83639481,-32.8685676058,4,"Cuarta Oeste",1173332.70145,0,0.920890354072553,0
19799,"Morera","08/08/2011 10:42","Alto (> 8 mts)",168,"Grande",-68.8352207462,-32.8643651672,4,"Cuarta Oeste",1173332.70145,0,0.921327175143867,0
23326,"Morera","28/01/2011 14:09","Alto (> 8 mts)",128,"Grande",-68.8501997696,-32.9017359968,2,"Barrio Civico",2366816.36021,1,0.722986767998383,0
34630,"Fresno europeo","31/03/2011 11:44","Alto (> 8 mts)",180,"Grande",-68.8492416055,-32.8768820383,6,"Residencial Norte",2694682.37982,0,0.536935239495846,0
712,"Eucalyptus","17/12/2011 08:56","Bajo (2 - 4 mts)",30,"Mediano",-68.8812389634,-32.8732133221,8,"Aeroparque",2203364.73622,0,0.21255065032543,0
35140,"Olmo comun","23/03/2011 13:18","Alto (> 8 mts)",150,"Grande",-68.8535276753,-32.8802759882,6,"Residencial Norte",2694682.37982,0,0.509020318443043,0
25875,"Fresno europeo","07/02/2011 16:40","Medio (4 - 8 mts)",98,"Grande",-68.8389920758,-32.9018837209,2,"Barrio Civico",2366816.36021,0,0.490341143885592,0
3856,"Morera","31/08/2011 11:35","Bajo (2 - 4 mts)",44,"Mediano",-68.8275159727,-32.8702637141,4,"Cuarta Este Área Fundacional",1822015.85685,0,0.668662792722021,0
31631,"Pltano","15/06/2011 09:21","Alto (> 8 mts)",250,"Grande",-68.8582819649,-32.8883637789,5,"Residencial Sur",2423808.92355,0,0.851855894057589,0
613,"Perenne","08/03/2012 08:06","Muy bajo (1 - 2 mts)",10,"Chico",-68.8191289528,-32.8679865067,4,"Cuarta Este Área Fundacional",1822015.85685,0,0.506852091589915,0
12240,"Morera","18/01/2011 12:00","Bajo (2 - 4 mts)",25,"Mediano",-68.8459418353,-32.8672383598,4,"Cuarta Oeste",1173332.70145,0,0.392820883798552,0
26608,"Acacia SP","03/11/2011 11:18","Alto (> 8 mts)",190,"Grande",-68.8328980755,-32.8904997992,3,"Parque O'Higgins",1531146.02653,1,0.879126913813657,0
10136,"Morera","28/12/2010 13:21","Muy bajo (1 - 2 mts)",20,"Chico",-68.8556783708,-32.8712426122,6,"Residencial Norte",2694682.37982,0,0.119959561946095,0
38593,"Paraiso","17/12/2010 10:48","Medio (4 - 8 mts)",160,"Grande",-68.8517621754,-32.8704573214,6,"Residencial Norte",2694682.37982,1,0.214678874607905,0
2449,"Ailanthus","27/10/2011 08:51","Muy bajo (1 - 2 mts)",15,"Chico",-68.8357330829,-32.8912950084,3,"Parque O'Higgins",1531146.02653,0,0.51009265844994,0
20275,"Fresno americano","16/05/2011 11:47","Medio (4 - 8 mts)",80,"Grande",-68.8590198706,-32.8935622187,5,"Residencial Sur",2423808.92355,0,0.229027763278948,0
32433,"Acacia visco","26/05/2011 13:05","Alto (> 8 mts)",156,"Grande",-68.852754646,-32.8892259317,5,"Residencial Sur",2423808.92355,0,0.875581129908176,0
39528,"Paraiso","28/10/2010 11:22","Alto (> 8 mts)",220,"Grande",-68.8498633768,-32.8693886237,6,"Residencial Norte",2694682.37982,0,0.757778966912007,0
36042,"Morera","18/03/2011 09:44","Alto (> 8 mts)",160,"Grande",-68.8571109668,-32.8748317166,6,"Residencial Norte",2694682.37982,0,0.0111993264832835,0
28275,"Pltano","28/02/2011 15:37","Alto (> 8 mts)",182,"Grande",-68.8491835036,-32.8925504306,2,"Barrio Civico",2366816.36021,0,0.89695028806487,0
17334,"Morera","08/08/2011 09:57","Alto (> 8 mts)",195,"Grande",-68.8347005664,-32.8657866262,4,"Cuarta Oeste",1173332.70145,0,0.49071642279825,0
29042,"Morera","18/04/2011 12:26","Alto (> 8 mts)",180,"Grande",-68.8439557467,-32.8871036362,1,"Parque Central",1655357.93265,1,0.952015212669363,0
2142,"Fresno europeo","28/10/2011 10:23","Bajo (2 - 4 mts)",50,"Mediano",-68.8383589075,-32.8913159761,3,"Parque O'Higgins",1531146.02653,0,0.154130871758289,0
42865,"Paraiso","03/10/2011 11:01","Alto (> 8 mts)",133,"Grande",-68.8323065348,-32.8774141201,4,"Cuarta Este Área Fundacional",1822015.85685,0,0.509362429369499,0
1183,"Conifera","29/11/2011 09:59","Medio (4 - 8 mts)",20,"Chico",-68.8761899422,-32.8651272697,8,"Aeroparque",2203364.73622,0,0.676412686073578,0
26892,"Fresno europeo","28/10/2011 17:19","Medio (4 - 8 mts)",120,"Grande",-68.837764144,-32.8874080134,3,"Parque O'Higgins",1531146.02653,0,0.768811123981226,0
37664,"Fresno europeo","29/02/2012 07:39","Bajo (2 - 4 mts)",60,"Mediano",-68.8522663723,-32.872382387,6,"Residencial Norte",2694682.37982,0,0.417092442296675,0
7416,"Fresno europeo","17/06/2011 17:57","Bajo (2 - 4 mts)",32,"Mediano",-68.8582936462,-32.9002704597,5,"Residencial Sur",2423808.92355,0,0.571501692162868,0
3340,"Pltano","05/10/2011 11:11","Alto (> 8 mts)",160,"Grande",-68.8295634041,-32.879205207,4,"Cuarta Este Área Fundacional",1822015.85685,0,0.32370205309924,0
23844,"Fresno europeo","28/01/2011 13:14","Medio (4 - 8 mts)",58,"Mediano",-68.8510597318,-32.9011689008,2,"Barrio Civico",2366816.36021,0,0.649266137307081,0
34797,"Morera","30/03/2011 10:20","Alto (> 8 mts)",123,"Grande",-68.8507917691,-32.8762515393,6,"Residencial Norte",2694682.37982,0,0.0141213818393129,0
19221,"Morera","05/07/2011 12:42","Alto (> 8 mts)",148,"Grande",-68.8390455698,-32.872298919,4,"Cuarta Oeste",1173332.70145,0,0.231177342566052,0
45631,"Ailanthus","22/09/2011 08:22","Muy bajo (1 - 2 mts)",8,"Chico",-68.8216393556,-32.8713400334,4,"Cuarta Este Área Fundacional",1822015.85685,0,0.392586733539942,0
13814,"Morera","26/01/2011 09:12","Bajo (2 - 4 mts)",18,"Chico",-68.8495360353,-32.863106129,6,"Residencial Norte",2694682.37982,0,0.124955873336997,0
11406,"Morera","28/01/2011 14:03","Alto (> 8 mts)",96,"Grande",-68.8513379641,-32.9001715217,2,"Barrio Civico",2366816.36021,0,0.758667934570476,0
9790,"Morera","17/01/2011 13:36","Alto (> 8 mts)",170,"Grande",-68.8470254427,-32.8630342012,4,"Cuarta Oeste",1173332.70145,0,0.175465431420344,0
39315,"Morera","30/12/2010 12:20","Medio (4 - 8 mts)",110,"Grande",-68.8560375677,-32.8717284397,6,"Residencial Norte",2694682.37982,0,0.262130533018411,0
46737,"Morera","07/09/2011 10:50","Alto (> 8 mts)",103,"Grande",-68.8330545331,-32.8698913886,4,"Cuarta Oeste",1173332.70145,0,0.471105902897339,0
10828,"Paraiso","30/03/2011 12:20","Alto (> 8 mts)",120,"Grande",-68.8547826699,-32.8783631307,6,"Residencial Norte",2694682.37982,0,0.614026927061628,0
44069,"Fresno americano","14/10/2011 11:36","Medio (4 - 8 mts)",75,"Grande",-68.8303071092,-32.8850775333,3,"Parque O'Higgins",1531146.02653,0,0.771638126613111,0
15200,"Paraiso","16/11/2011 13:12","Bajo (2 - 4 mts)",42,"Mediano",-68.8598589635,-32.8690873019,6,"Residencial Norte",2694682.37982,0,0.793082769052097,0
38864,"Morera","20/12/2010 12:12","Medio (4 - 8 mts)",40,"Mediano",-68.8482179124,-32.8708644963,6,"Residencial Norte",2694682.37982,0,0.714955282184923,0
17408,"Morera","22/07/2011 09:36","Bajo (2 - 4 mts)",17,"Chico",-68.8408771738,-32.8659832694,4,"Cuarta Oeste",1173332.70145,0,0.243064469488087,0
35213,"Morera","23/03/2011 09:47","Alto (> 8 mts)",125,"Grande",-68.8526693483,-32.8814740145,1,"Parque Central",1655357.93265,1,0.630591693405482,0
18930,"Morera","01/08/2011 10:07","Alto (> 8 mts)",130,"Grande",-68.8416873323,-32.8698732523,4,"Cuarta Oeste",1173332.70145,1,0.75737067835354,0
19812,"Morera","04/08/2011 11:11","Alto (> 8 mts)",116,"Grande",-68.8345679365,-32.8637289587,4,"Cuarta Oeste",1173332.70145,0,0.158356219726425,0
36411,"Prunas","21/03/2011 11:26","Medio (4 - 8 mts)",99,"Grande",-68.8528544147,-32.8789455396,6,"Residencial Norte",2694682.37982,0,0.628194543357651,0
9219,"Caducifolio","28/02/2011 09:45","Muy bajo (1 - 2 mts)",8,"Chico",-68.8491883147,-32.864675177,6,"Residencial Norte",2694682.37982,0,0.604602736986514,0
42853,"Morera","04/10/2011 13:22","Alto (> 8 mts)",120,"Grande",-68.8321897994,-32.8775523735,4,"Cuarta Este Área Fundacional",1822015.85685,1,0.696840880952165,0
950,"Fresno europeo","10/01/2012 12:52","Muy bajo (1 - 2 mts)",5,"Chico",-68.8473396067,-32.8728682779,6,"Residencial Norte",2694682.37982,0,0.231706367711409,0
45103,"Morera","01/09/2011 09:23","Alto (> 8 mts)",156,"Grande",-68.824657308,-32.8702171069,4,"Cuarta Este Área Fundacional",1822015.85685,0,0.46261076533279,0
10431,"Perenne","10/03/2011 10:24","Bajo (2 - 4 mts)",40,"Mediano",-68.8567205995,-32.8737193614,6,"Residencial Norte",2694682.37982,0,0.775742544736237,0
9652,"Paraiso","25/01/2011 11:04","Medio (4 - 8 mts)",80,"Grande",-68.8490983196,-32.8640762039,6,"Residencial Norte",2694682.37982,0,0.85123218391709,0
48207,"Morera","23/09/2011 14:51","Alto (> 8 mts)",199,"Grande",-68.8284552581,-32.8688007318,4,"Cuarta Este Área Fundacional",1822015.85685,0,0.293453681361741,0
48038,"Morera","02/09/2011 11:38","Muy bajo (1 - 2 mts)",8,"Chico",-68.8269033062,-32.8688202014,4,"Cuarta Este Área Fundacional",1822015.85685,0,0.41179655770013,0
29706,"Morera","02/03/2011 15:04","Alto (> 8 mts)",104,"Grande",-68.8424089828,-32.8935276009,2,"Barrio Civico",2366816.36021,0,0.691834658050767,0
30108,"Pltano","26/04/2011 10:02","Medio (4 - 8 mts)",130,"Grande",-68.8413312723,-32.8875104235,3,"Parque O'Higgins",1531146.02653,0,0.618891334979135,0
37890,"Fresno europeo","24/11/2010 09:29","Alto (> 8 mts)",110,"Grande",-68.8507478144,-32.8730211686,6,"Residencial Norte",2694682.37982,0,0.512240965626569,0
38796,"Acer","14/12/2010 09:54","Alto (> 8 mts)",120,"Grande",-68.8500839928,-32.8705186646,6,"Residencial Norte",2694682.37982,0,0.806481080130998,0
42341,"Morera","26/04/2011 13:57","Medio (4 - 8 mts)",50,"Mediano",-68.8371576215,-32.8760330041,1,"Parque Central",1655357.93265,0,0.391215955845319,0
11821,"Morera","02/03/2011 13:31","Alto (> 8 mts)",150,"Grande",-68.849641429,-32.8657466532,6,"Residencial Norte",2694682.37982,0,0.0592367080640345,0
33772,"Fresno europeo","11/05/2011 13:18","Medio (4 - 8 mts)",150,"Grande",-68.856654822,-32.8855755901,5,"Residencial Sur",2423808.92355,0,0.632602859360657,0
25952,"Paraiso","01/02/2011 12:00","Muy bajo (1 - 2 mts)",4,"Chico",-68.8385409585,-32.9033700343,2,"Barrio Civico",2366816.36021,0,0.651128795338492,0
3834,"Paraiso","02/09/2011 10:31","Alto (> 8 mts)",160,"Grande",-68.8299501932,-32.8699295147,4,"Cuarta Este Área Fundacional",1822015.85685,1,0.131144706001056,0
29649,"Morera","23/03/2011 19:00","Alto (> 8 mts)",96,"Grande",-68.843664241,-32.8932915809,2,"Barrio Civico",2366816.36021,0,0.322900950169863,0
39475,"Paraiso","10/11/2010 11:45","Alto (> 8 mts)",185,"Grande",-68.8543039425,-32.8703465957,6,"Residencial Norte",2694682.37982,0,0.892419014261238,0
18436,"Morera","11/07/2011 10:28","Alto (> 8 mts)",105,"Grande",-68.8392422937,-32.8729446045,4,"Cuarta Oeste",1173332.70145,0,0.43954017558423,0
10327,"Paraiso sombrilla","26/11/2010 13:30","Bajo (2 - 4 mts)",30,"Mediano",-68.857336913,-32.8721530845,6,"Residencial Norte",2694682.37982,0,0.564414299060665,0
36943,"Olmo comun","08/04/2011 11:00","Medio (4 - 8 mts)",35,"Mediano",-68.8583003532,-32.8788025055,7,"Residencial Parque",1786336.08966,0,0.760988819744564,0
19687,"Paraiso","12/07/2011 10:03","Alto (> 8 mts)",110,"Grande",-68.8354015993,-32.8715139352,4,"Cuarta Oeste",1173332.70145,0,0.0906399450343535,0
17917,"Morera","04/08/2011 09:21","Alto (> 8 mts)",140,"Grande",-68.8375729081,-32.8668668317,4,"Cuarta Oeste",1173332.70145,0,0.1234469864008,0
28943,"Fresno europeo","26/04/2011 10:09","Alto (> 8 mts)",150,"Grande",-68.8461009979,-32.8858309412,1,"Parque Central",1655357.93265,1,0.529115725642029,0
34439,"Morera","09/03/2011 12:47","Medio (4 - 8 mts)",150,"Grande",-68.8501878463,-32.8739469898,6,"Residencial Norte",2694682.37982,0,0.618415535122807,0
33146,"Pltano","09/06/2011 09:32","Alto (> 8 mts)",185,"Grande",-68.8534291661,-32.892499226,5,"Residencial Sur",2423808.92355,0,0.641670763739263,0
47105,"Fresno europeo","20/09/2011 12:22","Medio (4 - 8 mts)",100,"Grande",-68.8321130468,-32.8730889781,4,"Cuarta Este Área Fundacional",1822015.85685,0,0.163650370527204,0
46459,"Morera","16/08/2011 13:33","Alto (> 8 mts)",110,"Grande",-68.8319115175,-32.8682970293,4,"Cuarta Oeste",1173332.70145,0,0.549793052689824,0
13970,"lamo criollo","29/11/2011 12:20","Alto (> 8 mts)",40,"Mediano",-68.8780174028,-32.8649532387,8,"Aeroparque",2203364.73622,0,0.692180188469863,0
4497,"Morera","01/08/2011 10:04","Alto (> 8 mts)",87,"Grande",-68.8398557282,-32.8679543783,4,"Cuarta Oeste",1173332.70145,0,0.0761316896404277,0
37525,"Paraiso","17/11/2010 11:47","Bajo (2 - 4 mts)",60,"Mediano",-68.8574011113,-32.8706052657,6,"Residencial Norte",2694682.37982,0,0.90475969654027,0
20454,"Fresno europeo","17/05/2011 09:54","Alto (> 8 mts)",108,"Grande",-68.8608291413,-32.8926387494,5,"Residencial Sur",2423808.92355,0,0.557293380078818,0
34647,"Morera","31/03/2011 13:52","Alto (> 8 mts)",137,"Grande",-68.849355901,-32.8764012126,6,"Residencial Norte",2694682.37982,1,0.0358931704542328,0
36817,"Pltano","07/04/2011 12:28","Alto (> 8 mts)",175,"Grande",-68.8578010183,-32.8805907639,7,"Residencial Parque",1786336.08966,0,0.525729747252289,0
16162,"Morera","18/07/2011 10:30","Medio (4 - 8 mts)",50,"Mediano",-68.8430368641,-32.8676360389,4,"Cuarta Oeste",1173332.70145,0,0.929052158784729,0
4539,"Prunas","29/07/2011 13:34","Bajo (2 - 4 mts)",30,"Mediano",-68.8410018093,-32.8671587258,4,"Cuarta Oeste",1173332.70145,0,0.118274815728265,0
42620,"Morera","29/09/2011 10:09","Alto (> 8 mts)",130,"Grande",-68.8280196539,-32.8766760344,4,"Cuarta Este Área Fundacional",1822015.85685,1,0.847079108960655,0
25904,"Morera","07/02/2011 15:20","Alto (> 8 mts)",122,"Grande",-68.8395123749,-32.9026099795,2,"Barrio Civico",2366816.36021,1,0.759266793757948,0
32065,"Morera","09/06/2011 09:22","Alto (> 8 mts)",148,"Grande",-68.8602349507,-32.8868952114,5,"Residencial Sur",2423808.92355,0,0.448395343436379,0
40667,"Fresno europeo","13/04/2011 09:16","Medio (4 - 8 mts)",30,"Mediano",-68.844200734,-32.8841489882,1,"Parque Central",1655357.93265,0,0.975932096615646,0
4423,"Fresno americano","12/08/2011 11:11","Alto (> 8 mts)",160,"Grande",-68.8337958941,-32.8688856494,4,"Cuarta Oeste",1173332.70145,0,0.708028785089892,0
28019,"Pltano","04/11/2011 08:32","Alto (> 8 mts)",180,"Grande",-68.8352987685,-32.8936905855,3,"Parque O'Higgins",1531146.02653,0,0.369547392044481,0
47410,"Morera","23/09/2011 14:45","Medio (4 - 8 mts)",26,"Mediano",-68.8270063503,-32.8754655224,4,"Cuarta Este Área Fundacional",1822015.85685,0,0.0110365337675342,0
37119,"Morera","07/04/2011 10:37","Alto (> 8 mts)",130,"Grande",-68.8592963503,-32.8775424312,7,"Residencial Parque",1786336.08966,0,0.858566724417564,0
14707,"Aguaribay","06/12/2011 08:11","Muy bajo (1 - 2 mts)",15,"Chico",-68.8774453693,-32.8698408133,8,"Aeroparque",2203364.73622,0,0.614221464261695,0
14345,"Morera","01/12/2011 13:00","Medio (4 - 8 mts)",80,"Grande",-68.8776193866,-32.8665167752,8,"Aeroparque",2203364.73622,0,0.15835288475233,0
3333,"Pltano","05/10/2011 11:30","Alto (> 8 mts)",118,"Grande",-68.8302605399,-32.8801283937,4,"Cuarta Este Área Fundacional",1822015.85685,0,0.978815628391593,0
47121,"Fresno europeo","20/09/2011 11:28","Alto (> 8 mts)",180,"Grande",-68.8328213574,-32.87383698,4,"Cuarta Este Área Fundacional",1822015.85685,0,0.897703986259886,0
41165,"Morera","18/04/2011 11:58","Alto (> 8 mts)",166,"Grande",-68.8380435436,-32.8810395427,1,"Parque Central",1655357.93265,0,0.154465637310276,0
27506,"Morera","26/10/2011 10:18","Medio (4 - 8 mts)",168,"Grande",-68.8363464459,-32.8928574091,3,"Parque O'Higgins",1531146.02653,1,0.17951108432871,0
31826,"Pltano","03/01/2012 09:14","Alto (> 8 mts)",100,"Grande",-68.8590295462,-32.8898822461,5,"Residencial Sur",2423808.92355,0,0.0385710642952515,0
43507,"Morera","10/11/2011 12:18","Medio (4 - 8 mts)",120,"Grande",-68.828257186,-32.8831645807,3,"Parque O'Higgins",1531146.02653,1,0.37142626361777,0
7165,"Morera","13/05/2011 14:04","Medio (4 - 8 mts)",28,"Mediano",-68.8555865129,-32.8989800794,5,"Residencial Sur",2423808.92355,0,0.0824264580551517,0
31627,"Morera","10/06/2011 08:35","Alto (> 8 mts)",165,"Grande",-68.8593000107,-32.8881723982,5,"Residencial Sur",2423808.92355,0,0.280515075358868,0
39885,"Paraiso","02/05/2011 12:55","Medio (4 - 8 mts)",120,"Grande",-68.8437534324,-32.8734667207,1,"Parque Central",1655357.93265,0,0.531258562961571,0
45882,"Morera","25/08/2011 12:42","Alto (> 8 mts)",160,"Grande",-68.8203154849,-32.8696600432,4,"Cuarta Este Área Fundacional",1822015.85685,1,0.654222572500683,0
21455,"Ailanthus","12/05/2011 09:57","Alto (> 8 mts)",180,"Grande",-68.8567885615,-32.8922030418,5,"Residencial Sur",2423808.92355,0,0.785381545554001,0
4993,"Fresno europeo","29/06/2011 10:38","Alto (> 8 mts)",135,"Grande",-68.8348015287,-32.8625332119,4,"Cuarta Oeste",1173332.70145,0,0.126838547987762,0
12769,"Ligustro","21/01/2011 12:15","Medio (4 - 8 mts)",80,"Grande",-68.8478230765,-32.8644180393,6,"Residencial Norte",2694682.37982,0,0.724946245290336,0
18509,"Morera","06/07/2011 13:29","Alto (> 8 mts)",155,"Grande",-68.8379646608,-32.874765189,1,"Parque Central",1655357.93265,1,0.223252468027058,0
11312,"Tilo","19/01/2011 15:42","Medio (4 - 8 mts)",68,"Grande",-68.8472349225,-32.9015356527,2,"Barrio Civico",2366816.36021,0,0.221313455340071,0
18108,"Morera","28/07/2011 10:20","Medio (4 - 8 mts)",58,"Mediano",-68.8406709866,-32.8695560443,4,"Cuarta Oeste",1173332.70145,0,0.00736429204955491,0
43551,"Fresno europeo","19/10/2011 16:29","Medio (4 - 8 mts)",150,"Grande",-68.8297002159,-32.8818616085,3,"Parque O'Higgins",1531146.02653,0,0.332758778733669,0
31918,"Morera","01/06/2011 12:53","Medio (4 - 8 mts)",110,"Grande",-68.8576139089,-32.8845372146,5,"Residencial Sur",2423808.92355,0,0.101688414839435,0
26561,"Pltano","04/11/2011 08:44","Alto (> 8 mts)",200,"Grande",-68.8320998906,-32.8901342268,3,"Parque O'Higgins",1531146.02653,0,0.652893169328405,0
23255,"Acer","27/01/2012 12:31","Bajo (2 - 4 mts)",60,"Mediano",-68.8518967549,-32.9016357478,2,"Barrio Civico",2366816.36021,0,0.369428529194322,0
12818,"Paraiso","20/01/2011 12:38","Alto (> 8 mts)",180,"Grande",-68.8470693543,-32.8637463274,4,"Cuarta Oeste",1173332.70145,0,0.206624172070731,0
23455,"Morera","24/01/2011 20:05","Alto (> 8 mts)",196,"Grande",-68.8487958285,-32.9018438433,2,"Barrio Civico",2366816.36021,0,0.0589865166091746,0
2033,"Morera","01/11/2011 08:41","Medio (4 - 8 mts)",60,"Mediano",-68.8334290513,-32.8951036488,3,"Parque O'Higgins",1531146.02653,0,0.163616390464245,0
21148,"Paraiso","17/06/2011 11:11","Alto (> 8 mts)",190,"Grande",-68.8626984905,-32.8981246304,5,"Residencial Sur",2423808.92355,0,0.55550127896708,0
41066,"Morera","28/04/2011 11:37","Alto (> 8 mts)",102,"Grande",-68.8387155603,-32.8830669652,1,"Parque Central",1655357.93265,0,0.674864114779337,0
16709,"Paraiso","22/07/2011 09:14","Alto (> 8 mts)",160,"Grande",-68.840266832,-32.8635668504,4,"Cuarta Oeste",1173332.70145,0,0.832083510711694,0
43255,"Morera","24/10/2011 08:53","Medio (4 - 8 mts)",100,"Grande",-68.8346312947,-32.8799082323,1,"Parque Central",1655357.93265,0,0.645183576144662,0
28221,"Morera","10/03/2011 19:14","Alto (> 8 mts)",186,"Grande",-68.8477712859,-32.8925405348,2,"Barrio Civico",2366816.36021,1,0.2806812565765,0
44972,"Morera","29/08/2011 09:36","Medio (4 - 8 mts)",205,"Grande",-68.824683953,-32.869430894,4,"Cuarta Este Área Fundacional",1822015.85685,0,0.98933271491975,0
41110,"Pltano","27/04/2011 12:44","Alto (> 8 mts)",158,"Grande",-68.839784509,-32.8821260704,1,"Parque Central",1655357.93265,0,0.991081088537012,0
43539,"Fresno americano","19/10/2011 17:09","Bajo (2 - 4 mts)",130,"Grande",-68.8303528489,-32.8825783653,3,"Parque O'Higgins",1531146.02653,0,0.479436518924767,0
38244,"Paraiso","18/01/2012 10:38","Alto (> 8 mts)",160,"Grande",-68.8471928936,-32.8730480751,6,"Residencial Norte",2694682.37982,1,0.542563925355613,0
8381,"Fresno europeo","04/02/2011 13:05","Medio (4 - 8 mts)",62,"Grande",-68.8386674524,-32.9024943369,2,"Barrio Civico",2366816.36021,0,0.309775598772408,0
10850,"Fresno europeo","17/03/2011 10:20","Medio (4 - 8 mts)",89,"Grande",-68.8529435432,-32.8780614421,6,"Residencial Norte",2694682.37982,0,0.111792428456272,0
40210,"Morera","14/04/2011 10:06","Alto (> 8 mts)",290,"Grande",-68.8467639228,-32.8832712194,1,"Parque Central",1655357.93265,0,0.485809640857683,0
44588,"Pltano","19/10/2011 13:24","Alto (> 8 mts)",135,"Grande",-68.835346697,-32.8852235476,3,"Parque O'Higgins",1531146.02653,0,0.574580114990509,0
5687,"Paraiso sombrilla","29/04/2011 13:24","Alto (> 8 mts)",140,"Grande",-68.8394416656,-32.8753725484,1,"Parque Central",1655357.93265,0,0.652601618079513,0
20900,"Olmo comun","27/05/2011 09:31","Medio (4 - 8 mts)",73,"Grande",-68.8617381912,-32.8954150732,5,"Residencial Sur",2423808.92355,0,0.807278153385368,0
30558,"Liquidambar","08/02/2011 09:51","Muy bajo (1 - 2 mts)",10,"Chico",-68.8570420965,-32.8665780482,6,"Residencial Norte",2694682.37982,0,0.322319314444941,0
4443,"Paraiso sombrilla","01/08/2011 10:59","Bajo (2 - 4 mts)",50,"Mediano",-68.8364145638,-32.8686531926,4,"Cuarta Oeste",1173332.70145,0,0.767594414565276,0
46518,"Morera","16/08/2011 14:06","Alto (> 8 mts)",160,"Grande",-68.8317009824,-32.8668636895,4,"Cuarta Oeste",1173332.70145,0,0.371312522777695,0
25560,"Morera","08/02/2011 16:06","Medio (4 - 8 mts)",102,"Grande",-68.8391111257,-32.901068476,2,"Barrio Civico",2366816.36021,0,0.100487875692408,0
37547,"Paraiso","16/11/2010 12:16","Alto (> 8 mts)",185,"Grande",-68.8575795974,-32.8695731189,6,"Residencial Norte",2694682.37982,0,0.197220892967914,0
7524,"Fresno europeo","09/06/2011 14:40","Medio (4 - 8 mts)",84,"Grande",-68.859384532,-32.8813314484,7,"Residencial Parque",1786336.08966,0,0.517066350097722,0
29061,"Pltano","18/04/2011 10:04","Alto (> 8 mts)",145,"Grande",-68.8449664177,-32.8865470163,1,"Parque Central",1655357.93265,0,0.192383256705537,0
27302,"Pltano","31/10/2011 09:34","Alto (> 8 mts)",165,"Grande",-68.8355047583,-32.8891720169,3,"Parque O'Higgins",1531146.02653,0,0.653996306148691,0
3415,"Perenne","19/08/2011 12:07","Medio (4 - 8 mts)",145,"Grande",-68.8324797816,-32.86715103,4,"Cuarta Oeste",1173332.70145,0,0.900261230028432,0
20678,"Fresno europeo","01/06/2011 10:41","Medio (4 - 8 mts)",120,"Grande",-68.8609594758,-32.8970521314,5,"Residencial Sur",2423808.92355,0,0.469437832359452,0
22514,"Morera","21/06/2011 10:18","Medio (4 - 8 mts)",100,"Grande",-68.859780292,-32.8994158508,5,"Residencial Sur",2423808.92355,1,0.151227216289873,0
29657,"Perenne","04/03/2011 11:08","Alto (> 8 mts)",124,"Grande",-68.8415277173,-32.8938638097,2,"Barrio Civico",2366816.36021,0,0.694471354682078,0
28665,"Pltano","02/03/2011 09:42","Alto (> 8 mts)",220,"Grande",-68.8475033175,-32.891341857,2,"Barrio Civico",2366816.36021,0,0.276607695838405,0
37748,"Paraiso","13/01/2012 18:18","Medio (4 - 8 mts)",60,"Mediano",-68.8505000865,-32.8722832869,6,"Residencial Norte",2694682.37982,0,0.858395350155311,0
13901,"Morera","19/12/2011 12:08","Bajo (2 - 4 mts)",20,"Chico",-68.8757112695,-32.8670221536,8,"Aeroparque",2203364.73622,0,0.130856862050772,0
12592,"Fresno europeo","14/01/2011 12:33","Medio (4 - 8 mts)",34,"Mediano",-68.8456581513,-32.8633495977,4,"Cuarta Oeste",1173332.70145,0,0.519760511747742,0
13268,"Paraiso","23/02/2011 12:32","Bajo (2 - 4 mts)",34,"Mediano",-68.8476769318,-32.864786525,6,"Residencial Norte",2694682.37982,0,0.527909292618094,0
1160,"Fresno americano","29/11/2011 12:11","Medio (4 - 8 mts)",30,"Mediano",-68.8753443846,-32.8649986733,8,"Aeroparque",2203364.73622,0,0.0572263121989635,0
39788,"Fresno europeo","14/07/2011 13:10","Medio (4 - 8 mts)",70,"Grande",-68.8507979305,-32.8839270494,1,"Parque Central",1655357.93265,0,0.517269135033315,0
42675,"Morera","23/09/2011 12:07","Alto (> 8 mts)",90,"Grande",-68.8307408476,-32.8769123831,4,"Cuarta Este Área Fundacional",1822015.85685,0,0.123837731931347,0
24438,"Fresno europeo","20/01/2011 12:16","Alto (> 8 mts)",90,"Grande",-68.8450033365,-32.9029122031,2,"Barrio Civico",2366816.36021,0,0.133053695466251,0
30251,"Morera","09/03/2011 13:46","Alto (> 8 mts)",150,"Grande",-68.8425574271,-32.8901483392,2,"Barrio Civico",2366816.36021,1,0.782071788733038,0
24870,"Pltano","17/02/2011 13:30","Alto (> 8 mts)",250,"Grande",-68.8397452012,-32.8964861848,2,"Barrio Civico",2366816.36021,1,0.0272423109551932,0
24282,"Morera","19/01/2011 15:26","Alto (> 8 mts)",125,"Grande",-68.8436906539,-32.9008901598,2,"Barrio Civico",2366816.36021,0,0.264554978964939,0
45403,"Morera","15/09/2011 16:10","Alto (> 8 mts)",132,"Grande",-68.8258445964,-32.8714775572,4,"Cuarta Este Área Fundacional",1822015.85685,1,0.16943835013787,0
25741,"Morera","03/02/2011 10:55","Alto (> 8 mts)",123,"Grande",-68.8407970281,-32.9027557857,2,"Barrio Civico",2366816.36021,0,0.117387941840192,0
7015,"Pltano","10/06/2011 12:27","Alto (> 8 mts)",240,"Grande",-68.8538948621,-32.8978441925,5,"Residencial Sur",2423808.92355,0,0.509982511019088,0
33416,"Morera","02/06/2011 13:37","Alto (> 8 mts)",138,"Grande",-68.8572022742,-32.8881930173,5,"Residencial Sur",2423808.92355,0,0.295608607395775,0
42438,"Morera","26/09/2011 10:32","Alto (> 8 mts)",180,"Grande",-68.8327312454,-32.8764085362,4,"Cuarta Este Área Fundacional",1822015.85685,0,0.612706439288079,0
28868,"Morera","26/04/2011 11:29","Alto (> 8 mts)",155,"Grande",-68.8461943765,-32.8855973374,1,"Parque Central",1655357.93265,1,0.214597758329423,0
16242,"Morera","20/07/2011 09:44","Bajo (2 - 4 mts)",40,"Mediano",-68.84242377,-32.8650605387,4,"Cuarta Oeste",1173332.70145,0,0.660638830047549,0
32639,"Pltano","21/06/2011 09:53","Alto (> 8 mts)",199,"Grande",-68.8522437535,-32.8904717835,5,"Residencial Sur",2423808.92355,0,0.707886158460178,0
47855,"Pltano","21/09/2011 09:05","Alto (> 8 mts)",190,"Grande",-68.8291960366,-32.8732482853,4,"Cuarta Este Área Fundacional",1822015.85685,0,0.970174762259028,0
23663,"Ligustro","20/01/2011 19:17","Bajo (2 - 4 mts)",52,"Mediano",-68.8484889607,-32.9008365546,2,"Barrio Civico",2366816.36021,0,0.152542329613308,0
23269,"Paraiso","26/01/2012 12:37","Medio (4 - 8 mts)",100,"Grande",-68.8522160081,-32.9011959205,2,"Barrio Civico",2366816.36021,1,0.218784335150344,0
41609,"Pltano","04/05/2011 14:12","Bajo (2 - 4 mts)",8,"Chico",-68.8358596404,-32.8766711492,1,"Parque Central",1655357.93265,0,0.707548039632241,0
55,"Morera","01/03/2012 08:12","Medio (4 - 8 mts)",120,"Grande",-68.8564928055,-32.8968819132,5,"Residencial Sur",2423808.92355,0,0.341776796341407,0
9527,"Ligustro","04/02/2011 10:45","Muy bajo (1 - 2 mts)",6,"Chico",-68.8540859715,-32.8636694181,6,"Residencial Norte",2694682.37982,0,0.659483879746145,0
35455,"Morera","28/03/2011 10:23","Alto (> 8 mts)",61,"Grande",-68.8539543893,-32.881338568,6,"Residencial Norte",2694682.37982,0,0.13017530456073,0
46225,"Palo borracho","30/09/2011 12:30","Muy bajo (1 - 2 mts)",20,"Chico",-68.8260461579,-32.8744111373,4,"Cuarta Este Área Fundacional",1822015.85685,0,0.267284746420036,0
4295,"Fresno europeo","18/07/2011 10:30","Muy bajo (1 - 2 mts)",3,"Chico",-68.8395806728,-32.8719844923,4,"Cuarta Oeste",1173332.70145,0,0.248943373640332,0
32866,"Morera","10/06/2011 10:57","Medio (4 - 8 mts)",100,"Grande",-68.8498076809,-32.8854039878,1,"Parque Central",1655357.93265,0,0.948088925176006,0
33847,"Fresno europeo","16/05/2011 12:58","Medio (4 - 8 mts)",100,"Grande",-68.8535170713,-32.8866226964,5,"Residencial Sur",2423808.92355,0,0.0629468752781477,0
41205,"Pltano","18/04/2011 09:29","Alto (> 8 mts)",240,"Grande",-68.837070469,-32.8813253779,1,"Parque Central",1655357.93265,0,0.636662793667756,0
2261,"Morera","27/10/2011 10:20","Medio (4 - 8 mts)",100,"Grande",-68.8377692321,-32.8929128784,3,"Parque O'Higgins",1531146.02653,0,0.0967549704260244,0
41600,"Pltano","06/05/2011 10:56","Alto (> 8 mts)",190,"Grande",-68.836088782,-32.8775200332,1,"Parque Central",1655357.93265,0,0.148616835476273,0
13897,"Aguaribay","19/12/2011 12:13","Bajo (2 - 4 mts)",70,"Grande",-68.8756544561,-32.8667913298,8,"Aeroparque",2203364.73622,0,0.862940981140058,0
25690,"Fresno americano","04/02/2011 12:24","Bajo (2 - 4 mts)",12,"Chico",-68.8427157965,-32.90382538,2,"Barrio Civico",2366816.36021,0,0.316496628936943,0
16560,"Morera","27/07/2011 09:46","Alto (> 8 mts)",200,"Grande",-68.8409822954,-32.8658707814,4,"Cuarta Oeste",1173332.70145,0,0.660359133975835,0
10362,"Paraiso","27/08/2010 09:55","Alto (> 8 mts)",163,"Grande",-68.84873381,-32.8739649834,6,"Residencial Norte",2694682.37982,0,0.298480006867881,0
26856,"Morera","07/11/2011 09:11","Bajo (2 - 4 mts)",12,"Chico",-68.8345162952,-32.8929682178,3,"Parque O'Higgins",1531146.02653,0,0.903859406917309,0
32701,"Acacia visco","18/05/2011 10:58","Medio (4 - 8 mts)",120,"Grande",-68.8510528742,-32.8864408901,5,"Residencial Sur",2423808.92355,0,0.266951797078253,0
41645,"Fresno europeo","05/05/2011 11:17","Muy bajo (1 - 2 mts)",10,"Chico",-68.8372717079,-32.8776042224,1,"Parque Central",1655357.93265,0,0.871396661395216,0
1300,"Morera","30/11/2011 17:36","Medio (4 - 8 mts)",70,"Grande",-68.8773836927,-32.8691485351,8,"Aeroparque",2203364.73622,0,0.994966892990656,0
43662,"Fresno europeo","13/10/2011 17:55","Muy bajo (1 - 2 mts)",9,"Chico",-68.8351058871,-32.8811072086,1,"Parque Central",1655357.93265,0,0.582675511613485,0
8480,"Morera","14/02/2011 15:42","Alto (> 8 mts)",152,"Grande",-68.8352035496,-32.8979769309,2,"Barrio Civico",2366816.36021,1,0.100427938009097,0
14954,"Paraiso","19/12/2011 09:33","Bajo (2 - 4 mts)",36,"Mediano",-68.8808582766,-32.8723355563,8,"Aeroparque",2203364.73622,0,0.408604858726926,0
29079,"Fresno americano","28/04/2011 09:29","Alto (> 8 mts)",210,"Grande",-68.8445342055,-32.8862611844,1,"Parque Central",1655357.93265,0,0.653043323274627,0
14589,"Aguaribay","14/12/2011 10:21","Medio (4 - 8 mts)",150,"Grande",-68.8790320399,-32.8682776254,8,"Aeroparque",2203364.73622,0,0.0874600629499791,0
22796,"Pltano","17/06/2011 16:55","Alto (> 8 mts)",158,"Grande",-68.859430581,-32.9016837646,5,"Residencial Sur",2423808.92355,1,0.106790079935125,0
7102,"Prunas","01/06/2011 11:53","Medio (4 - 8 mts)",80,"Grande",-68.8608029982,-32.8970480971,5,"Residencial Sur",2423808.92355,0,0.727118937899844,0
15926,"Morera","24/11/2011 12:09","Medio (4 - 8 mts)",66,"Grande",-68.8733952472,-32.8771082283,7,"Residencial Parque",1786336.08966,0,0.608948441745101,0
23147,"Fresno americano","19/01/2011 16:44","Medio (4 - 8 mts)",28,"Mediano",-68.8478721742,-32.9025836946,2,"Barrio Civico",2366816.36021,0,0.881296475397906,0
546,"Morera","08/03/2012 17:24","Muy bajo (1 - 2 mts)",4,"Chico",-68.8209250115,-32.867929494,4,"Cuarta Este Área Fundacional",1822015.85685,0,0.247101437458161,0
32673,"Acacia visco","24/06/2011 10:36","Alto (> 8 mts)",87,"Grande",-68.8512432342,-32.8900703365,5,"Residencial Sur",2423808.92355,0,0.620855398471135,0
16473,"Paraiso","05/08/2011 08:53","Medio (4 - 8 mts)",65,"Grande",-68.8423594362,-32.865853769,4,"Cuarta Oeste",1173332.70145,0,0.992071769456016,0
17605,"Pltano","19/07/2011 10:30","Alto (> 8 mts)",240,"Grande",-68.8430686502,-32.8659838735,4,"Cuarta Oeste",1173332.70145,0,0.323898689711684,0
39049,"Fresno europeo","23/12/2010 13:17","Alto (> 8 mts)",90,"Grande",-68.8540111136,-32.8706588836,6,"Residencial Norte",2694682.37982,0,0.172149386525614,0
37920,"Fresno europeo","19/11/2010 10:08","Alto (> 8 mts)",160,"Grande",-68.8487784003,-32.873345487,6,"Residencial Norte",2694682.37982,0,0.850369700862831,0
30487,"Pltano","17/02/2011 09:42","Alto (> 8 mts)",300,"Grande",-68.8392995064,-32.888471029,3,"Parque O'Higgins",1531146.02653,0,0.916829751987418,0
9574,"Fresno europeo","10/02/2011 13:47","Medio (4 - 8 mts)",92,"Grande",-68.8551559017,-32.863960955,6,"Residencial Norte",2694682.37982,0,0.500086045096786,0
18314,"Morera","03/08/2011 09:02","Alto (> 8 mts)",140,"Grande",-68.8377042679,-32.8685642647,4,"Cuarta Oeste",1173332.70145,1,0.0547936333995419,0
43589,"Morera","13/10/2011 12:28","Alto (> 8 mts)",145,"Grande",-68.832580176,-32.8833369848,3,"Parque O'Higgins",1531146.02653,1,0.0250325408899411,0
30500,"Pltano","04/04/2011 15:29","Bajo (2 - 4 mts)",12,"Chico",-68.8398078041,-32.8882447127,3,"Parque O'Higgins",1531146.02653,0,0.613944696681294,0
45379,"Morera","16/09/2011 14:26","Alto (> 8 mts)",172,"Grande",-68.8256638877,-32.8720906376,4,"Cuarta Este Área Fundacional",1822015.85685,1,0.529531036068435,0
27955,"Morera","03/11/2011 10:01","Alto (> 8 mts)",125,"Grande",-68.8364147662,-32.8940334567,3,"Parque O'Higgins",1531146.02653,0,0.68057122093986,0
34928,"Morera","06/04/2011 10:21","Alto (> 8 mts)",79,"Grande",-68.8564216036,-32.8800291906,7,"Residencial Parque",1786336.08966,0,0.989874913558744,0
43253,"Morera","24/10/2011 09:00","Alto (> 8 mts)",170,"Grande",-68.8343229524,-32.8799341375,1,"Parque Central",1655357.93265,1,0.773142333219995,0
48261,"Fresno europeo","31/08/2011 11:16","Bajo (2 - 4 mts)",23,"Mediano",-68.8274988557,-32.8699783214,4,"Cuarta Este Área Fundacional",1822015.85685,0,0.93323441824777,0
11645,"Paraiso","27/01/2011 10:36","Alto (> 8 mts)",183,"Grande",-68.8501099917,-32.8678892234,6,"Residencial Norte",2694682.37982,1,0.139359214949796,0
15989,"Perenne","10/08/2011 10:34","Medio (4 - 8 mts)",45,"Mediano",-68.8437981351,-32.8722262259,4,"Cuarta Oeste",1173332.70145,0,0.00218103728891283,0
28008,"Morera","04/11/2011 09:02","Alto (> 8 mts)",60,"Mediano",-68.8359411666,-32.894112956,3,"Parque O'Higgins",1531146.02653,0,0.341477200590853,0
23922,"Perenne","18/01/2012 09:18","Bajo (2 - 4 mts)",150,"Grande",-68.8525307456,-32.9002780568,2,"Barrio Civico",2366816.36021,0,0.660934784597175,0
18920,"Olmo bola","02/08/2011 09:35","Alto (> 8 mts)",120,"Grande",-68.8420205966,-32.8702738997,4,"Cuarta Oeste",1173332.70145,0,0.974138843880297,0
44819,"Morera","26/08/2011 10:22","Alto (> 8 mts)",140,"Grande",-68.8234239516,-32.8695632038,4,"Cuarta Este Área Fundacional",1822015.85685,0,0.824659540654405,0
35145,"Morera","23/03/2011 13:08","Alto (> 8 mts)",154,"Grande",-68.8536291652,-32.8806467903,6,"Residencial Norte",2694682.37982,0,0.636059023172667,0
21451,"Morera","12/05/2011 10:12","Alto (> 8 mts)",210,"Grande",-68.856912965,-32.8926668159,5,"Residencial Sur",2423808.92355,0,0.681125484317725,0
31054,"Perenne","16/02/2011 10:23","Muy bajo (1 - 2 mts)",7,"Chico",-68.8550574829,-32.8649301852,6,"Residencial Norte",2694682.37982,0,0.588632315389119,0
29049,"Paraiso","18/04/2011 12:12","Alto (> 8 mts)",70,"Grande",-68.8438352289,-32.8865377642,1,"Parque Central",1655357.93265,1,0.641663563515317,0
39514,"Paraiso","10/11/2010 10:52","Alto (> 8 mts)",180,"Grande",-68.8545322849,-32.869635841,6,"Residencial Norte",2694682.37982,0,0.542112296745141,0
28092,"Pltano","21/02/2011 18:44","Muy bajo (1 - 2 mts)",8,"Chico",-68.8490286095,-32.8913959643,2,"Barrio Civico",2366816.36021,0,0.287702564865925,0
392,"Morera","05/03/2012 11:32","Alto (> 8 mts)",168,"Grande",-68.8200578238,-32.8677087511,4,"Cuarta Este Área Fundacional",1822015.85685,0,0.0754544270975387,0
42574,"Morera","26/09/2011 10:56","Bajo (2 - 4 mts)",33,"Mediano",-68.8277872481,-32.875843001,4,"Cuarta Este Área Fundacional",1822015.85685,0,0.942249231081142,0
48128,"Morera","17/08/2011 11:11","Alto (> 8 mts)",88,"Grande",-68.8300449161,-32.8668520324,4,"Cuarta Este Área Fundacional",1822015.85685,0,0.0860362317971485,0
40193,"Morera","14/04/2011 12:12","Muy bajo (1 - 2 mts)",5,"Chico",-68.8456629391,-32.8835541693,1,"Parque Central",1655357.93265,0,0.201559756195073,0
18723,"Morera","12/07/2011 19:55","Alto (> 8 mts)",164,"Grande",-68.8365600072,-32.8733369723,4,"Cuarta Oeste",1173332.70145,0,0.522326479594347,0
23422,"Morera","27/01/2011 15:05","Medio (4 - 8 mts)",98,"Grande",-68.8501681594,-32.9027912778,2,"Barrio Civico",2366816.36021,0,0.0826633183187109,0
14012,"Caducifolio","29/11/2011 17:22","Muy bajo (1 - 2 mts)",6,"Chico",-68.8784874072,-32.8655513905,8,"Aeroparque",2203364.73622,0,0.932274481064591,0
36596,"Pltano","15/06/2011 15:27","Bajo (2 - 4 mts)",100,"Grande",-68.8569091909,-32.8819031068,7,"Residencial Parque",1786336.08966,0,0.198876470440315,0
40565,"Pltano","15/04/2011 12:30","Alto (> 8 mts)",200,"Grande",-68.846358479,-32.8847569816,1,"Parque Central",1655357.93265,1,0.138585021722307,0
14258,"Morera","07/12/2011 10:33","Alto (> 8 mts)",140,"Grande",-68.8777661098,-32.8674998261,8,"Aeroparque",2203364.73622,0,0.60832708582485,0
43531,"Fresno americano","19/10/2011 17:24","Medio (4 - 8 mts)",120,"Grande",-68.8309299674,-32.8825502024,3,"Parque O'Higgins",1531146.02653,0,0.509147711914687,0
23992,"Caducifolio","13/01/2011 12:27","Alto (> 8 mts)",110,"Grande",-68.8463112766,-32.899965389,2,"Barrio Civico",2366816.36021,0,0.524449190449852,0
5853,"Fresno americano","03/05/2011 12:17","Alto (> 8 mts)",120,"Grande",-68.8362707791,-32.8763208572,1,"Parque Central",1655357.93265,0,0.873240363505444,0
8677,"Fresno americano","02/02/2011 10:53","Medio (4 - 8 mts)",50,"Mediano",-68.8393635111,-32.9031681713,2,"Barrio Civico",2366816.36021,0,0.102363687416764,0
14481,"Prunas","30/11/2011 18:30","Muy bajo (1 - 2 mts)",3,"Chico",-68.8788782184,-32.8669662466,8,"Aeroparque",2203364.73622,0,0.280068070163478,0
4765,"Fresno europeo","02/08/2011 10:00","Bajo (2 - 4 mts)",15,"Chico",-68.8359090492,-32.8666436821,4,"Cuarta Oeste",1173332.70145,0,0.589151156032953,0
29663,"Acacia SP","04/03/2011 10:45","Alto (> 8 mts)",138,"Grande",-68.8417117528,-32.8945891826,2,"Barrio Civico",2366816.36021,1,0.318830486320977,0
36608,"Morera","15/06/2011 13:34","Medio (4 - 8 mts)",140,"Grande",-68.8571625057,-32.8828717244,5,"Residencial Sur",2423808.92355,0,0.526734407308135,0
2475,"Morera","25/10/2011 09:47","Medio (4 - 8 mts)",30,"Mediano",-68.8355803996,-32.8928262616,3,"Parque O'Higgins",1531146.02653,0,0.0542552308152064,0
34477,"Morera","10/03/2011 12:53","Medio (4 - 8 mts)",140,"Grande",-68.8490029982,-32.8743977241,6,"Residencial Norte",2694682.37982,0,0.464269071571184,0
5740,"Morera","04/05/2011 09:53","Medio (4 - 8 mts)",50,"Mediano",-68.8393788886,-32.8785807882,1,"Parque Central",1655357.93265,0,0.578811448987508,0
16333,"Morera","05/08/2011 09:20","Alto (> 8 mts)",200,"Grande",-68.8422696325,-32.8649190489,4,"Cuarta Oeste",1173332.70145,0,0.208658555392882,0
17447,"Morera","29/07/2011 09:44","Alto (> 8 mts)",103,"Grande",-68.8347474548,-32.866946292,4,"Cuarta Oeste",1173332.70145,0,0.051453864813749,0
46925,"Fresno europeo","07/09/2011 10:49","Bajo (2 - 4 mts)",30,"Mediano",-68.8322788279,-32.8707278661,4,"Cuarta Este Área Fundacional",1822015.85685,0,0.735510231511087,0
7043,"Fresno europeo","14/06/2011 11:50","Medio (4 - 8 mts)",60,"Mediano",-68.8567963477,-32.8979022889,5,"Residencial Sur",2423808.92355,0,0.318083359612585,0
9298,"Morera","23/02/2011 11:54","Alto (> 8 mts)",200,"Grande",-68.848080464,-32.8645881846,6,"Residencial Norte",2694682.37982,0,0.529178287654446,0
32630,"Paraiso","21/06/2011 12:10","Alto (> 8 mts)",80,"Grande",-68.8530237163,-32.890248102,5,"Residencial Sur",2423808.92355,1,0.349205289933648,0
26225,"Fresno europeo","19/10/2011 12:14","Bajo (2 - 4 mts)",37,"Mediano",-68.8301789922,-32.8881196575,3,"Parque O'Higgins",1531146.02653,0,0.159578606417556,0
32202,"Fresno americano","10/05/2011 10:18","Medio (4 - 8 mts)",100,"Grande",-68.8589232642,-32.8852605934,5,"Residencial Sur",2423808.92355,0,0.00648804743965248,0
2602,"Pltano","27/10/2011 17:16","Alto (> 8 mts)",180,"Grande",-68.829862673,-32.8813796892,3,"Parque O'Higgins",1531146.02653,0,0.680102912149259,0
32807,"Morera","14/07/2011 09:19","Alto (> 8 mts)",106,"Grande",-68.8529163205,-32.8851598071,5,"Residencial Sur",2423808.92355,1,0.807526663953343,0
46672,"Morera","02/09/2011 10:42","Medio (4 - 8 mts)",90,"Grande",-68.8310837911,-32.8707498609,4,"Cuarta Este Área Fundacional",1822015.85685,0,0.544796135662766,0
8172,"Morera","03/03/2011 13:36","Muy bajo (1 - 2 mts)",8,"Chico",-68.8435994725,-32.8911688097,2,"Barrio Civico",2366816.36021,1,0.289553519221286,0
39308,"Morera","30/11/2010 11:06","Medio (4 - 8 mts)",50,"Mediano",-68.8560806852,-32.8726305822,6,"Residencial Norte",2694682.37982,0,0.307259894815423,0
43822,"Fresno europeo","18/10/2011 13:01","Medio (4 - 8 mts)",100,"Grande",-68.8311030327,-32.8815646159,3,"Parque O'Higgins",1531146.02653,0,0.229401956619313,0
8822,"Morera","01/02/2011 13:50","Medio (4 - 8 mts)",60,"Mediano",-68.8545117608,-32.8683263445,6,"Residencial Norte",2694682.37982,0,0.801100879305777,0
3362,"Fresno europeo","04/10/2011 10:17","Alto (> 8 mts)",105,"Grande",-68.8356292953,-32.8787093738,1,"Parque Central",1655357.93265,0,0.670028673717488,0
20063,"Morera","09/08/2011 09:40","Medio (4 - 8 mts)",57,"Mediano",-68.8341648593,-32.8655351838,4,"Cuarta Oeste",1173332.70145,0,0.750941612779282,0
6002,"Morera","28/04/2011 12:55","Alto (> 8 mts)",120,"Grande",-68.8475061591,-32.8855427071,1,"Parque Central",1655357.93265,0,0.00269218051602615,0
1438,"Acer","22/11/2011 12:44","Bajo (2 - 4 mts)",50,"Mediano",-68.8708084787,-32.8782320856,7,"Residencial Parque",1786336.08966,0,0.106363190636957,0
33240,"Fresno europeo","29/06/2011 12:57","Alto (> 8 mts)",142,"Grande",-68.854505915,-32.891043479,5,"Residencial Sur",2423808.92355,0,0.466467302832963,0
4675,"Caducifolio","16/08/2011 09:25","Medio (4 - 8 mts)",18,"Chico",-68.8366387476,-32.8641932197,4,"Cuarta Oeste",1173332.70145,0,0.20796789990647,0
2907,"Fresno europeo","20/09/2011 09:31","Bajo (2 - 4 mts)",43,"Mediano",-68.8220785233,-32.8734399396,4,"Cuarta Este Área Fundacional",1822015.85685,0,0.58906707091013,0
37323,"Morera","16/03/2011 13:29","Alto (> 8 mts)",120,"Grande",-68.8578404619,-32.8746988266,6,"Residencial Norte",2694682.37982,0,0.444665290286727,0
7689,"Fresno europeo","26/05/2011 10:06","Bajo (2 - 4 mts)",80,"Grande",-68.85316545,-32.8839369648,5,"Residencial Sur",2423808.92355,0,0.804428557787438,0
24006,"Morera","13/01/2011 10:22","Alto (> 8 mts)",170,"Grande",-68.8457789091,-32.9005074508,2,"Barrio Civico",2366816.36021,1,0.636180358717314,0
39044,"Paraiso","23/12/2010 13:31","Alto (> 8 mts)",90,"Grande",-68.8540558802,-32.8709218699,6,"Residencial Norte",2694682.37982,0,0.275882935806659,0
20835,"Morera","27/05/2011 09:04","Alto (> 8 mts)",116,"Grande",-68.8602463572,-32.8947419255,5,"Residencial Sur",2423808.92355,0,0.836151162862472,0
21188,"Fresno europeo","06/05/2011 09:20","Alto (> 8 mts)",83,"Grande",-68.8525036905,-32.8928482799,5,"Residencial Sur",2423808.92355,0,0.442303270841979,0
20749,"Pltano","01/06/2011 11:20","Alto (> 8 mts)",160,"Grande",-68.8619352922,-32.8967141768,5,"Residencial Sur",2423808.92355,0,0.22310065728489,0
4158,"Perenne","03/10/2011 10:40","Bajo (2 - 4 mts)",18,"Chico",-68.8314779198,-32.877786752,4,"Cuarta Este Área Fundacional",1822015.85685,0,0.951491944065603,0
17778,"Paraiso","22/07/2011 10:28","Alto (> 8 mts)",107,"Grande",-68.8427265715,-32.8674163273,4,"Cuarta Oeste",1173332.70145,0,0.0200972360663678,0
44487,"Pltano","17/10/2011 10:46","Alto (> 8 mts)",190,"Grande",-68.835514613,-32.884662394,3,"Parque O'Higgins",1531146.02653,0,0.655957471727003,0
18504,"Paraiso","06/07/2011 13:47","Alto (> 8 mts)",210,"Grande",-68.8383051508,-32.874677985,1,"Parque Central",1655357.93265,0,0.0332884968395223,0
36665,"Fresno europeo","03/06/2011 16:43","Medio (4 - 8 mts)",120,"Grande",-68.8594715055,-32.8824038899,7,"Residencial Parque",1786336.08966,1,0.792929404192803,0
44697,"Paraiso","19/08/2011 09:52","Medio (4 - 8 mts)",28,"Mediano",-68.8232016038,-32.8673086442,4,"Cuarta Este Área Fundacional",1822015.85685,1,0.613096835584421,0
22503,"Morera","27/06/2011 14:28","Alto (> 8 mts)",105,"Grande",-68.8589238495,-32.9004008038,5,"Residencial Sur",2423808.92355,1,0.641833970127742,0
39170,"Fresno europeo","25/11/2010 12:35","Bajo (2 - 4 mts)",50,"Mediano",-68.8532613805,-32.8725213577,6,"Residencial Norte",2694682.37982,0,0.73016642785932,0
32806,"Morera","14/07/2011 09:21","Alto (> 8 mts)",180,"Grande",-68.8528744317,-32.8851579544,5,"Residencial Sur",2423808.92355,0,0.694933850970821,0
9519,"Morera","03/02/2011 09:50","Bajo (2 - 4 mts)",24,"Mediano",-68.8529792921,-32.8637752574,6,"Residencial Norte",2694682.37982,0,0.00217800177144345,0
30169,"Tilo","31/03/2011 16:11","Alto (> 8 mts)",60,"Mediano",-68.8411214864,-32.8872214156,3,"Parque O'Higgins",1531146.02653,0,0.355506263469286,0
42670,"Morera","23/09/2011 12:18","Alto (> 8 mts)",205,"Grande",-68.8303598843,-32.8766411787,4,"Cuarta Este Área Fundacional",1822015.85685,1,0.928505319737175,0
46389,"Morera","19/08/2011 11:55","Alto (> 8 mts)",160,"Grande",-68.8325400018,-32.8667372048,4,"Cuarta Oeste",1173332.70145,1,0.751351070916269,0
1636,"Prunas","23/11/2011 10:05","Muy bajo (1 - 2 mts)",20,"Chico",-68.8711330494,-32.8777689958,7,"Residencial Parque",1786336.08966,0,0.0578981578793125,0
8775,"Morera","31/01/2011 11:27","Bajo (2 - 4 mts)",10,"Chico",-68.8505792542,-32.868762785,6,"Residencial Norte",2694682.37982,0,0.937316490961717,0
4407,"Morera","28/07/2011 10:38","Medio (4 - 8 mts)",33,"Mediano",-68.8405712988,-32.8692291144,4,"Cuarta Oeste",1173332.70145,0,0.429894832229611,0
42001,"Morera","20/04/2011 13:09","Alto (> 8 mts)",165,"Grande",-68.8369782936,-32.8786144986,1,"Parque Central",1655357.93265,0,0.0213395596453917,0
12459,"Morera","24/01/2011 14:09","Alto (> 8 mts)",180,"Grande",-68.8489478906,-32.8670787854,6,"Residencial Norte",2694682.37982,0,0.703115570991152,0
5212,"Jacarand","09/08/2011 10:03","Bajo (2 - 4 mts)",40,"Mediano",-68.8400963777,-32.8734777951,4,"Cuarta Oeste",1173332.70145,0,0.396463612003787,0
22283,"Morera","13/06/2011 14:14","Alto (> 8 mts)",125,"Grande",-68.8558504208,-32.898186624,5,"Residencial Sur",2423808.92355,1,0.23626714593413,0
36921,"Fresno europeo","07/04/2011 16:15","Medio (4 - 8 mts)",80,"Grande",-68.8586376341,-32.8795124522,7,"Residencial Parque",1786336.08966,0,0.135522009728036,0
11841,"Paraiso","02/03/2011 12:32","Alto (> 8 mts)",170,"Grande",-68.8497243607,-32.8647700294,6,"Residencial Norte",2694682.37982,0,0.534946308818717,0
34194,"Morera","04/03/2011 09:12","Medio (4 - 8 mts)",110,"Grande",-68.8529777315,-32.8734017995,6,"Residencial Norte",2694682.37982,0,0.380123696480185,0
27890,"Paraiso","04/11/2011 10:38","Medio (4 - 8 mts)",52,"Mediano",-68.8388916273,-32.8930808871,2,"Barrio Civico",2366816.36021,1,0.606541905983152,0
9057,"Fresno europeo","15/02/2011 12:28","Medio (4 - 8 mts)",40,"Mediano",-68.8552501566,-32.8661345087,6,"Residencial Norte",2694682.37982,0,0.620619210859537,0
40927,"Fresno europeo","11/04/2011 16:05","Alto (> 8 mts)",102,"Grande",-68.8393739147,-32.8855759597,3,"Parque O'Higgins",1531146.02653,0,0.413011981943727,0
19612,"Morera","11/07/2011 09:23","Medio (4 - 8 mts)",50,"Mediano",-68.8370915149,-32.8719549523,4,"Cuarta Oeste",1173332.70145,1,0.382481826538285,0
26931,"Pltano","01/11/2011 17:47","Medio (4 - 8 mts)",170,"Grande",-68.8355460592,-32.8870451537,3,"Parque O'Higgins",1531146.02653,1,0.929089384523083,0
1487,"Paraiso","24/11/2011 14:31","Bajo (2 - 4 mts)",42,"Mediano",-68.8720769212,-32.8771152764,7,"Residencial Parque",1786336.08966,0,0.134395158395449,0
14510,"Fresno europeo","30/11/2011 16:57","Bajo (2 - 4 mts)",16,"Chico",-68.8790098275,-32.8658738544,8,"Aeroparque",2203364.73622,0,0.842159331120411,0
44452,"Pltano","18/10/2011 09:57","Alto (> 8 mts)",280,"Grande",-68.8369343318,-32.8845902287,3,"Parque O'Higgins",1531146.02653,0,0.347513820261444,0
27798,"Pltano","03/11/2011 09:53","Alto (> 8 mts)",125,"Grande",-68.8350600554,-32.8950601212,3,"Parque O'Higgins",1531146.02653,0,0.663538551434585,0
41407,"Fresno europeo","15/04/2011 12:47","Medio (4 - 8 mts)",62,"Grande",-68.8424435632,-32.8823219777,1,"Parque Central",1655357.93265,0,0.601535237644212,0
44365,"Fresno europeo","17/10/2011 12:49","Alto (> 8 mts)",190,"Grande",-68.8363245285,-32.882377873,1,"Parque Central",1655357.93265,1,0.651680907096717,0
2333,"Fresno europeo","25/10/2011 09:01","Muy bajo (1 - 2 mts)",3,"Chico",-68.8333175277,-32.888790451,3,"Parque O'Higgins",1531146.02653,0,0.00440299885758377,0
9999,"Caducifolio","04/11/2010 11:24","Medio (4 - 8 mts)",80,"Grande",-68.8523309421,-32.8700976905,6,"Residencial Norte",2694682.37982,0,0.478073546508554,0
29243,"Pltano","25/02/2011 09:18","Alto (> 8 mts)",220,"Grande",-68.8452801554,-32.8877319576,1,"Parque Central",1655357.93265,0,0.313453755476906,0
30621,"lamo blanco","07/02/2011 12:31","Alto (> 8 mts)",270,"Grande",-68.8572497457,-32.8691130589,6,"Residencial Norte",2694682.37982,0,0.787162058617999,0
24000,"Morera","13/01/2011 11:02","Alto (> 8 mts)",120,"Grande",-68.8462726664,-32.9004747062,2,"Barrio Civico",2366816.36021,0,0.315233480891879,0
33450,"Pltano","15/06/2011 11:19","Alto (> 8 mts)",250,"Grande",-68.8568727336,-32.8886281578,5,"Residencial Sur",2423808.92355,0,0.0395744034337078,0
37190,"Fresno europeo","01/04/2011 11:30","Medio (4 - 8 mts)",18,"Chico",-68.8583795075,-32.8785516539,7,"Residencial Parque",1786336.08966,0,0.731222681042513,0
39301,"Morera","30/11/2010 10:28","Alto (> 8 mts)",160,"Grande",-68.8559658323,-32.8721117125,6,"Residencial Norte",2694682.37982,0,0.251291798884943,0
9012,"Acer","11/01/2011 13:37","Medio (4 - 8 mts)",35,"Mediano",-68.8453340679,-32.8670057913,4,"Cuarta Oeste",1173332.70145,0,0.168645249961039,0
29027,"Olmo comun","25/04/2011 10:10","Alto (> 8 mts)",77,"Grande",-68.8447923659,-32.8863447456,1,"Parque Central",1655357.93265,0,0.831325372236411,0
33898,"Morera","14/07/2011 09:01","Medio (4 - 8 mts)",127,"Grande",-68.85481225,-32.8854866317,5,"Residencial Sur",2423808.92355,0,0.291016514532081,0
23715,"Morera","25/01/2011 12:47","Alto (> 8 mts)",117,"Grande",-68.8500504846,-32.9003610723,2,"Barrio Civico",2366816.36021,1,0.134620189711871,0
16444,"Morera","16/08/2011 09:07","Alto (> 8 mts)",120,"Grande",-68.8417812955,-32.8645348511,4,"Cuarta Oeste",1173332.70145,0,0.265612270347542,0
14046,"Morera","05/12/2011 12:29","Medio (4 - 8 mts)",60,"Mediano",-68.8765171288,-32.8675226089,8,"Aeroparque",2203364.73622,0,0.863529504338424,0
5187,"Caducifolio","05/08/2011 11:28","Muy bajo (1 - 2 mts)",2,"Chico",-68.8386109913,-32.8669540761,4,"Cuarta Oeste",1173332.70145,0,0.943477528671456,0
803,"Paraiso","13/12/2011 13:02","Medio (4 - 8 mts)",78,"Grande",-68.8800682729,-32.8655015383,8,"Aeroparque",2203364.73622,0,0.41724340487909,0
8111,"Fresno europeo","10/03/2011 12:36","Alto (> 8 mts)",70,"Grande",-68.8410048421,-32.8912704018,2,"Barrio Civico",2366816.36021,0,0.670243277765233,0
37979,"Olmo bola","10/01/2012 17:41","Medio (4 - 8 mts)",100,"Grande",-68.8484949059,-32.8729766216,6,"Residencial Norte",2694682.37982,0,0.591063691801338,0
20176,"Fresno europeo","13/05/2011 09:32","Alto (> 8 mts)",93,"Grande",-68.8600883555,-32.8925206127,5,"Residencial Sur",2423808.92355,0,0.372549871581042,0
47201,"Morera","20/09/2011 10:27","Alto (> 8 mts)",196,"Grande",-68.835046989,-32.8744237814,4,"Cuarta Este Área Fundacional",1822015.85685,0,0.842431552116312,0
13158,"Fresno europeo","18/02/2011 12:31","Medio (4 - 8 mts)",140,"Grande",-68.8466024196,-32.86506555,4,"Cuarta Oeste",1173332.70145,0,0.577670191578191,0
25183,"Morera","09/02/2011 17:21","Alto (> 8 mts)",128,"Grande",-68.8362892919,-32.8981855367,2,"Barrio Civico",2366816.36021,0,0.323293382742498,0
34413,"Morera","10/03/2011 09:35","Alto (> 8 mts)",140,"Grande",-68.8509948487,-32.8747510023,6,"Residencial Norte",2694682.37982,0,0.784842286057409,0
18811,"Morera","10/08/2011 10:39","Medio (4 - 8 mts)",70,"Grande",-68.8354453485,-32.8697344154,4,"Cuarta Oeste",1173332.70145,0,0.0824850730160829,0
45236,"Fresno europeo","29/09/2011 14:09","Alto (> 8 mts)",125,"Grande",-68.8230716584,-32.8733881204,4,"Cuarta Este Área Fundacional",1822015.85685,0,0.684954258327241,0
33906,"Morera","13/07/2011 11:52","Alto (> 8 mts)",240,"Grande",-68.8537751005,-32.8856825333,5,"Residencial Sur",2423808.92355,0,0.214908475301718,0
23419,"Morera","27/01/2011 15:10","Alto (> 8 mts)",128,"Grande",-68.8501497275,-32.9026295313,2,"Barrio Civico",2366816.36021,0,0.717954989549411,0
36633,"Fresno europeo","14/06/2011 19:01","Muy bajo (1 - 2 mts)",4,"Chico",-68.8580309427,-32.8815888774,7,"Residencial Parque",1786336.08966,0,0.70495000612315,0
26460,"Fresno europeo","09/11/2011 09:05","Medio (4 - 8 mts)",120,"Grande",-68.8335248062,-32.8926820252,3,"Parque O'Higgins",1531146.02653,0,0.325784603805969,0
39864,"Morera","05/05/2011 10:05","Alto (> 8 mts)",160,"Grande",-68.8446146336,-32.8751399846,1,"Parque Central",1655357.93265,0,0.69486955502499,0
31304,"Morera","25/02/2011 13:30","Alto (> 8 mts)",190,"Grande",-68.8486995174,-32.8646314281,6,"Residencial Norte",2694682.37982,0,0.687108021054773,0
14661,"Aguaribay","15/12/2011 17:36","Bajo (2 - 4 mts)",100,"Grande",-68.8822620426,-32.8672002695,8,"Aeroparque",2203364.73622,0,0.811001415151757,0
14267,"Acacia SP","07/12/2011 10:21","Alto (> 8 mts)",110,"Grande",-68.8778951119,-32.8680029718,8,"Aeroparque",2203364.73622,0,0.0079979468371103,0
26728,"Acer","02/11/2011 08:50","Medio (4 - 8 mts)",40,"Mediano",-68.8329497412,-32.8948273725,3,"Parque O'Higgins",1531146.02653,0,0.154652357213606,0
14162,"Paraiso","30/11/2011 10:29","Medio (4 - 8 mts)",73,"Grande",-68.8767284312,-32.8671390342,8,"Aeroparque",2203364.73622,0,0.189416419681439,0
39026,"Morera","23/12/2010 11:25","Alto (> 8 mts)",180,"Grande",-68.8545707752,-32.8714546496,6,"Residencial Norte",2694682.37982,0,0.866225483285045,0
36224,"Fresno europeo","30/03/2011 12:01","Medio (4 - 8 mts)",60,"Mediano",-68.8556820634,-32.8782875304,6,"Residencial Norte",2694682.37982,0,0.250358359295166,0
5410,"Paraiso sombrilla","19/04/2011 08:57","Bajo (2 - 4 mts)",32,"Mediano",-68.8434036884,-32.8785065429,1,"Parque Central",1655357.93265,0,0.488735473170562,0
12410,"Paraiso","21/01/2011 14:18","Alto (> 8 mts)",94,"Grande",-68.8484107002,-32.8673373945,6,"Residencial Norte",2694682.37982,0,0.342810510751386,0
18912,"Pltano","02/08/2011 09:51","Alto (> 8 mts)",256,"Grande",-68.8418132026,-32.8705860756,4,"Cuarta Oeste",1173332.70145,0,0.0331918738426109,0
27065,"Fresno europeo","27/10/2011 10:41","Bajo (2 - 4 mts)",130,"Grande",-68.8369320344,-32.8875951142,3,"Parque O'Higgins",1531146.02653,0,0.822713147395599,0
3280,"Morera","30/09/2011 11:46","Alto (> 8 mts)",70,"Grande",-68.8280280006,-32.8777307391,4,"Cuarta Este Área Fundacional",1822015.85685,0,0.00818492595876474,0
41107,"Paraiso sombrilla","27/04/2011 12:49","Bajo (2 - 4 mts)",28,"Mediano",-68.8394154343,-32.8820973849,1,"Parque Central",1655357.93265,0,0.319866471640169,0
16894,"Paraiso","27/07/2011 14:01","Alto (> 8 mts)",220,"Grande",-68.8391266004,-32.8653551641,4,"Cuarta Oeste",1173332.70145,0,0.300451011909743,0
13074,"Morera","17/02/2011 10:32","Alto (> 8 mts)",162,"Grande",-68.846036439,-32.8644542917,4,"Cuarta Oeste",1173332.70145,0,0.203871726141987,0
6062,"Fresno europeo","08/04/2011 12:25","Medio (4 - 8 mts)",67,"Grande",-68.8450372671,-32.8817115595,1,"Parque Central",1655357.93265,0,0.155941101224182,0
30437,"Pltano","21/02/2011 10:05","Alto (> 8 mts)",230,"Grande",-68.841908814,-32.8879822889,3,"Parque O'Higgins",1531146.02653,0,0.398404109567239,0
339,"Morera","07/03/2012 09:53","Bajo (2 - 4 mts)",36,"Mediano",-68.8211035386,-32.8677955611,4,"Cuarta Este Área Fundacional",1822015.85685,0,0.92231413121213,0
34639,"Morera","31/03/2011 12:58","Alto (> 8 mts)",160,"Grande",-68.8487669934,-32.8764137569,6,"Residencial Norte",2694682.37982,1,0.595134560664437,0
24745,"Morera","14/02/2011 14:48","Alto (> 8 mts)",148,"Grande",-68.8345838575,-32.8972735769,2,"Barrio Civico",2366816.36021,0,0.791508616277404,0
2509,"Fresno europeo","20/10/2011 11:51","Medio (4 - 8 mts)",52,"Mediano",-68.8358605962,-32.8885856609,3,"Parque O'Higgins",1531146.02653,0,0.38838533583867,0
1125,"Morera","01/12/2011 08:19","Alto (> 8 mts)",138,"Grande",-68.8757942053,-32.8666739002,8,"Aeroparque",2203364.73622,0,0.857642578652935,0
47406,"Morera","23/09/2011 14:54","Alto (> 8 mts)",185,"Grande",-68.8263575907,-32.8752573584,4,"Cuarta Este Área Fundacional",1822015.85685,0,0.224424923657936,0
19280,"Morera","13/07/2011 21:46","Alto (> 8 mts)",200,"Grande",-68.8366336138,-32.8701405631,4,"Cuarta Oeste",1173332.70145,0,0.980453314247495,0
7994,"Fresno europeo","18/02/2011 13:08","Medio (4 - 8 mts)",45,"Mediano",-68.8404530997,-32.8892008456,3,"Parque O'Higgins",1531146.02653,0,0.851174589310919,0
4801,"Fresno europeo","28/07/2011 10:10","Medio (4 - 8 mts)",65,"Grande",-68.8395523558,-32.8668871666,4,"Cuarta Oeste",1173332.70145,0,0.595843525647335,0
7863,"Morera","21/06/2011 13:38","Alto (> 8 mts)",98,"Grande",-68.85290544,-32.8897913562,5,"Residencial Sur",2423808.92355,0,0.392948705505192,0
23153,"Morera","19/01/2011 16:53","Alto (> 8 mts)",270,"Grande",-68.8479071366,-32.9029886328,2,"Barrio Civico",2366816.36021,1,0.961476086278101,0
7468,"Paraiso","17/06/2011 07:48","Alto (> 8 mts)",98,"Grande",-68.8623896115,-32.9001898862,5,"Residencial Sur",2423808.92355,0,0.302658469293556,0
11889,"Paraiso","02/03/2011 09:31","Alto (> 8 mts)",165,"Grande",-68.85105342,-32.86572002,6,"Residencial Norte",2694682.37982,0,0.958878153707514,0
21720,"Fresno europeo","09/06/2011 11:04","Medio (4 - 8 mts)",72,"Grande",-68.8554452469,-32.895609034,5,"Residencial Sur",2423808.92355,0,0.339871232125349,0
20165,"Fresno europeo","13/05/2011 09:53","Medio (4 - 8 mts)",86,"Grande",-68.859153206,-32.8924742647,5,"Residencial Sur",2423808.92355,0,0.0940332896442762,0
8423,"Morera","15/02/2011 15:32","Medio (4 - 8 mts)",62,"Grande",-68.8378230352,-32.9011649798,2,"Barrio Civico",2366816.36021,0,0.0974288000021791,0
12786,"Fresno europeo","24/01/2011 08:33","Bajo (2 - 4 mts)",50,"Mediano",-68.8477471845,-32.8635324803,4,"Cuarta Oeste",1173332.70145,0,0.210619078692162,0
22369,"Paraiso","16/06/2011 09:51","Alto (> 8 mts)",115,"Grande",-68.8594751248,-32.8984432199,5,"Residencial Sur",2423808.92355,0,0.667061238685509,0
13595,"Paraiso","01/03/2011 12:59","Alto (> 8 mts)",150,"Grande",-68.8512315453,-32.8655966943,6,"Residencial Norte",2694682.37982,0,0.130571634705336,0
9632,"Paraiso sombrilla","26/01/2011 09:59","Medio (4 - 8 mts)",104,"Grande",-68.8496688319,-32.8637488423,6,"Residencial Norte",2694682.37982,0,0.999724607894655,0
35003,"Fresno americano","31/03/2011 10:18","Bajo (2 - 4 mts)",76,"Grande",-68.8556979199,-32.8795202942,6,"Residencial Norte",2694682.37982,0,0.832279229886883,0
18605,"Morera","06/07/2011 11:56","Alto (> 8 mts)",195,"Grande",-68.8376333275,-32.8752803477,1,"Parque Central",1655357.93265,0,0.346318374861118,0
13574,"Paraiso","01/03/2011 11:28","Alto (> 8 mts)",160,"Grande",-68.8512607443,-32.8652524879,6,"Residencial Norte",2694682.37982,0,0.164188077094396,0
39987,"Morera","25/04/2011 09:38","Medio (4 - 8 mts)",160,"Grande",-68.8451169322,-32.8770603132,1,"Parque Central",1655357.93265,1,0.873149085514727,0
47340,"Fresno americano","21/09/2011 10:20","Alto (> 8 mts)",96,"Grande",-68.8320405367,-32.8741430509,4,"Cuarta Este Área Fundacional",1822015.85685,0,0.295371666953394,0
41145,"Morera","27/04/2011 18:35","Alto (> 8 mts)",92,"Grande",-68.8388974386,-32.8832635016,1,"Parque Central",1655357.93265,0,0.466850639006698,0
14655,"Aguaribay","15/12/2011 17:47","Bajo (2 - 4 mts)",20,"Chico",-68.882497716,-32.8673161976,8,"Aeroparque",2203364.73622,0,0.782005475533647,0
43986,"Fresno europeo","14/10/2011 12:18","Alto (> 8 mts)",180,"Grande",-68.833687883,-32.8859974724,3,"Parque O'Higgins",1531146.02653,1,0.601248176536168,0
18773,"Morera","11/07/2011 11:23","Alto (> 8 mts)",195,"Grande",-68.8385586296,-32.872544454,4,"Cuarta Oeste",1173332.70145,0,0.9436377525939,0
19913,"Morera","28/06/2011 13:55","Alto (> 8 mts)",105,"Grande",-68.8336105603,-32.8630899246,4,"Cuarta Oeste",1173332.70145,0,0.406127372396429,0
15852,"Fresno americano","30/11/2011 10:15","Bajo (2 - 4 mts)",40,"Mediano",-68.8726855874,-32.8762750741,7,"Residencial Parque",1786336.08966,0,0.972137887115816,0
28439,"Morera","28/02/2011 09:51","Alto (> 8 mts)",116,"Grande",-68.8462347986,-32.8894983679,2,"Barrio Civico",2366816.36021,0,0.144887396095562,0
43014,"Fresno europeo","05/10/2011 11:13","Alto (> 8 mts)",122,"Grande",-68.8325384572,-32.8788129567,4,"Cuarta Este Área Fundacional",1822015.85685,1,0.985505190015497,0
19363,"Morera","19/07/2011 09:28","Alto (> 8 mts)",148,"Grande",-68.836817477,-32.8714071865,4,"Cuarta Oeste",1173332.70145,0,0.549594128408298,0
26047,"Morera","08/11/2011 16:30","Medio (4 - 8 mts)",140,"Grande",-68.8314177393,-32.8874328478,3,"Parque O'Higgins",1531146.02653,0,0.46890273914369,0
47730,"Morera","15/09/2011 10:13","Medio (4 - 8 mts)",190,"Grande",-68.8291503977,-32.872115646,4,"Cuarta Este Área Fundacional",1822015.85685,0,0.450355699453774,0
43750,"Morera","17/10/2011 16:03","Alto (> 8 mts)",200,"Grande",-68.8333024508,-32.8812379078,3,"Parque O'Higgins",1531146.02653,0,0.686613209872146,0
6040,"Morera","25/04/2011 09:31","Muy bajo (1 - 2 mts)",20,"Chico",-68.8463422747,-32.8867615037,1,"Parque Central",1655357.93265,0,0.755860713612682,0
25620,"Paraiso","16/02/2011 18:55","Alto (> 8 mts)",172,"Grande",-68.8379765347,-32.9019461585,2,"Barrio Civico",2366816.36021,0,0.487630165039825,0
38952,"Morera","03/01/2011 09:29","Alto (> 8 mts)",88,"Grande",-68.8559032881,-32.8710051641,6,"Residencial Norte",2694682.37982,0,0.225495235874665,0
47597,"Paraiso","15/09/2011 10:14","Alto (> 8 mts)",100,"Grande",-68.8295322475,-32.8719115726,4,"Cuarta Este Área Fundacional",1822015.85685,1,0.692874456090619,0
24341,"Fresno europeo","26/01/2011 12:29","Alto (> 8 mts)",105,"Grande",-68.8439784691,-32.902669381,2,"Barrio Civico",2366816.36021,0,0.889074348892113,0
42873,"Acacia SP","03/10/2011 10:46","Alto (> 8 mts)",150,"Grande",-68.8322795384,-32.876809147,4,"Cuarta Este Área Fundacional",1822015.85685,0,0.380655018534671,0
15862,"Fresno europeo","30/11/2011 10:03","Bajo (2 - 4 mts)",30,"Mediano",-68.8728845329,-32.8768431561,7,"Residencial Parque",1786336.08966,0,0.440364125026147,0
15439,"Fresno americano","18/11/2011 12:24","Bajo (2 - 4 mts)",30,"Mediano",-68.8594064831,-32.8712277338,6,"Residencial Norte",2694682.37982,0,0.970857836783075,0
16277,"Morera","21/07/2011 10:17","Alto (> 8 mts)",180,"Grande",-68.8422544082,-32.8637416863,4,"Cuarta Oeste",1173332.70145,0,0.963703524761038,0
15434,"Fresno americano","18/11/2011 14:21","Medio (4 - 8 mts)",68,"Grande",-68.8594668242,-32.8716554671,6,"Residencial Norte",2694682.37982,0,0.830241685300933,0
47072,"Morera","23/09/2011 11:57","Muy bajo (1 - 2 mts)",4,"Chico",-68.8336335444,-32.8737828702,4,"Cuarta Este Área Fundacional",1822015.85685,0,0.428636285988224,0
26294,"Morera","21/10/2011 10:05","Alto (> 8 mts)",138,"Grande",-68.8306649467,-32.8901348754,3,"Parque O'Higgins",1531146.02653,1,0.75347117914206,0
25410,"Morera","14/02/2011 12:46","Alto (> 8 mts)",114,"Grande",-68.8368299445,-32.9006520762,2,"Barrio Civico",2366816.36021,0,0.402313032240736,0
25100,"Fresno europeo","11/02/2011 13:57","Bajo (2 - 4 mts)",27,"Mediano",-68.836336246,-32.9004215172,2,"Barrio Civico",2366816.36021,0,0.239137420182538,0
21532,"Fresno europeo","08/06/2011 11:19","Alto (> 8 mts)",110,"Grande",-68.8535221926,-32.8952011254,5,"Residencial Sur",2423808.92355,0,0.629220648180226,0
21319,"Morera","15/06/2011 12:03","Medio (4 - 8 mts)",70,"Grande",-68.8539297395,-32.8990328858,5,"Residencial Sur",2423808.92355,0,0.084164960049929,0
5207,"Perenne","08/08/2011 09:43","Medio (4 - 8 mts)",90,"Grande",-68.8391159317,-32.8690429682,4,"Cuarta Oeste",1173332.70145,0,0.937559107779581,0
28383,"Morera","14/03/2011 10:20","Alto (> 8 mts)",120,"Grande",-68.848253386,-32.8879217098,5,"Residencial Sur",2423808.92355,0,0.98594096918925,0
18733,"Jacarand","12/07/2011 18:49","Bajo (2 - 4 mts)",30,"Mediano",-68.8361992531,-32.8729405666,4,"Cuarta Oeste",1173332.70145,0,0.760996342079718,0
37483,"Morera","15/11/2010 11:54","Alto (> 8 mts)",80,"Grande",-68.8570394494,-32.8704571554,6,"Residencial Norte",2694682.37982,0,0.930825229436292,0
16616,"Paraiso","26/07/2011 15:06","Alto (> 8 mts)",165,"Grande",-68.8402886984,-32.8659117365,4,"Cuarta Oeste",1173332.70145,0,0.252129149537115,0
27055,"Fresno americano","21/10/2011 10:06","Medio (4 - 8 mts)",122,"Grande",-68.8372327703,-32.8885282159,3,"Parque O'Higgins",1531146.02653,0,0.617680869785764,0
3433,"Caducifolio","19/08/2011 09:30","Bajo (2 - 4 mts)",22,"Mediano",-68.829057366,-32.8673909606,4,"Cuarta Este Área Fundacional",1822015.85685,0,0.211670676815045,0
23803,"Fresno europeo","27/01/2011 18:09","Medio (4 - 8 mts)",76,"Grande",-68.850194929,-32.9008330296,2,"Barrio Civico",2366816.36021,0,0.68593566653693,0
44845,"Fresno europeo","23/08/2011 08:47","Alto (> 8 mts)",130,"Grande",-68.8241620783,-32.8669550107,4,"Cuarta Este Área Fundacional",1822015.85685,0,0.0701278887080438,0
34080,"Paraiso","31/05/2011 13:12","Muy bajo (1 - 2 mts)",14,"Chico",-68.8562534499,-32.8840392766,5,"Residencial Sur",2423808.92355,0,0.188421468765224,0
25931,"Morera","16/02/2011 16:23","Bajo (2 - 4 mts)",28,"Mediano",-68.8382549871,-32.9028219695,2,"Barrio Civico",2366816.36021,0,0.016964022176217,0
2175,"Paraiso sombrilla","09/11/2011 17:36","Bajo (2 - 4 mts)",80,"Grande",-68.8326104598,-32.8873089858,3,"Parque O'Higgins",1531146.02653,0,0.342028699184251,0
39812,"Paraiso","05/05/2011 09:42","Alto (> 8 mts)",160,"Grande",-68.8479410832,-32.8835921267,1,"Parque Central",1655357.93265,0,0.302022435988635,0
10416,"Paraiso","23/03/2011 10:43","Medio (4 - 8 mts)",70,"Grande",-68.8523372556,-32.8820881897,1,"Parque Central",1655357.93265,0,0.874855325721687,0
4144,"Fresno europeo","04/10/2011 10:22","Alto (> 8 mts)",210,"Grande",-68.8279501398,-32.8780713854,4,"Cuarta Este Área Fundacional",1822015.85685,1,0.121300695220747,0
36493,"Fresno europeo","06/04/2011 11:58","Medio (4 - 8 mts)",73,"Grande",-68.8549701153,-32.8790941508,6,"Residencial Norte",2694682.37982,0,0.0518076210478632,0
9505,"Acer","03/02/2011 12:49","Medio (4 - 8 mts)",80,"Grande",-68.8534306267,-32.8644519305,6,"Residencial Norte",2694682.37982,0,0.235695830736021,0
19266,"Fresno americano","03/08/2011 11:14","Medio (4 - 8 mts)",40,"Mediano",-68.8370203017,-32.8704463983,4,"Cuarta Oeste",1173332.70145,0,0.871034438559961,0
36695,"Fresno europeo","07/06/2011 09:23","Bajo (2 - 4 mts)",84,"Grande",-68.860264025,-32.883437759,7,"Residencial Parque",1786336.08966,0,0.637261273471563,0
36056,"Morera","17/03/2011 13:08","Alto (> 8 mts)",95,"Grande",-68.857455198,-32.8756002624,6,"Residencial Norte",2694682.37982,0,0.359981590940185,0
33729,"Morera","11/05/2011 10:21","Alto (> 8 mts)",184,"Grande",-68.8586418427,-32.8869714001,5,"Residencial Sur",2423808.92355,0,0.812279701900984,0
2045,"Olmo bola","14/11/2011 18:08","Muy bajo (1 - 2 mts)",15,"Chico",-68.827759099,-32.8811534599,3,"Parque O'Higgins",1531146.02653,0,0.109563718655444,0
10835,"Jacarand","31/03/2011 10:59","Medio (4 - 8 mts)",30,"Mediano",-68.856134834,-32.8772256262,6,"Residencial Norte",2694682.37982,0,0.085327498616084,0
40413,"Pltano","12/04/2011 10:16","Alto (> 8 mts)",210,"Grande",-68.8442348874,-32.8830120146,1,"Parque Central",1655357.93265,1,0.361836448149133,0
15993,"Braquiquito","10/08/2011 10:16","Alto (> 8 mts)",198,"Grande",-68.8437548213,-32.8724312171,4,"Cuarta Oeste",1173332.70145,0,0.922593070340702,0
9656,"Morera","25/01/2011 10:36","Bajo (2 - 4 mts)",110,"Grande",-68.8491332198,-32.8636992238,6,"Residencial Norte",2694682.37982,0,0.224413219855829,0
22057,"Fresno americano","16/05/2011 09:26","Alto (> 8 mts)",100,"Grande",-68.8583876618,-32.8938501358,5,"Residencial Sur",2423808.92355,0,0.141699272396242,0
27229,"Morera","26/10/2011 09:02","Medio (4 - 8 mts)",145,"Grande",-68.8370249039,-32.8908644982,3,"Parque O'Higgins",1531146.02653,0,0.10066157116794,0
26559,"Pltano","04/11/2011 08:48","Alto (> 8 mts)",170,"Grande",-68.8318042817,-32.8901548075,3,"Parque O'Higgins",1531146.02653,0,0.0841752546326322,0
32492,"Paraiso sombrilla","27/05/2011 10:46","Medio (4 - 8 mts)",95,"Grande",-68.8528091351,-32.8888869687,5,"Residencial Sur",2423808.92355,0,0.305892798863799,0
27707,"Morera","02/11/2011 08:13","Alto (> 8 mts)",170,"Grande",-68.8367761531,-32.8955694694,2,"Barrio Civico",2366816.36021,1,0.600014664124935,0
46732,"Paraiso","07/09/2011 13:54","Alto (> 8 mts)",115,"Grande",-68.8328745328,-32.8696423708,4,"Cuarta Oeste",1173332.70145,0,0.989061343445823,0
32181,"Paraiso","11/05/2011 09:20","Medio (4 - 8 mts)",130,"Grande",-68.8583722456,-32.8859228624,5,"Residencial Sur",2423808.92355,1,0.0430201175700714,0
34875,"Fresno europeo","29/03/2011 10:36","Bajo (2 - 4 mts)",32,"Mediano",-68.8516248916,-32.8799294556,6,"Residencial Norte",2694682.37982,0,0.782672290387814,0
30061,"Fresno europeo","05/04/2011 09:29","Muy bajo (1 - 2 mts)",6,"Chico",-68.8396896591,-32.8868484719,3,"Parque O'Higgins",1531146.02653,0,0.858231016392861,0
3518,"Morera","02/09/2011 11:24","Bajo (2 - 4 mts)",50,"Mediano",-68.8264862063,-32.8681930389,4,"Cuarta Este Área Fundacional",1822015.85685,0,0.0645725430595406,0
9762,"Morera","18/01/2011 13:34","Muy bajo (1 - 2 mts)",6,"Chico",-68.8465507307,-32.8639496658,4,"Cuarta Oeste",1173332.70145,0,0.731731298903066,0
36192,"Fresno europeo","31/03/2011 09:49","Medio (4 - 8 mts)",71,"Grande",-68.8565831457,-32.8779253647,6,"Residencial Norte",2694682.37982,0,0.902586588333002,0
5217,"Tipa","09/08/2011 09:40","Alto (> 8 mts)",260,"Grande",-68.8398100525,-32.8726113292,4,"Cuarta Oeste",1173332.70145,1,0.276454839992827,0
21092,"Morera","22/06/2011 11:16","Medio (4 - 8 mts)",50,"Mediano",-68.8624646119,-32.89965869,5,"Residencial Sur",2423808.92355,0,0.60179702129542,0
20054,"Morera","09/08/2011 10:09","Alto (> 8 mts)",190,"Grande",-68.8340139547,-32.8649076547,4,"Cuarta Oeste",1173332.70145,0,0.85907752354394,0
32864,"Morera","10/06/2011 11:07","Alto (> 8 mts)",200,"Grande",-68.8496308544,-32.8854441711,1,"Parque Central",1655357.93265,1,0.725459961683174,0
14636,"Aguaribay","12/12/2011 12:39","Medio (4 - 8 mts)",70,"Grande",-68.8791711598,-32.8655704717,8,"Aeroparque",2203364.73622,0,0.103901329370904,0
11696,"Morera","31/01/2011 09:35","Alto (> 8 mts)",163,"Grande",-68.8508985054,-32.8680842105,6,"Residencial Norte",2694682.37982,0,0.117390710052566,0
33781,"Pltano","13/05/2011 11:12","Alto (> 8 mts)",240,"Grande",-68.8551941516,-32.8855358461,5,"Residencial Sur",2423808.92355,0,0.537841813242739,0
18775,"Morera","08/07/2011 14:14","Alto (> 8 mts)",190,"Grande",-68.8385775046,-32.8726242783,4,"Cuarta Oeste",1173332.70145,0,0.362255716795719,0
29952,"Pltano","28/04/2011 12:21","Alto (> 8 mts)",220,"Grande",-68.8424074201,-32.8856565529,1,"Parque Central",1655357.93265,0,0.24235994287792,0
4250,"Morera","05/07/2011 12:24","Bajo (2 - 4 mts)",20,"Chico",-68.8396235986,-32.8723225437,4,"Cuarta Oeste",1173332.70145,1,0.824520823955746,0
47968,"Morera","02/09/2011 10:03","Medio (4 - 8 mts)",285,"Grande",-68.8256508472,-32.8684349715,4,"Cuarta Este Área Fundacional",1822015.85685,0,0.479025504789117,0
18989,"Morera","03/08/2011 13:00","Alto (> 8 mts)",200,"Grande",-68.8367780904,-32.8697815167,4,"Cuarta Oeste",1173332.70145,0,0.272286762928111,0
6465,"Fresno americano","30/05/2011 09:26","Medio (4 - 8 mts)",60,"Mediano",-68.8538510544,-32.8884442409,5,"Residencial Sur",2423808.92355,0,0.535272297477113,0
23834,"Morera","28/01/2011 13:37","Alto (> 8 mts)",200,"Grande",-68.8514264495,-32.9010411627,2,"Barrio Civico",2366816.36021,0,0.278775706756799,0
3780,"Morera","23/08/2011 12:50","Alto (> 8 mts)",175,"Grande",-68.8189287432,-32.8703563659,4,"Cuarta Este Área Fundacional",1822015.85685,0,0.583438694267185,0
6577,"Morera","18/05/2011 09:25","Medio (4 - 8 mts)",90,"Grande",-68.8590187757,-32.8910300217,5,"Residencial Sur",2423808.92355,1,0.803162898888871,0
786,"Acer","14/12/2011 10:28","Medio (4 - 8 mts)",20,"Chico",-68.8794775004,-32.8670438004,8,"Aeroparque",2203364.73622,0,0.918477403611416,0
29283,"Morera","22/02/2011 13:40","Alto (> 8 mts)",220,"Grande",-68.8427601611,-32.8879149265,3,"Parque O'Higgins",1531146.02653,1,0.664971854657854,0
17332,"Morera","08/08/2011 10:01","Alto (> 8 mts)",140,"Grande",-68.8345891556,-32.8657719617,4,"Cuarta Oeste",1173332.70145,0,0.745317095442524,0
43830,"Morera","17/10/2011 17:45","Alto (> 8 mts)",210,"Grande",-68.8318950472,-32.8813479963,3,"Parque O'Higgins",1531146.02653,1,0.0604870944012506,0
2871,"Morera","04/11/2011 08:09","Muy bajo (1 - 2 mts)",6,"Chico",-68.8354976328,-32.8929862768,3,"Parque O'Higgins",1531146.02653,0,0.371527359555347,0
18476,"Morera","11/07/2011 09:36","Alto (> 8 mts)",155,"Grande",-68.8388034389,-32.874326523,1,"Parque Central",1655357.93265,0,0.86916629588073,0
21163,"Fresno europeo","06/05/2011 10:40","Medio (4 - 8 mts)",63,"Grande",-68.8527898517,-32.8933632863,5,"Residencial Sur",2423808.92355,0,0.342777370486881,0
22288,"Ailanthus","09/06/2011 12:18","Alto (> 8 mts)",140,"Grande",-68.8572779203,-32.8969969929,5,"Residencial Sur",2423808.92355,0,0.486345211351789,0
17443,"Morera","29/07/2011 09:54","Alto (> 8 mts)",152,"Grande",-68.8347200372,-32.8671375566,4,"Cuarta Oeste",1173332.70145,1,0.861363789332501,0
26813,"Morera","01/11/2011 08:42","Medio (4 - 8 mts)",136,"Grande",-68.8335072933,-32.8950852999,3,"Parque O'Higgins",1531146.02653,0,0.134131066737168,0
36850,"Fresno europeo","28/03/2011 16:42","Medio (4 - 8 mts)",46,"Mediano",-68.8572373354,-32.8792568322,7,"Residencial Parque",1786336.08966,0,0.346872526807498,0
30016,"Pltano","29/04/2011 11:16","Alto (> 8 mts)",144,"Grande",-68.8410085102,-32.8868607052,3,"Parque O'Higgins",1531146.02653,0,0.108519962165981,0
838,"Aguaribay","14/12/2011 11:35","Bajo (2 - 4 mts)",30,"Mediano",-68.881038295,-32.8672944535,8,"Aeroparque",2203364.73622,0,0.807636829617624,0
4372,"Jacarand","09/08/2011 11:01","Medio (4 - 8 mts)",53,"Mediano",-68.8364491317,-32.8693978173,4,"Cuarta Oeste",1173332.70145,0,0.353466899928417,0
31494,"Fresno europeo","19/05/2011 10:53","Medio (4 - 8 mts)",75,"Grande",-68.8588864274,-32.8907688986,5,"Residencial Sur",2423808.92355,0,0.424639812636081,0
8473,"Morera","14/02/2011 15:58","Alto (> 8 mts)",142,"Grande",-68.8351279892,-32.8976919116,2,"Barrio Civico",2366816.36021,0,0.738701567070061,0
33406,"Morera","02/06/2011 12:26","Alto (> 8 mts)",146,"Grande",-68.8568778393,-32.8875130411,5,"Residencial Sur",2423808.92355,0,0.156812114573353,0
8796,"Morera","03/02/2011 13:05","Alto (> 8 mts)",80,"Grande",-68.8554744796,-32.8683329905,6,"Residencial Norte",2694682.37982,1,0.792907471488127,0
43446,"Morera","03/10/2011 10:33","Medio (4 - 8 mts)",55,"Mediano",-68.8310155915,-32.8799961351,4,"Cuarta Este Área Fundacional",1822015.85685,0,0.0580884134550073,0
6831,"Fresno americano","24/05/2011 10:00","Alto (> 8 mts)",28,"Mediano",-68.862243237,-32.8942576699,5,"Residencial Sur",2423808.92355,0,0.14887020491112,0
8365,"Morera","17/02/2011 16:37","Medio (4 - 8 mts)",86,"Grande",-68.840492289,-32.9006443757,2,"Barrio Civico",2366816.36021,0,0.333519311815578,0
38694,"Fresno europeo","15/12/2010 13:26","Alto (> 8 mts)",85,"Grande",-68.8506558506,-32.872107282,6,"Residencial Norte",2694682.37982,0,0.798830014508169,0
3801,"Morera","05/09/2011 09:50","Medio (4 - 8 mts)",48,"Mediano",-68.8320060375,-32.870569168,4,"Cuarta Este Área Fundacional",1822015.85685,0,0.168883197928738,0
26972,"Fresno europeo","03/11/2011 17:41","Bajo (2 - 4 mts)",38,"Mediano",-68.8344134872,-32.8860708312,3,"Parque O'Higgins",1531146.02653,0,0.294229864913138,0
6961,"Fresno europeo","03/06/2011 14:16","Bajo (2 - 4 mts)",28,"Mediano",-68.86020141,-32.8968380137,5,"Residencial Sur",2423808.92355,0,0.545619274057222,0
36055,"Morera","17/03/2011 13:12","Alto (> 8 mts)",125,"Grande",-68.8574396921,-32.8755409133,6,"Residencial Norte",2694682.37982,0,0.118603304607031,0
17089,"Morera","15/08/2011 11:39","Alto (> 8 mts)",140,"Grande",-68.8377457861,-32.863344855,4,"Cuarta Oeste",1173332.70145,1,0.381376013438028,0
28500,"Morera","25/02/2011 09:53","Alto (> 8 mts)",155,"Grande",-68.8482245103,-32.8891142893,5,"Residencial Sur",2423808.92355,0,0.39039180387896,0
9732,"Ligustro","19/01/2011 11:35","Bajo (2 - 4 mts)",60,"Mediano",-68.8473820304,-32.8628145726,4,"Cuarta Oeste",1173332.70145,0,0.858058481754837,0
38681,"Morera","17/12/2010 09:47","Alto (> 8 mts)",140,"Grande",-68.8518924515,-32.8719297487,6,"Residencial Norte",2694682.37982,0,0.0413558104303778,0
18322,"Pltano","01/08/2011 13:08","Alto (> 8 mts)",198,"Grande",-68.837520645,-32.8678130023,4,"Cuarta Oeste",1173332.70145,0,0.386634697821444,0
19833,"Fresno europeo","04/08/2011 10:10","Alto (> 8 mts)",175,"Grande",-68.8345966471,-32.8646912262,4,"Cuarta Oeste",1173332.70145,0,0.879933626568683,0
2428,"Fresno europeo","25/10/2011 08:56","Bajo (2 - 4 mts)",20,"Chico",-68.8351252474,-32.8910482678,3,"Parque O'Higgins",1531146.02653,0,0.671807718509347,0
8163,"Morera","04/03/2011 10:46","Muy bajo (1 - 2 mts)",12,"Chico",-68.8447278398,-32.8910163232,2,"Barrio Civico",2366816.36021,0,0.593194279121243,0
9378,"Paraiso","16/02/2011 12:13","Medio (4 - 8 mts)",90,"Grande",-68.844851489,-32.8643866452,4,"Cuarta Oeste",1173332.70145,0,0.0687591528434718,0
30382,"Fresno europeo","02/03/2011 13:28","Medio (4 - 8 mts)",22,"Mediano",-68.839840424,-32.8894786293,3,"Parque O'Higgins",1531146.02653,0,0.161038498295106,0
43837,"Morera","07/10/2011 09:58","Medio (4 - 8 mts)",108,"Grande",-68.8309521592,-32.8849332245,3,"Parque O'Higgins",1531146.02653,0,0.179490780485302,0
2592,"Morera","07/10/2011 11:41","Medio (4 - 8 mts)",104,"Grande",-68.8309801475,-32.881172522,3,"Parque O'Higgins",1531146.02653,0,0.887269638824574,0
17814,"Paraiso","21/07/2011 12:40","Alto (> 8 mts)",90,"Grande",-68.8432304576,-32.8696014051,4,"Cuarta Oeste",1173332.70145,0,0.460758055732345,0
46166,"Paraiso","27/09/2011 10:46","Alto (> 8 mts)",150,"Grande",-68.8232536042,-32.8746412121,4,"Cuarta Este Área Fundacional",1822015.85685,0,0.21927959561007,0
40685,"Morera","19/04/2011 12:00","Alto (> 8 mts)",220,"Grande",-68.8428527434,-32.8838972804,1,"Parque Central",1655357.93265,1,0.178293102927265,0
13012,"Morera","15/02/2011 09:50","Medio (4 - 8 mts)",84,"Grande",-68.8439005517,-32.8654465194,4,"Cuarta Oeste",1173332.70145,0,0.177744372105401,0
33448,"Pltano","15/06/2011 11:27","Alto (> 8 mts)",185,"Grande",-68.8566328466,-32.8886703527,5,"Residencial Sur",2423808.92355,0,0.333934663947084,0
10557,"Acer","22/03/2011 10:14","Alto (> 8 mts)",130,"Grande",-68.8551043859,-32.8757219013,6,"Residencial Norte",2694682.37982,0,0.453476460431988,0
24166,"Fresno europeo","24/01/2011 10:59","Medio (4 - 8 mts)",67,"Grande",-68.845329768,-32.9022844974,2,"Barrio Civico",2366816.36021,0,0.461527865929807,0
16373,"Morera","12/08/2011 14:17","Alto (> 8 mts)",190,"Grande",-68.8419491607,-32.8629596213,4,"Cuarta Oeste",1173332.70145,0,0.655907330785071,0
29151,"Paraiso","10/03/2011 12:49","Medio (4 - 8 mts)",65,"Grande",-68.8468246119,-32.88861923,2,"Barrio Civico",2366816.36021,0,0.709195599541082,0
25579,"Morera","11/02/2011 12:05","Alto (> 8 mts)",102,"Grande",-68.8389258171,-32.9012869874,2,"Barrio Civico",2366816.36021,0,0.516420465185296,0
21515,"Morera","12/05/2011 10:52","Alto (> 8 mts)",160,"Grande",-68.853806074,-32.8937234741,5,"Residencial Sur",2423808.92355,0,0.1643079838167,0
23568,"Paraiso","01/02/2011 15:46","Alto (> 8 mts)",128,"Grande",-68.8517865658,-32.9027198993,2,"Barrio Civico",2366816.36021,0,0.580178017154786,0
7795,"Fresno europeo","13/05/2011 09:24","Bajo (2 - 4 mts)",38,"Mediano",-68.8562981968,-32.885328412,5,"Residencial Sur",2423808.92355,0,0.496358690794614,0
21749,"Morera","23/05/2011 11:19","Alto (> 8 mts)",150,"Grande",-68.8571779519,-32.8942937446,5,"Residencial Sur",2423808.92355,1,0.313709867629774,0
40571,"Morera","15/04/2011 12:17","Alto (> 8 mts)",90,"Grande",-68.8459269266,-32.8845863014,1,"Parque Central",1655357.93265,0,0.667891576115859,0
43996,"Caducifolio","17/10/2011 09:11","Muy bajo (1 - 2 mts)",5,"Chico",-68.8327252415,-32.8860408124,3,"Parque O'Higgins",1531146.02653,0,0.35029253496802,0
34712,"Morera","01/04/2011 11:30","Alto (> 8 mts)",170,"Grande",-68.8506551385,-32.8771442404,6,"Residencial Norte",2694682.37982,0,0.0452688436293699,0
19939,"Paraiso","08/08/2011 09:32","Medio (4 - 8 mts)",47,"Mediano",-68.8328740169,-32.8636492364,4,"Cuarta Oeste",1173332.70145,0,0.00865509512469054,0
18983,"Morera","03/08/2011 15:07","Alto (> 8 mts)",180,"Grande",-68.8372864461,-32.8697977782,4,"Cuarta Oeste",1173332.70145,0,0.394348794891102,0
22960,"Morera","02/06/2011 12:55","Medio (4 - 8 mts)",62,"Grande",-68.8559272274,-32.8994670228,5,"Residencial Sur",2423808.92355,0,0.887527342183021,0
16539,"Pltano","19/07/2011 10:42","Alto (> 8 mts)",222,"Grande",-68.840877499,-32.8649037606,4,"Cuarta Oeste",1173332.70145,0,0.472164676318483,0
22229,"Fresno americano","14/06/2011 11:36","Bajo (2 - 4 mts)",25,"Mediano",-68.8556458987,-32.8981259992,5,"Residencial Sur",2423808.92355,0,0.255048959927792,0
41777,"Morera","27/04/2011 10:48","Medio (4 - 8 mts)",150,"Grande",-68.8419611588,-32.8781801461,1,"Parque Central",1655357.93265,1,0.0833268979517221,0
4759,"Paraiso","01/08/2011 13:31","Medio (4 - 8 mts)",25,"Mediano",-68.8371396372,-32.8668219736,4,"Cuarta Oeste",1173332.70145,0,0.163450814676192,0
10643,"Paraiso","16/03/2011 12:26","Bajo (2 - 4 mts)",44,"Mediano",-68.8566011097,-32.8741913218,6,"Residencial Norte",2694682.37982,0,0.0180084778113963,0
48294,"Morera","17/08/2011 09:48","Alto (> 8 mts)",200,"Grande",-68.8289652694,-32.8683632635,4,"Cuarta Este Área Fundacional",1822015.85685,1,0.77278154794447,0
894,"Paraiso","17/01/2012 08:30","Medio (4 - 8 mts)",95,"Grande",-68.8472827725,-32.8734407581,6,"Residencial Norte",2694682.37982,1,0.482733894052502,0
16484,"Paraiso","05/08/2011 09:12","Medio (4 - 8 mts)",100,"Grande",-68.8421641955,-32.8650301851,4,"Cuarta Oeste",1173332.70145,1,0.373182364491084,0
12741,"Morera","24/01/2011 12:42","Alto (> 8 mts)",190,"Grande",-68.8485471105,-32.8643419338,6,"Residencial Norte",2694682.37982,0,0.563232843401431,0
34709,"Caducifolio","01/04/2011 11:41","Bajo (2 - 4 mts)",40,"Mediano",-68.8504671286,-32.8771783532,6,"Residencial Norte",2694682.37982,0,0.410537106389704,0
7103,"Paraiso sombrilla","01/06/2011 11:31","Medio (4 - 8 mts)",40,"Mediano",-68.861762799,-32.8969483051,5,"Residencial Sur",2423808.92355,1,0.50140280410123,0
32440,"Morera","26/05/2011 13:24","Alto (> 8 mts)",135,"Grande",-68.8520353111,-32.8894016835,5,"Residencial Sur",2423808.92355,1,0.590888657682095,0
20830,"Fresno europeo","30/05/2011 10:25","Alto (> 8 mts)",96,"Grande",-68.8620632451,-32.8966346086,5,"Residencial Sur",2423808.92355,0,0.573777770773255,0
46525,"Morera","16/08/2011 13:35","Alto (> 8 mts)",170,"Grande",-68.8317396054,-32.8677103217,4,"Cuarta Oeste",1173332.70145,0,0.836817053718375,0
47297,"Pltano","20/09/2011 10:37","Alto (> 8 mts)",280,"Grande",-68.8313712472,-32.8739489833,4,"Cuarta Este Área Fundacional",1822015.85685,0,0.237963405149233,0
27726,"Morera","31/10/2011 09:59","Medio (4 - 8 mts)",118,"Grande",-68.8350134622,-32.8954028663,3,"Parque O'Higgins",1531146.02653,0,0.20425344515221,0
34122,"Morera","10/03/2011 09:17","Alto (> 8 mts)",198,"Grande",-68.8558015833,-32.8728986952,6,"Residencial Norte",2694682.37982,0,0.821215388466144,0
44196,"Acacia SP","17/10/2011 09:57","Alto (> 8 mts)",135,"Grande",-68.8346590578,-32.8824684792,3,"Parque O'Higgins",1531146.02653,0,0.164714611498429,0
27561,"Pltano","28/10/2011 11:41","Alto (> 8 mts)",190,"Grande",-68.8398247185,-32.8927427316,2,"Barrio Civico",2366816.36021,0,0.757334217055471,0
20879,"Morera","26/05/2011 10:36","Alto (> 8 mts)",102,"Grande",-68.8606343553,-32.8952694871,5,"Residencial Sur",2423808.92355,0,0.549256609394718,0
31850,"Morera","30/06/2011 09:52","Alto (> 8 mts)",128,"Grande",-68.8616849169,-32.8893936088,5,"Residencial Sur",2423808.92355,0,0.250220070911964,0
30512,"Fresno europeo","04/04/2011 16:19","Medio (4 - 8 mts)",46,"Mediano",-68.8397111791,-32.887286068,3,"Parque O'Higgins",1531146.02653,0,0.230387527216386,0
45952,"Fresno europeo","24/08/2011 13:49","Bajo (2 - 4 mts)",30,"Mediano",-68.8190297864,-32.86979448,4,"Cuarta Este Área Fundacional",1822015.85685,0,0.392432495583749,0
42685,"Morera","23/09/2011 11:34","Medio (4 - 8 mts)",150,"Grande",-68.8299329116,-32.8777731516,4,"Cuarta Este Área Fundacional",1822015.85685,0,0.0874581652213904,0
29552,"Pltano","25/02/2011 12:44","Alto (> 8 mts)",98,"Grande",-68.8426203733,-32.8924465591,2,"Barrio Civico",2366816.36021,0,0.520091003183189,0
8553,"Olmo comun","18/02/2011 10:15","Alto (> 8 mts)",80,"Grande",-68.8398421794,-32.8967480861,2,"Barrio Civico",2366816.36021,0,0.153957659294458,0
1089,"Perenne","13/12/2011 18:46","Muy bajo (1 - 2 mts)",100,"Grande",-68.8809361263,-32.8675732768,8,"Aeroparque",2203364.73622,0,0.745488515630177,0
28114,"Morera","14/03/2011 16:55","Bajo (2 - 4 mts)",22,"Mediano",-68.8468605967,-32.8925801586,2,"Barrio Civico",2366816.36021,0,0.815628536281752,0
45677,"Morera","26/08/2011 11:30","Alto (> 8 mts)",168,"Grande",-68.8223850153,-32.869545213,4,"Cuarta Este Área Fundacional",1822015.85685,1,0.170646593249337,0
35982,"Morera","22/03/2011 09:41","Alto (> 8 mts)",115,"Grande",-68.8549806139,-32.8752867573,6,"Residencial Norte",2694682.37982,0,0.0602747713249417,0
28797,"Fresno americano","18/04/2011 10:31","Medio (4 - 8 mts)",125,"Grande",-68.8479186213,-32.8857594062,1,"Parque Central",1655357.93265,0,0.741730574021621,0
32733,"Morera","17/05/2011 12:48","Alto (> 8 mts)",120,"Grande",-68.853329867,-32.8868640403,5,"Residencial Sur",2423808.92355,1,0.846356657721168,0
31787,"Morera","03/01/2012 11:23","Medio (4 - 8 mts)",90,"Grande",-68.8591883396,-32.8902999083,5,"Residencial Sur",2423808.92355,0,0.0347283691815479,0
6844,"Morera","07/06/2011 12:54","Alto (> 8 mts)",138,"Grande",-68.8546578005,-32.8960163645,5,"Residencial Sur",2423808.92355,0,0.125774022554733,0
44034,"Pltano","19/10/2011 09:20","Alto (> 8 mts)",160,"Grande",-68.8322557742,-32.8849796271,3,"Parque O'Higgins",1531146.02653,0,0.923419259765461,0
22402,"Fresno europeo","15/06/2011 11:39","Medio (4 - 8 mts)",82,"Grande",-68.860945793,-32.8982846372,5,"Residencial Sur",2423808.92355,0,0.276209203967933,0
44611,"Fresno europeo","26/08/2011 09:23","Alto (> 8 mts)",140,"Grande",-68.8226695165,-32.8669638252,4,"Cuarta Este Área Fundacional",1822015.85685,0,0.407140389374673,0
13624,"Morera","28/02/2011 12:27","Medio (4 - 8 mts)",115,"Grande",-68.8518314165,-32.8655927688,6,"Residencial Norte",2694682.37982,0,0.673029439572572,0
42154,"Acacia SP","04/05/2011 13:12","Bajo (2 - 4 mts)",10,"Chico",-68.841468121,-32.8739732122,1,"Parque Central",1655357.93265,0,0.169340650703629,0
7475,"Fresno europeo","16/06/2011 10:09","Bajo (2 - 4 mts)",22,"Mediano",-68.8612832166,-32.9002917052,5,"Residencial Sur",2423808.92355,0,0.15295268991135,0
22313,"Fresno europeo","09/06/2011 10:36","Alto (> 8 mts)",112,"Grande",-68.857715107,-32.8981130177,5,"Residencial Sur",2423808.92355,0,0.512752328164757,0
44266,"Pltano","13/10/2011 10:53","Alto (> 8 mts)",270,"Grande",-68.8351072578,-32.8846951346,3,"Parque O'Higgins",1531146.02653,0,0.377593893325788,0
46807,"Morera","07/09/2011 10:37","Medio (4 - 8 mts)",176,"Grande",-68.8332496073,-32.8717919691,4,"Cuarta Este Área Fundacional",1822015.85685,0,0.118490611383172,0
34227,"Morera","23/03/2011 10:24","Medio (4 - 8 mts)",160,"Grande",-68.8522870221,-32.8750199773,6,"Residencial Norte",2694682.37982,0,0.911754077584911,0
9900,"Liquidambar","11/02/2011 12:11","Medio (4 - 8 mts)",35,"Mediano",-68.857358374,-32.8647346804,6,"Residencial Norte",2694682.37982,0,0.180724081310687,0
30094,"Pltano","26/04/2011 10:38","Alto (> 8 mts)",190,"Grande",-68.8424265375,-32.8877658284,3,"Parque O'Higgins",1531146.02653,1,0.787638710578918,0
14146,"Morera","01/12/2011 08:06","Alto (> 8 mts)",105,"Grande",-68.8759406212,-32.8672057401,8,"Aeroparque",2203364.73622,0,0.884033164177958,0
1697,"Paraiso","24/11/2011 12:28","Medio (4 - 8 mts)",70,"Grande",-68.8720479931,-32.8782917182,7,"Residencial Parque",1786336.08966,0,0.499484159271996,0
27211,"Pltano","26/10/2011 12:14","Medio (4 - 8 mts)",220,"Grande",-68.8364886449,-32.8897986789,3,"Parque O'Higgins",1531146.02653,0,0.458669992596733,0
36506,"Morera","06/04/2011 11:18","Alto (> 8 mts)",170,"Grande",-68.8553750102,-32.878482157,6,"Residencial Norte",2694682.37982,0,0.893859876568242,0
12899,"Morera","12/01/2011 11:21","Medio (4 - 8 mts)",104,"Grande",-68.8448660302,-32.8634292188,4,"Cuarta Oeste",1173332.70145,0,0.908623885983563,0
11467,"Paraiso","06/01/2011 13:05","Alto (> 8 mts)",214,"Grande",-68.8433640018,-32.8628363265,4,"Cuarta Oeste",1173332.70145,0,0.348001106227386,0
34388,"Morera","28/03/2011 09:19","Alto (> 8 mts)",208,"Grande",-68.8505317069,-32.874962438,6,"Residencial Norte",2694682.37982,0,0.0787090635714769,0
37558,"Morera","16/11/2010 11:15","Alto (> 8 mts)",170,"Grande",-68.8569452651,-32.8692905253,6,"Residencial Norte",2694682.37982,0,0.417910802077211,0
2606,"Pltano","27/10/2011 16:52","Medio (4 - 8 mts)",80,"Grande",-68.8296688477,-32.8810138775,3,"Parque O'Higgins",1531146.02653,0,0.394112753830625,0
8636,"Acer","01/02/2011 12:10","Muy bajo (1 - 2 mts)",2,"Chico",-68.8385212397,-32.9032952227,2,"Barrio Civico",2366816.36021,0,0.976106716712912,0
45301,"Morera","09/09/2011 13:04","Alto (> 8 mts)",180,"Grande",-68.8237361977,-32.8721406637,4,"Cuarta Este Área Fundacional",1822015.85685,0,0.451742499700304,0
46031,"Fresno europeo","20/09/2011 09:16","Medio (4 - 8 mts)",220,"Grande",-68.8211124005,-32.8734986983,4,"Cuarta Este Área Fundacional",1822015.85685,0,0.748248650052971,0
22837,"Morera","10/05/2011 11:27","Alto (> 8 mts)",106,"Grande",-68.8561773225,-32.900548946,5,"Residencial Sur",2423808.92355,0,0.312049412069945,0
4410,"Paraiso","28/07/2011 09:40","Medio (4 - 8 mts)",95,"Grande",-68.8414187573,-32.8697700829,4,"Cuarta Oeste",1173332.70145,0,0.977115463541396,0
9974,"Paraiso","11/11/2010 09:50","Medio (4 - 8 mts)",170,"Grande",-68.8538256788,-32.8694570355,6,"Residencial Norte",2694682.37982,0,0.384596428860927,0
26961,"Fresno europeo","01/11/2011 16:21","Medio (4 - 8 mts)",120,"Grande",-68.8367240007,-32.8864206903,3,"Parque O'Higgins",1531146.02653,0,0.512074182756058,0
4555,"Paraiso","09/08/2011 09:32","Alto (> 8 mts)",160,"Grande",-68.8388920064,-32.8652827032,4,"Cuarta Oeste",1173332.70145,0,0.620176561003338,0
33945,"Fresno europeo","24/05/2011 11:36","Bajo (2 - 4 mts)",80,"Grande",-68.8528489993,-32.8845748,5,"Residencial Sur",2423808.92355,0,0.332864430057211,0
38690,"Morera","15/12/2010 13:35","Alto (> 8 mts)",180,"Grande",-68.8508959593,-32.8721055017,6,"Residencial Norte",2694682.37982,1,0.602365573554776,0
21608,"Morera","11/05/2011 11:45","Alto (> 8 mts)",120,"Grande",-68.8551985116,-32.8949629935,5,"Residencial Sur",2423808.92355,0,0.190421894694125,0
37462,"Morera","04/01/2011 12:01","Medio (4 - 8 mts)",61,"Grande",-68.8574165083,-32.8707287415,6,"Residencial Norte",2694682.37982,0,0.503537611998877,0
25507,"Fresno europeo","04/03/2011 13:57","Medio (4 - 8 mts)",52,"Mediano",-68.8404699376,-32.9015032086,2,"Barrio Civico",2366816.36021,0,0.0580750019489147,0
12316,"Morera","12/01/2011 13:57","Alto (> 8 mts)",250,"Grande",-68.8467592861,-32.8666418069,6,"Residencial Norte",2694682.37982,0,0.673881975286798,0
41344,"Pltano","19/04/2011 10:17","Alto (> 8 mts)",168,"Grande",-68.8400624463,-32.8826100038,1,"Parque Central",1655357.93265,0,0.194683081603436,0
32296,"Pltano","29/06/2011 13:04","Alto (> 8 mts)",125,"Grande",-68.8525375012,-32.8908874494,5,"Residencial Sur",2423808.92355,0,0.303078627733185,0
13214,"Fresno europeo","21/02/2011 13:33","Medio (4 - 8 mts)",110,"Grande",-68.8475418081,-32.8647902178,6,"Residencial Norte",2694682.37982,0,0.593483474749254,0
1352,"Morera","29/11/2011 13:08","Muy bajo (1 - 2 mts)",13,"Chico",-68.8772417412,-32.8651383312,8,"Aeroparque",2203364.73622,0,0.545622702035603,0
21388,"Morera","09/05/2011 12:57","Alto (> 8 mts)",28,"Mediano",-68.8540866138,-32.8925592639,5,"Residencial Sur",2423808.92355,0,0.169393596289995,0
9839,"Morera","11/01/2011 10:30","Alto (> 8 mts)",170,"Grande",-68.8451033967,-32.8633228549,4,"Cuarta Oeste",1173332.70145,0,0.341415533557351,0
25585,"Morera","11/02/2011 10:40","Alto (> 8 mts)",142,"Grande",-68.8392002619,-32.9014271026,2,"Barrio Civico",2366816.36021,1,0.178979468191957,0
33873,"Acacia visco","13/05/2011 11:47","Alto (> 8 mts)",170,"Grande",-68.8550676454,-32.8860884468,5,"Residencial Sur",2423808.92355,0,0.620413618763228,0
40886,"Fresno europeo","20/04/2011 19:36","Medio (4 - 8 mts)",82,"Grande",-68.8391242805,-32.8846072918,3,"Parque O'Higgins",1531146.02653,0,0.93918038572771,0
1901,"Acacia SP","17/11/2011 11:14","Muy bajo (1 - 2 mts)",2,"Chico",-68.8589812231,-32.8693579051,6,"Residencial Norte",2694682.37982,1,0.995694993344913,0
7504,"Morera","15/06/2011 15:10","Bajo (2 - 4 mts)",16,"Chico",-68.8570082879,-32.8822986314,7,"Residencial Parque",1786336.08966,0,0.73093854190135,0
42524,"Pltano","28/09/2011 11:38","Alto (> 8 mts)",190,"Grande",-68.8299567432,-32.8765630749,4,"Cuarta Este Área Fundacional",1822015.85685,0,0.16173141682525,0
20416,"Morera","23/05/2011 11:35","Alto (> 8 mts)",123,"Grande",-68.8606756901,-32.893563015,5,"Residencial Sur",2423808.92355,1,0.761619982583419,0
39112,"Fresno europeo","16/01/2012 13:10","Medio (4 - 8 mts)",120,"Grande",-68.8530365741,-32.8723857495,6,"Residencial Norte",2694682.37982,0,0.92856204395701,0
9958,"Paraiso","11/11/2010 13:56","Alto (> 8 mts)",110,"Grande",-68.855499269,-32.8692527469,6,"Residencial Norte",2694682.37982,0,0.919489164584675,0
38285,"Olmo bola","01/12/2010 11:58","Alto (> 8 mts)",120,"Grande",-68.8457665314,-32.8713132684,6,"Residencial Norte",2694682.37982,0,0.0129269527327665,0
38983,"Morera","27/12/2010 11:51","Alto (> 8 mts)",180,"Grande",-68.8550312029,-32.8713036236,6,"Residencial Norte",2694682.37982,0,0.692351215446189,0
45605,"Morera","23/09/2011 08:32","Alto (> 8 mts)",52,"Mediano",-68.8200426766,-32.8713997038,4,"Cuarta Este Área Fundacional",1822015.85685,0,0.0781080578332467,0
41567,"Fresno americano","06/05/2011 13:44","Bajo (2 - 4 mts)",20,"Chico",-68.8416141212,-32.8791681016,1,"Parque Central",1655357.93265,0,0.770828658808436,0
43444,"Morera","03/10/2011 10:41","Medio (4 - 8 mts)",60,"Mediano",-68.8310152952,-32.8798819759,4,"Cuarta Este Área Fundacional",1822015.85685,0,0.893972200136047,0
48028,"Morera","05/09/2011 10:03","Medio (4 - 8 mts)",149,"Grande",-68.8266402428,-32.8678717912,4,"Cuarta Este Área Fundacional",1822015.85685,0,0.518918739443869,0
19510,"Morera","18/07/2011 09:00","Medio (4 - 8 mts)",34,"Mediano",-68.838339232,-32.8711482581,4,"Cuarta Oeste",1173332.70145,0,0.876345370159684,0
44322,"Pltano","12/10/2011 16:40","Alto (> 8 mts)",190,"Grande",-68.8353121233,-32.8822670569,3,"Parque O'Higgins",1531146.02653,0,0.588336966242868,0
36330,"Morera","18/03/2011 10:32","Medio (4 - 8 mts)",100,"Grande",-68.8530765721,-32.8787774528,6,"Residencial Norte",2694682.37982,0,0.254795587800314,0
32288,"Acacia SP","28/06/2011 10:11","Alto (> 8 mts)",120,"Grande",-68.8508447877,-32.8908501858,5,"Residencial Sur",2423808.92355,1,0.161015663520178,0
18933,"Morera","01/08/2011 10:00","Alto (> 8 mts)",120,"Grande",-68.8415259236,-32.8698839584,4,"Cuarta Oeste",1173332.70145,0,0.70457333453517,0
35211,"Fresno europeo","23/03/2011 09:53","Alto (> 8 mts)",125,"Grande",-68.8524903529,-32.881513065,1,"Parque Central",1655357.93265,0,0.267678547147534,0
10000,"Acer","04/11/2010 11:21","Medio (4 - 8 mts)",70,"Grande",-68.8523342382,-32.8701358162,6,"Residencial Norte",2694682.37982,0,0.692906751667337,0
39022,"Paraiso","27/12/2010 09:39","Alto (> 8 mts)",240,"Grande",-68.8547590151,-32.8711910479,6,"Residencial Norte",2694682.37982,0,0.975287744279784,0
47877,"Morera","21/09/2011 11:43","Alto (> 8 mts)",135,"Grande",-68.8293355235,-32.8736462984,4,"Cuarta Este Área Fundacional",1822015.85685,0,0.489786502967073,0
7192,"Pltano","17/06/2011 10:42","Alto (> 8 mts)",100,"Grande",-68.8583157972,-32.8987532401,5,"Residencial Sur",2423808.92355,0,0.152413224671927,0
44488,"Pltano","17/10/2011 10:44","Alto (> 8 mts)",220,"Grande",-68.8354409492,-32.8846153929,3,"Parque O'Higgins",1531146.02653,0,0.600920412470201,0
42832,"Morera","30/09/2011 13:51","Alto (> 8 mts)",150,"Grande",-68.8315709368,-32.8765915378,4,"Cuarta Este Área Fundacional",1822015.85685,0,0.578696557945014,0
25860,"Olmo comun","04/02/2011 13:14","Medio (4 - 8 mts)",98,"Grande",-68.8383893562,-32.9025412696,2,"Barrio Civico",2366816.36021,0,0.533990379321842,0
36289,"Morera","04/04/2011 10:04","Medio (4 - 8 mts)",160,"Grande",-68.8543050083,-32.8771672777,6,"Residencial Norte",2694682.37982,0,0.984891321074703,0
984,"Morera","16/01/2012 09:31","Bajo (2 - 4 mts)",18,"Chico",-68.8351320438,-32.8687004799,4,"Cuarta Oeste",1173332.70145,0,0.482715656545966,0
23662,"Fresno americano","20/01/2011 19:20","Medio (4 - 8 mts)",68,"Grande",-68.8484882958,-32.900787592,2,"Barrio Civico",2366816.36021,0,0.961979914756989,0
4365,"Morera","11/08/2011 09:46","Alto (> 8 mts)",180,"Grande",-68.835112496,-32.869198808,4,"Cuarta Oeste",1173332.70145,0,0.560867901489366,0
3845,"Morera","31/08/2011 10:12","Bajo (2 - 4 mts)",32,"Mediano",-68.8290630533,-32.8702745931,4,"Cuarta Este Área Fundacional",1822015.85685,0,0.315777721325449,0
44509,"Fresno europeo","18/10/2011 10:16","Alto (> 8 mts)",120,"Grande",-68.8359133455,-32.8859160939,3,"Parque O'Higgins",1531146.02653,0,0.116722105605937,0
36577,"Fresno americano","09/06/2011 09:35","Bajo (2 - 4 mts)",42,"Mediano",-68.8577954011,-32.8829900867,7,"Residencial Parque",1786336.08966,0,0.921805304578092,0
8963,"Paraiso","19/01/2011 13:20","Muy bajo (1 - 2 mts)",5,"Chico",-68.8467679856,-32.8678494729,6,"Residencial Norte",2694682.37982,0,0.851608337431895,0
32531,"Fresno europeo","23/06/2011 13:11","Medio (4 - 8 mts)",95,"Grande",-68.8502115962,-32.889939532,5,"Residencial Sur",2423808.92355,0,0.120542673768879,0
15522,"Morera","21/11/2011 13:06","Muy bajo (1 - 2 mts)",18,"Chico",-68.8605655889,-32.8717303462,7,"Residencial Parque",1786336.08966,0,0.479814090887324,0
12439,"Morera","24/01/2011 13:02","Alto (> 8 mts)",160,"Grande",-68.8488613456,-32.8669857621,6,"Residencial Norte",2694682.37982,0,0.948578536742971,0
28397,"Morera","14/03/2011 10:03","Alto (> 8 mts)",200,"Grande",-68.8493144183,-32.8879501715,5,"Residencial Sur",2423808.92355,0,0.415095958967762,0
10503,"Prunas","11/03/2011 09:34","Bajo (2 - 4 mts)",20,"Chico",-68.8494284867,-32.8740578592,6,"Residencial Norte",2694682.37982,0,0.696282447756827,0
16111,"Olmo comun","18/07/2011 12:26","Medio (4 - 8 mts)",62,"Grande",-68.8453093465,-32.8734760159,6,"Residencial Norte",2694682.37982,0,0.189300277997205,0
1142,"Perenne","02/12/2011 07:31","Medio (4 - 8 mts)",110,"Grande",-68.8770506222,-32.868360371,8,"Aeroparque",2203364.73622,0,0.170708762981514,0
46164,"Paraiso","27/09/2011 10:56","Medio (4 - 8 mts)",100,"Grande",-68.8232907527,-32.8747675016,4,"Cuarta Este Área Fundacional",1822015.85685,0,0.985528578161537,0
22471,"Morera","23/06/2011 12:35","Alto (> 8 mts)",160,"Grande",-68.8619856782,-32.899279941,5,"Residencial Sur",2423808.92355,1,0.527206886194898,0
16011,"Morera","11/08/2011 08:45","Alto (> 8 mts)",90,"Grande",-68.8437515679,-32.8717274408,4,"Cuarta Oeste",1173332.70145,0,0.622327593917752,0
266,"Morera","07/03/2012 11:10","Medio (4 - 8 mts)",104,"Grande",-68.8225027702,-32.8667822706,4,"Cuarta Este Área Fundacional",1822015.85685,0,0.491748562998198,0
37150,"Pltano","01/04/2011 11:32","Alto (> 8 mts)",270,"Grande",-68.8589357571,-32.8766998432,7,"Residencial Parque",1786336.08966,0,0.187457261695712,0
19806,"Morera","04/08/2011 11:27","Alto (> 8 mts)",180,"Grande",-68.8350931444,-32.8638244248,4,"Cuarta Oeste",1173332.70145,0,0.338958914861629,0
17286,"Morera","04/08/2011 13:21","Medio (4 - 8 mts)",50,"Mediano",-68.8368998546,-32.8658361304,4,"Cuarta Oeste",1173332.70145,0,0.467304535378196,0
39898,"Morera","02/05/2011 12:05","Medio (4 - 8 mts)",140,"Grande",-68.8434082433,-32.8742267777,1,"Parque Central",1655357.93265,0,0.561487561432491,0
45491,"Morera","19/09/2011 08:43","Bajo (2 - 4 mts)",35,"Mediano",-68.8220287143,-32.8717982877,4,"Cuarta Este Área Fundacional",1822015.85685,0,0.874202846653369,0
26747,"Morera","11/01/2012 12:41","Alto (> 8 mts)",110,"Grande",-68.8344428102,-32.8950132129,3,"Parque O'Higgins",1531146.02653,1,0.0871235594223119,0
25010,"Morera","15/02/2011 11:58","Alto (> 8 mts)",160,"Grande",-68.8351176846,-32.8960870262,2,"Barrio Civico",2366816.36021,0,0.0101540979287155,0
38560,"Morera","20/12/2010 12:37","Bajo (2 - 4 mts)",20,"Chico",-68.8525424736,-32.87091207,6,"Residencial Norte",2694682.37982,0,0.934208138067467,0
31432,"Morera","14/07/2011 09:30","Medio (4 - 8 mts)",66,"Grande",-68.8492832084,-32.8853848721,1,"Parque Central",1655357.93265,0,0.294409870462078,0
13381,"Prunas","10/01/2011 12:46","Muy bajo (1 - 2 mts)",10,"Chico",-68.845208188,-32.8669099387,4,"Cuarta Oeste",1173332.70145,0,0.112246329373785,0
11941,"Morera","12/05/2010 11:12","Medio (4 - 8 mts)",111,"Grande",-68.851686583,-32.8676195283,6,"Residencial Norte",2694682.37982,0,0.0734357010700197,0
22412,"Morera","15/06/2011 10:09","Medio (4 - 8 mts)",100,"Grande",-68.861029914,-32.8991717237,5,"Residencial Sur",2423808.92355,0,0.833909071618373,0
32315,"Acacia visco","28/06/2011 13:27","Alto (> 8 mts)",155,"Grande",-68.8514109607,-32.8916453401,5,"Residencial Sur",2423808.92355,0,0.788245117095308,0
18341,"Paraiso","02/08/2011 09:49","Medio (4 - 8 mts)",80,"Grande",-68.8387376815,-32.8680169173,4,"Cuarta Oeste",1173332.70145,1,0.178927420971393,0
30658,"Fresno europeo","01/02/2011 12:17","Bajo (2 - 4 mts)",35,"Mediano",-68.8538794143,-32.8671309248,6,"Residencial Norte",2694682.37982,0,0.578359382209987,0
17273,"Perenne","05/08/2011 10:03","Muy bajo (1 - 2 mts)",5,"Chico",-68.8366677505,-32.8648666859,4,"Cuarta Oeste",1173332.70145,0,0.0484751063740539,0
14814,"Morera","07/12/2011 10:35","Bajo (2 - 4 mts)",20,"Chico",-68.8777168581,-32.8687859127,8,"Aeroparque",2203364.73622,0,0.375772326953758,0
11942,"Morera","12/05/2010 09:47","Bajo (2 - 4 mts)",85,"Grande",-68.8516895435,-32.8675734533,6,"Residencial Norte",2694682.37982,0,0.74346648625727,0
4523,"Paraiso","29/07/2011 13:46","Medio (4 - 8 mts)",57,"Mediano",-68.8414508034,-32.8681531832,4,"Cuarta Oeste",1173332.70145,0,0.874826885152396,0
42004,"Morera","20/04/2011 13:15","Medio (4 - 8 mts)",45,"Mediano",-68.8371749511,-32.8785996802,1,"Parque Central",1655357.93265,0,0.274370951028334,0
45822,"Morera","26/08/2011 11:28","Medio (4 - 8 mts)",226,"Grande",-68.8213449144,-32.869448532,4,"Cuarta Este Área Fundacional",1822015.85685,0,0.402776457432872,0
37532,"Paraiso","17/11/2010 12:14","Medio (4 - 8 mts)",150,"Grande",-68.8577219469,-32.8704256528,6,"Residencial Norte",2694682.37982,0,0.275074682122131,0
15561,"Fresno europeo","17/11/2011 16:37","Muy bajo (1 - 2 mts)",6,"Chico",-68.8610747076,-32.8716771076,7,"Residencial Parque",1786336.08966,0,0.390513546566107,0
10134,"Morera","28/12/2010 12:19","Muy bajo (1 - 2 mts)",10,"Chico",-68.8557554208,-32.8710055708,6,"Residencial Norte",2694682.37982,0,0.740754908586489,0
3197,"Acer","26/09/2011 09:22","Medio (4 - 8 mts)",60,"Mediano",-68.8269410992,-32.8743457345,4,"Cuarta Este Área Fundacional",1822015.85685,0,0.611061261961487,0
39359,"Morera","30/11/2010 13:41","Alto (> 8 mts)",140,"Grande",-68.8562379573,-32.871989158,6,"Residencial Norte",2694682.37982,0,0.147095947909495,0
13664,"Paraiso","25/02/2011 13:46","Alto (> 8 mts)",170,"Grande",-68.8520492636,-32.8649914245,6,"Residencial Norte",2694682.37982,0,0.0830815040171987,0
31925,"Fresno europeo","03/06/2011 15:37","Medio (4 - 8 mts)",110,"Grande",-68.8588225379,-32.8840162342,5,"Residencial Sur",2423808.92355,0,0.337713854099441,0
37528,"Paraiso","17/11/2010 11:51","Alto (> 8 mts)",150,"Grande",-68.8575753591,-32.8706201619,6,"Residencial Norte",2694682.37982,0,0.875734691968598,0
44297,"Fresno europeo","20/10/2011 16:35","Bajo (2 - 4 mts)",36,"Mediano",-68.8357058805,-32.8809520296,1,"Parque Central",1655357.93265,0,0.00410983069815785,0
12425,"Morera","24/01/2011 09:48","Alto (> 8 mts)",190,"Grande",-68.8484827664,-32.8664019787,6,"Residencial Norte",2694682.37982,0,0.298367906917888,0
2280,"Morera","03/11/2011 11:53","Alto (> 8 mts)",105,"Grande",-68.8376295092,-32.8942183752,2,"Barrio Civico",2366816.36021,0,0.781449079692911,0
19686,"Fresno europeo","12/07/2011 10:07","Medio (4 - 8 mts)",35,"Mediano",-68.8354926394,-32.8715074798,4,"Cuarta Oeste",1173332.70145,0,0.809038621579019,0
17456,"Morera","29/07/2011 09:18","Alto (> 8 mts)",180,"Grande",-68.8355340031,-32.8669808472,4,"Cuarta Oeste",1173332.70145,0,0.520009802247997,0
44000,"Fresno americano","17/10/2011 09:17","Alto (> 8 mts)",150,"Grande",-68.8326714831,-32.8857016142,3,"Parque O'Higgins",1531146.02653,0,0.820974664840065,0
27351,"Fresno europeo","20/10/2011 12:05","Alto (> 8 mts)",130,"Grande",-68.8365941429,-32.8875920583,3,"Parque O'Higgins",1531146.02653,0,0.68387777455224,0
21850,"Morera","07/06/2011 11:21","Alto (> 8 mts)",104,"Grande",-68.8575793809,-32.8961001092,5,"Residencial Sur",2423808.92355,0,0.31229894033211,0
45626,"Fresno europeo","22/09/2011 08:32","Alto (> 8 mts)",106,"Grande",-68.8213426787,-32.8713492915,4,"Cuarta Este Área Fundacional",1822015.85685,0,0.161280799512492,0
5333,"Prunas","26/04/2011 10:25","Bajo (2 - 4 mts)",60,"Mediano",-68.8427841989,-32.8783321141,1,"Parque Central",1655357.93265,0,0.240499788374504,0
12617,"Fresno europeo","14/01/2011 12:20","Alto (> 8 mts)",90,"Grande",-68.8457850768,-32.8631485716,4,"Cuarta Oeste",1173332.70145,0,0.639632107089362,0
29771,"Ligustro","15/03/2011 09:10","Medio (4 - 8 mts)",56,"Mediano",-68.8414089021,-32.8933842742,2,"Barrio Civico",2366816.36021,0,0.911754380642689,0
4309,"Prunas","22/07/2011 08:54","Medio (4 - 8 mts)",64,"Grande",-68.8447098543,-32.8704509756,4,"Cuarta Oeste",1173332.70145,0,0.828212646897689,0
6340,"Fresno europeo","30/06/2011 14:36","Bajo (2 - 4 mts)",27,"Mediano",-68.8543077445,-32.8903671184,5,"Residencial Sur",2423808.92355,0,0.187813591518781,0
8310,"Pltano","23/03/2011 18:33","Alto (> 8 mts)",152,"Grande",-68.8428997463,-32.8935590796,2,"Barrio Civico",2366816.36021,0,0.461585859576226,0
26465,"Fresno europeo","09/11/2011 09:57","Medio (4 - 8 mts)",100,"Grande",-68.8326121816,-32.8913234012,3,"Parque O'Higgins",1531146.02653,0,0.00118795218183088,0
15627,"Tipa","15/11/2011 19:11","Muy bajo (1 - 2 mts)",16,"Chico",-68.8618844466,-32.8716987775,7,"Residencial Parque",1786336.08966,0,0.934407553843172,0
37265,"Fresno europeo","14/03/2011 13:57","Medio (4 - 8 mts)",48,"Mediano",-68.8583308019,-32.872961638,6,"Residencial Norte",2694682.37982,0,0.859653384116073,0
19033,"Morera","13/07/2011 09:59","Alto (> 8 mts)",145,"Grande",-68.8401299874,-32.871971359,4,"Cuarta Oeste",1173332.70145,1,0.0816727802532028,0
10551,"Fresno europeo","22/03/2011 13:13","Muy bajo (1 - 2 mts)",15,"Chico",-68.855288708,-32.8761413229,6,"Residencial Norte",2694682.37982,0,0.92795450737075,0
7265,"Morera","29/06/2011 15:37","Bajo (2 - 4 mts)",10,"Chico",-68.8555163819,-32.9017234063,5,"Residencial Sur",2423808.92355,0,0.887654179422402,0
28518,"Morera","21/02/2011 12:37","Alto (> 8 mts)",185,"Grande",-68.8489216859,-32.8899715151,5,"Residencial Sur",2423808.92355,0,0.170400140391177,0
3031,"Morera","15/09/2011 12:49","Medio (4 - 8 mts)",90,"Grande",-68.8279094596,-32.8731050435,4,"Cuarta Este Área Fundacional",1822015.85685,0,0.0093686062585453,0
42978,"Pltano","06/10/2011 18:08","Alto (> 8 mts)",150,"Grande",-68.8337386971,-32.8783003224,4,"Cuarta Este Área Fundacional",1822015.85685,0,0.750837888542089,0
41586,"Braquiquito","05/05/2011 12:01","Medio (4 - 8 mts)",45,"Mediano",-68.8410666963,-32.8771933718,1,"Parque Central",1655357.93265,0,0.550731079392405,0
13920,"Caducifolio","30/11/2011 12:15","Medio (4 - 8 mts)",45,"Mediano",-68.8756442519,-32.86609121,8,"Aeroparque",2203364.73622,0,0.489907269180539,0
6381,"Fresno europeo","03/06/2011 12:21","Bajo (2 - 4 mts)",18,"Chico",-68.8589386538,-32.8872944788,5,"Residencial Sur",2423808.92355,0,0.302654434561326,0
25687,"Pltano","04/02/2011 12:32","Alto (> 8 mts)",230,"Grande",-68.8426244734,-32.9034851478,2,"Barrio Civico",2366816.36021,0,0.0148627266338045,0
31404,"Fresno europeo","23/05/2011 10:33","Alto (> 8 mts)",110,"Grande",-68.8506321749,-32.8851149143,1,"Parque Central",1655357.93265,0,0.16473289543423,0
858,"Aguaribay","15/12/2011 08:15","Bajo (2 - 4 mts)",76,"Grande",-68.880490212,-32.8665225839,8,"Aeroparque",2203364.73622,0,0.800769678132262,0
47892,"Fresno europeo","21/09/2011 13:33","Medio (4 - 8 mts)",90,"Grande",-68.8303842283,-32.8730331313,4,"Cuarta Este Área Fundacional",1822015.85685,0,0.0587459781972068,0
7029,"Morera","13/06/2011 10:52","Alto (> 8 mts)",78,"Grande",-68.85472582,-32.898056599,5,"Residencial Sur",2423808.92355,1,0.853235407592172,0
12110,"Morera","20/01/2011 13:43","Medio (4 - 8 mts)",87,"Grande",-68.8478357173,-32.8685933109,6,"Residencial Norte",2694682.37982,0,0.991584411832118,0
23118,"Fresno europeo","17/01/2011 16:10","Medio (4 - 8 mts)",110,"Grande",-68.8478332788,-32.9017373582,2,"Barrio Civico",2366816.36021,0,0.914025162193684,0
30562,"Liquidambar","09/02/2011 11:47","Medio (4 - 8 mts)",55,"Mediano",-68.8570925934,-32.8659199523,6,"Residencial Norte",2694682.37982,0,0.856951988751809,0
42374,"Pltano","29/09/2011 11:56","Alto (> 8 mts)",240,"Grande",-68.8346922761,-32.8763110778,4,"Cuarta Este Área Fundacional",1822015.85685,0,0.156906959403796,0
41186,"Morera","15/04/2011 14:06","Alto (> 8 mts)",51,"Mediano",-68.8382475862,-32.8813100441,1,"Parque Central",1655357.93265,0,0.0295243051159643,0
33161,"Pltano","09/06/2011 08:53","Alto (> 8 mts)",150,"Grande",-68.853141423,-32.8915405501,5,"Residencial Sur",2423808.92355,0,0.000852183718700883,0
39507,"Paraiso","10/11/2010 10:31","Alto (> 8 mts)",200,"Grande",-68.8544829786,-32.8692335701,6,"Residencial Norte",2694682.37982,0,0.838064280642995,0
36369,"Braquiquito","17/03/2011 12:10","Medio (4 - 8 mts)",35,"Mediano",-68.852617508,-32.8778807882,6,"Residencial Norte",2694682.37982,0,0.863216763175087,0
21940,"Morera","02/06/2011 13:27","Alto (> 8 mts)",100,"Grande",-68.8581546487,-32.8944133881,5,"Residencial Sur",2423808.92355,0,0.988840601060815,0
12398,"Morera","21/01/2011 09:46","Alto (> 8 mts)",105,"Grande",-68.848351933,-32.8667020972,6,"Residencial Norte",2694682.37982,0,0.777303409164133,0
26421,"Fresno americano","25/10/2011 08:51","Medio (4 - 8 mts)",110,"Grande",-68.8329107853,-32.8888067698,3,"Parque O'Higgins",1531146.02653,0,0.596241598879311,0
47684,"Fresno europeo","15/09/2011 09:30","Medio (4 - 8 mts)",30,"Mediano",-68.8292863971,-32.8724111157,4,"Cuarta Este Área Fundacional",1822015.85685,0,0.572413250432211,0
25400,"Morera","14/02/2011 13:13","Alto (> 8 mts)",141,"Grande",-68.8373510818,-32.9008658434,2,"Barrio Civico",2366816.36021,0,0.282669758660897,0
37971,"Fresno europeo","10/01/2012 18:00","Bajo (2 - 4 mts)",80,"Grande",-68.8480961233,-32.8727315084,6,"Residencial Norte",2694682.37982,0,0.278584125457216,0
30319,"Fresno europeo","10/03/2011 13:15","Muy bajo (1 - 2 mts)",12,"Chico",-68.8419909359,-32.891268337,2,"Barrio Civico",2366816.36021,0,0.848626105158513,0
30778,"Morera","02/02/2011 09:04","Alto (> 8 mts)",110,"Grande",-68.8543545488,-32.8689699148,6,"Residencial Norte",2694682.37982,0,0.307642421180842,0
28697,"Morera","01/03/2011 12:26","Alto (> 8 mts)",165,"Grande",-68.8466353716,-32.8905257233,2,"Barrio Civico",2366816.36021,0,0.851932290931553,0
8955,"Morera","20/01/2011 14:10","Alto (> 8 mts)",155,"Grande",-68.8478951003,-32.8675033857,6,"Residencial Norte",2694682.37982,0,0.540162713272338,0
7503,"Fresno europeo","15/06/2011 15:11","Bajo (2 - 4 mts)",14,"Chico",-68.8569999616,-32.882261749,7,"Residencial Parque",1786336.08966,0,0.568127637532029,0
6746,"Caducifolio","16/05/2011 09:23","Bajo (2 - 4 mts)",31,"Mediano",-68.8585470807,-32.8938202403,5,"Residencial Sur",2423808.92355,0,0.954451598941026,0
27174,"Acacia SP","27/10/2011 09:34","Medio (4 - 8 mts)",130,"Grande",-68.8387551665,-32.890701371,3,"Parque O'Higgins",1531146.02653,0,0.50280719167978,0
2257,"Paraiso","28/10/2011 08:27","Alto (> 8 mts)",145,"Grande",-68.838151409,-32.892607208,3,"Parque O'Higgins",1531146.02653,0,0.55943315587407,0
32565,"Pltano","17/06/2011 11:15","Muy bajo (1 - 2 mts)",2,"Chico",-68.8539466338,-32.8901709057,5,"Residencial Sur",2423808.92355,0,0.538475066398652,0
7425,"Morera","17/06/2011 17:31","Bajo (2 - 4 mts)",22,"Mediano",-68.8571327975,-32.9003121764,5,"Residencial Sur",2423808.92355,0,0.340054054151621,0
33626,"Morera","16/05/2011 12:23","Alto (> 8 mts)",160,"Grande",-68.8549291729,-32.8876691844,5,"Residencial Sur",2423808.92355,0,0.629056696341288,0
496,"Morera","07/03/2012 09:42","Alto (> 8 mts)",150,"Grande",-68.8220500205,-32.867892716,4,"Cuarta Este Área Fundacional",1822015.85685,0,0.0310762129359959,0
17650,"Morera","20/07/2011 12:07","Alto (> 8 mts)",168,"Grande",-68.8418035027,-32.8661085174,4,"Cuarta Oeste",1173332.70145,0,0.0869949686570275,0
19037,"Morera","12/07/2011 10:45","Alto (> 8 mts)",190,"Grande",-68.840407758,-32.8719163623,4,"Cuarta Oeste",1173332.70145,0,0.57424654034686,0
22538,"Fresno americano","16/06/2011 12:05","Bajo (2 - 4 mts)",32,"Mediano",-68.8606288154,-32.9003767472,5,"Residencial Sur",2423808.92355,0,0.03506297967872,0
41412,"Morera","18/04/2011 14:20","Alto (> 8 mts)",136,"Grande",-68.8425191358,-32.8826321253,1,"Parque Central",1655357.93265,0,0.110632142386799,0
24008,"Morera","13/01/2011 10:13","Alto (> 8 mts)",125,"Grande",-68.8455998353,-32.9005290606,2,"Barrio Civico",2366816.36021,0,0.124810703722361,0
9152,"Morera","28/02/2011 12:51","Alto (> 8 mts)",96,"Grande",-68.8518522067,-32.8653719926,6,"Residencial Norte",2694682.37982,0,0.30845685831981,0
46342,"Morera","19/09/2011 14:21","Alto (> 8 mts)",166,"Grande",-68.8260478469,-32.8735462352,4,"Cuarta Este Área Fundacional",1822015.85685,0,0.533966517861921,0
45812,"Morera","01/09/2011 10:40","Medio (4 - 8 mts)",260,"Grande",-68.820422945,-32.8704443051,4,"Cuarta Este Área Fundacional",1822015.85685,0,0.672145564970205,0
18994,"Morera","13/07/2011 09:46","Alto (> 8 mts)",148,"Grande",-68.8410428588,-32.8715096954,4,"Cuarta Oeste",1173332.70145,1,0.639793788999975,0
35407,"Morera","17/06/2011 16:52","Muy bajo (1 - 2 mts)",16,"Chico",-68.855959231,-32.8834556331,5,"Residencial Sur",2423808.92355,0,0.208361418591133,0
15426,"Paraiso","17/11/2011 13:06","Bajo (2 - 4 mts)",70,"Grande",-68.8586280267,-32.8718111057,6,"Residencial Norte",2694682.37982,0,0.810955326653974,0
4399,"Morera","22/07/2011 09:03","Alto (> 8 mts)",93,"Grande",-68.8403266251,-32.8688210254,4,"Cuarta Oeste",1173332.70145,1,0.440425681622002,0
35271,"Morera","24/06/2011 09:45","Medio (4 - 8 mts)",70,"Grande",-68.8523496837,-32.8827578627,1,"Parque Central",1655357.93265,0,0.245370100593813,0
26045,"Morera","08/11/2011 16:35","Medio (4 - 8 mts)",104,"Grande",-68.8314143974,-32.8872782608,3,"Parque O'Higgins",1531146.02653,0,0.977518076519722,0
21281,"Fresno americano","13/06/2011 12:23","Alto (> 8 mts)",94,"Grande",-68.852077544,-32.8967831545,5,"Residencial Sur",2423808.92355,0,0.010394145896559,0
520,"Morera","08/03/2012 18:29","Medio (4 - 8 mts)",100,"Grande",-68.820751821,-32.8686305963,4,"Cuarta Este Área Fundacional",1822015.85685,0,0.0685016925025325,0
28890,"Fresno americano","01/03/2011 12:43","Alto (> 8 mts)",150,"Grande",-68.847820243,-32.8873488164,1,"Parque Central",1655357.93265,0,0.738826876990958,0
37824,"Paraiso","10/12/2010 10:04","Alto (> 8 mts)",130,"Grande",-68.8486783067,-32.8725115695,6,"Residencial Norte",2694682.37982,0,0.634324421144213,0
26810,"Morera","01/11/2011 08:45","Medio (4 - 8 mts)",128,"Grande",-68.8337955181,-32.8950313799,3,"Parque O'Higgins",1531146.02653,0,0.681394778276244,0
24152,"Morera","25/01/2011 11:23","Medio (4 - 8 mts)",130,"Grande",-68.8463515723,-32.9020080368,2,"Barrio Civico",2366816.36021,1,0.999226587705705,0
42725,"Morera","26/09/2011 11:20","Medio (4 - 8 mts)",86,"Grande",-68.8275920158,-32.8768015015,4,"Cuarta Este Área Fundacional",1822015.85685,0,0.475771945360403,0
15766,"Paraiso","21/11/2011 11:32","Alto (> 8 mts)",150,"Grande",-68.8725738504,-32.8780820792,7,"Residencial Parque",1786336.08966,0,0.815021671806682,0
5135,"Acacia SP","08/08/2011 11:10","Bajo (2 - 4 mts)",12,"Chico",-68.8433704732,-32.8695604281,4,"Cuarta Oeste",1173332.70145,0,0.889599034941568,0
22844,"Morera","10/05/2011 11:17","Alto (> 8 mts)",108,"Grande",-68.8567579142,-32.9005401771,5,"Residencial Sur",2423808.92355,0,0.453260962329105,0
26898,"Fresno europeo","28/10/2011 17:02","Medio (4 - 8 mts)",200,"Grande",-68.8370194479,-32.8874232755,3,"Parque O'Higgins",1531146.02653,0,0.788085818244096,0
31497,"Caducifolio","19/05/2011 10:49","Alto (> 8 mts)",95,"Grande",-68.8588829962,-32.8905737686,5,"Residencial Sur",2423808.92355,0,0.903338636641186,0
1288,"Morera","30/11/2011 18:25","Medio (4 - 8 mts)",60,"Mediano",-68.8777775401,-32.8701082573,8,"Aeroparque",2203364.73622,0,0.509092586297202,0
7803,"Morera","12/05/2011 11:49","Medio (4 - 8 mts)",110,"Grande",-68.8569758743,-32.8861817912,5,"Residencial Sur",2423808.92355,0,0.389812905081646,0
40945,"Pltano","18/04/2011 15:40","Alto (> 8 mts)",92,"Grande",-68.8408591423,-32.8856453049,1,"Parque Central",1655357.93265,0,0.867767286912673,0
25708,"Morera","04/02/2011 09:28","Medio (4 - 8 mts)",56,"Mediano",-68.8412569096,-32.902540973,2,"Barrio Civico",2366816.36021,1,0.00797290620369673,0
33731,"Morera","11/05/2011 10:24","Alto (> 8 mts)",165,"Grande",-68.8587685854,-32.8869484419,5,"Residencial Sur",2423808.92355,0,0.873026667785998,0
33978,"Morera","26/05/2011 12:59","Medio (4 - 8 mts)",120,"Grande",-68.8545133128,-32.8840001147,5,"Residencial Sur",2423808.92355,0,0.997324462600957,0
31085,"Caducifolio","09/02/2011 09:34","Medio (4 - 8 mts)",180,"Grande",-68.8543433171,-32.8650986987,6,"Residencial Norte",2694682.37982,0,0.144389037723986,0
32388,"Morera","23/05/2011 13:39","Medio (4 - 8 mts)",50,"Mediano",-68.8501617421,-32.8887642785,5,"Residencial Sur",2423808.92355,0,0.0232768966329561,0
42735,"Pltano","26/09/2011 11:06","Alto (> 8 mts)",260,"Grande",-68.8278855758,-32.8773216011,4,"Cuarta Este Área Fundacional",1822015.85685,0,0.143189979484946,0
2290,"Morera","04/11/2011 11:05","Bajo (2 - 4 mts)",25,"Mediano",-68.8400802157,-32.8941940877,2,"Barrio Civico",2366816.36021,0,0.772528196059414,0
5078,"Caducifolio","10/08/2011 10:21","Bajo (2 - 4 mts)",15,"Chico",-68.839187288,-32.8630595289,4,"Cuarta Oeste",1173332.70145,0,0.475263510232271,0
38594,"Paraiso","17/12/2010 10:59","Alto (> 8 mts)",195,"Grande",-68.8518071111,-32.8703884563,6,"Residencial Norte",2694682.37982,0,0.846311583928069,0
35812,"Morera","04/03/2011 09:10","Alto (> 8 mts)",135,"Grande",-68.8535465126,-32.8737236484,6,"Residencial Norte",2694682.37982,0,0.865748249354629,0
5587,"Fresno europeo","18/04/2011 10:02","Bajo (2 - 4 mts)",10,"Chico",-68.8375003749,-32.882159497,1,"Parque Central",1655357.93265,0,0.941955528413318,0
38511,"Morera","02/11/2010 09:52","Alto (> 8 mts)",187,"Grande",-68.8503586606,-32.8688764811,6,"Residencial Norte",2694682.37982,0,0.865908054243997,0
7498,"Fresno europeo","24/06/2011 10:00","Medio (4 - 8 mts)",52,"Mediano",-68.8638247291,-32.9001584113,5,"Residencial Sur",2423808.92355,0,0.609617508404276,0
16222,"Paraiso","20/07/2011 10:59","Alto (> 8 mts)",170,"Grande",-68.8434180652,-32.865501863,4,"Cuarta Oeste",1173332.70145,0,0.831771118827413,0
29681,"Pltano","02/03/2011 19:12","Alto (> 8 mts)",116,"Grande",-68.8404962275,-32.8944687953,2,"Barrio Civico",2366816.36021,0,0.89504143360207,0
26738,"Morera","11/01/2012 13:15","Medio (4 - 8 mts)",100,"Grande",-68.8332780414,-32.8952335417,3,"Parque O'Higgins",1531146.02653,0,0.0846671822185344,0
4536,"Morera","01/08/2011 09:04","Medio (4 - 8 mts)",140,"Grande",-68.8396047285,-32.8675462969,4,"Cuarta Oeste",1173332.70145,0,0.597556682387779,0
7284,"Morera","12/05/2011 10:49","Alto (> 8 mts)",98,"Grande",-68.8542312905,-32.9014646734,5,"Residencial Sur",2423808.92355,0,0.824164184417901,0
11411,"Morera","28/01/2011 13:53","Alto (> 8 mts)",100,"Grande",-68.8513703362,-32.9005197515,2,"Barrio Civico",2366816.36021,0,0.94687264197668,0
22701,"Paraiso","12/05/2011 12:35","Alto (> 8 mts)",102,"Grande",-68.8540193743,-32.8995521621,5,"Residencial Sur",2423808.92355,1,0.0347954776513895,0
20383,"Acacia SP","24/05/2011 10:04","Muy bajo (1 - 2 mts)",8,"Chico",-68.8620239123,-32.89429098,5,"Residencial Sur",2423808.92355,0,0.604554243687563,0
2212,"Fresno europeo","28/10/2011 10:53","Muy bajo (1 - 2 mts)",4,"Chico",-68.8382859568,-32.8928168693,2,"Barrio Civico",2366816.36021,0,0.468231934661584,0
43601,"Acacia SP","13/10/2011 12:05","Bajo (2 - 4 mts)",100,"Grande",-68.8329717857,-32.8825460091,3,"Parque O'Higgins",1531146.02653,1,0.532975084426412,0
28601,"Morera","22/02/2011 08:29","Alto (> 8 mts)",185,"Grande",-68.8499195748,-32.8903484813,5,"Residencial Sur",2423808.92355,0,0.0180364024444607,0
33844,"Morera","16/05/2011 13:12","Medio (4 - 8 mts)",130,"Grande",-68.8534399631,-32.8863319906,5,"Residencial Sur",2423808.92355,1,0.925908821470538,0
28205,"Morera","14/03/2011 18:16","Alto (> 8 mts)",112,"Grande",-68.847810012,-32.8935421336,2,"Barrio Civico",2366816.36021,1,0.842436471900123,0
44014,"Caducifolio","19/10/2011 10:12","Medio (4 - 8 mts)",50,"Mediano",-68.83133791,-32.8859687975,3,"Parque O'Higgins",1531146.02653,1,0.992274669713577,0
40535,"Morera","12/04/2011 09:44","Alto (> 8 mts)",190,"Grande",-68.8430376355,-32.8836463913,1,"Parque Central",1655357.93265,0,0.121766924104496,0
27760,"Fresno europeo","04/11/2011 09:43","Medio (4 - 8 mts)",80,"Grande",-68.8350433275,-32.8948013879,3,"Parque O'Higgins",1531146.02653,0,0.869662181439665,0
15483,"Paraiso","21/11/2011 13:05","Bajo (2 - 4 mts)",28,"Mediano",-68.8601668212,-32.8717514534,7,"Residencial Parque",1786336.08966,0,0.706836378811598,0
28922,"Pltano","28/02/2011 12:56","Alto (> 8 mts)",260,"Grande",-68.8467986119,-32.887084248,1,"Parque Central",1655357.93265,0,0.781914532195024,0
24556,"Morera","28/01/2011 14:11","Alto (> 8 mts)",180,"Grande",-68.843221652,-32.9021977316,2,"Barrio Civico",2366816.36021,0,0.301883485102506,0
3239,"Fresno europeo","29/09/2011 13:37","Muy bajo (1 - 2 mts)",3,"Chico",-68.8272006094,-32.8672846635,4,"Cuarta Este Área Fundacional",1822015.85685,0,0.64916165988222,0
15845,"Morera","29/11/2011 07:32","Medio (4 - 8 mts)",90,"Grande",-68.8729974286,-32.8772859619,7,"Residencial Parque",1786336.08966,0,0.971624916695502,0
42770,"Morera","30/09/2011 15:31","Alto (> 8 mts)",170,"Grande",-68.8302208326,-32.8789557262,4,"Cuarta Este Área Fundacional",1822015.85685,0,0.931656795105532,0
25927,"Prunas","16/02/2011 16:32","Muy bajo (1 - 2 mts)",6,"Chico",-68.8381551786,-32.902455574,2,"Barrio Civico",2366816.36021,0,0.284731972080804,0
12636,"Paraiso","17/01/2011 08:34","Alto (> 8 mts)",170,"Grande",-68.8463889129,-32.8627738115,4,"Cuarta Oeste",1173332.70145,0,0.717693732245384,0
43954,"Fresno europeo","12/10/2011 11:37","Bajo (2 - 4 mts)",26,"Mediano",-68.831266269,-32.8848054281,3,"Parque O'Higgins",1531146.02653,0,0.4600683638496,0
38674,"Fresno europeo","16/12/2010 11:58","Alto (> 8 mts)",130,"Grande",-68.8518019996,-32.8715104647,6,"Residencial Norte",2694682.37982,0,0.529464618785626,0
26699,"Olmo comun","09/11/2011 10:34","Alto (> 8 mts)",78,"Grande",-68.8322619662,-32.8929561036,3,"Parque O'Higgins",1531146.02653,0,0.550486839326997,0
47316,"Pltano","21/09/2011 11:16","Alto (> 8 mts)",250,"Grande",-68.8307625313,-32.8752588791,4,"Cuarta Este Área Fundacional",1822015.85685,0,0.0559404558470286,0
34541,"Morera","30/03/2011 10:39","Medio (4 - 8 mts)",60,"Mediano",-68.8492146917,-32.8758650199,6,"Residencial Norte",2694682.37982,0,0.118707309033356,0
11535,"Morera","23/02/2011 08:56","Medio (4 - 8 mts)",100,"Grande",-68.8528157329,-32.8658309097,6,"Residencial Norte",2694682.37982,0,0.310948330383153,0
22502,"Morera","27/06/2011 14:29","Alto (> 8 mts)",140,"Grande",-68.8590011343,-32.9003965629,5,"Residencial Sur",2423808.92355,1,0.298426187796945,0
32663,"Fresno europeo","24/06/2011 10:49","Alto (> 8 mts)",145,"Grande",-68.8503145802,-32.8903041235,5,"Residencial Sur",2423808.92355,0,0.223846355562639,0
5701,"Morera","02/05/2011 09:52","Medio (4 - 8 mts)",40,"Mediano",-68.8396847877,-32.8739347958,4,"Cuarta Oeste",1173332.70145,0,0.946353444849818,0
34330,"Fresno europeo","09/03/2011 09:01","Medio (4 - 8 mts)",80,"Grande",-68.8511990856,-32.8742805612,6,"Residencial Norte",2694682.37982,0,0.591987561474863,0
30185,"Morera","09/03/2011 13:00","Alto (> 8 mts)",140,"Grande",-68.8428832844,-32.8899052923,2,"Barrio Civico",2366816.36021,0,0.363840642236228,0
7330,"Fresno europeo","21/06/2011 11:38","Medio (4 - 8 mts)",90,"Grande",-68.8599264444,-32.9009775114,5,"Residencial Sur",2423808.92355,0,0.495595723535949,0
18872,"Morera","27/07/2011 09:00","Medio (4 - 8 mts)",65,"Grande",-68.8407080603,-32.8702829771,4,"Cuarta Oeste",1173332.70145,0,0.645372402583833,0
8362,"Morera","03/02/2011 18:26","Alto (> 8 mts)",180,"Grande",-68.8397923338,-32.902761321,2,"Barrio Civico",2366816.36021,0,0.119793826253844,0
3441,"Morera","17/08/2011 11:19","Medio (4 - 8 mts)",169,"Grande",-68.8278511768,-32.8665177143,4,"Cuarta Este Área Fundacional",1822015.85685,0,0.791964392117378,0
43823,"Morera","18/10/2011 12:57","Medio (4 - 8 mts)",124,"Grande",-68.8310969804,-32.8814877835,3,"Parque O'Higgins",1531146.02653,0,0.461361021532779,0
45214,"Prunas","28/09/2011 10:10","Muy bajo (1 - 2 mts)",4,"Chico",-68.8224505028,-32.8722744818,4,"Cuarta Este Área Fundacional",1822015.85685,0,0.671364245010076,0
26617,"Pltano","03/11/2011 11:00","Muy bajo (1 - 2 mts)",8,"Chico",-68.8334607452,-32.8900196968,3,"Parque O'Higgins",1531146.02653,0,0.122943133946799,0
4704,"Morera","16/08/2011 10:16","Medio (4 - 8 mts)",120,"Grande",-68.8370611072,-32.8659099639,4,"Cuarta Oeste",1173332.70145,0,0.783323515444454,0
13477,"Fresno europeo","02/02/2011 08:46","Alto (> 8 mts)",90,"Grande",-68.8521288321,-32.8637163149,6,"Residencial Norte",2694682.37982,0,0.191142238329271,0
11,"Morera","02/03/2012 13:09","Medio (4 - 8 mts)",110,"Grande",-68.8570150632,-32.8958572818,5,"Residencial Sur",2423808.92355,0,0.889572005714947,0
44110,"Pltano","11/11/2011 09:11","Alto (> 8 mts)",340,"Grande",-68.8290456575,-32.8851500102,3,"Parque O'Higgins",1531146.02653,0,0.096123857175331,0
21788,"Paraiso","13/05/2011 11:07","Alto (> 8 mts)",190,"Grande",-68.8562447465,-32.8932746433,5,"Residencial Sur",2423808.92355,0,0.971095969924963,0
34154,"Paraiso","10/03/2011 13:38","Medio (4 - 8 mts)",60,"Mediano",-68.8565073551,-32.8727691218,6,"Residencial Norte",2694682.37982,0,0.238431778100491,0
29144,"Paraiso","10/03/2011 13:05","Alto (> 8 mts)",136,"Grande",-68.84675705,-32.8883181255,2,"Barrio Civico",2366816.36021,0,0.832658821721133,0
6969,"Liquidambar","31/05/2011 10:53","Medio (4 - 8 mts)",22,"Mediano",-68.8608627803,-32.8961304921,5,"Residencial Sur",2423808.92355,0,0.498317699310292,0
5194,"Jacarand","05/08/2011 11:51","Bajo (2 - 4 mts)",27,"Mediano",-68.8388014567,-32.8677631589,4,"Cuarta Oeste",1173332.70145,0,0.776682610998602,0
23139,"Fresno europeo","21/01/2011 10:21","Alto (> 8 mts)",170,"Grande",-68.847670738,-32.9023673513,2,"Barrio Civico",2366816.36021,0,0.949249176573404,0
25145,"Morera","09/02/2011 15:20","Medio (4 - 8 mts)",72,"Grande",-68.8353926078,-32.8981524397,2,"Barrio Civico",2366816.36021,0,0.509098809805691,0
34728,"Morera","31/03/2011 12:50","Alto (> 8 mts)",160,"Grande",-68.8510866535,-32.8779576938,6,"Residencial Norte",2694682.37982,0,0.479460675927053,0
35748,"Morera","04/03/2011 10:26","Alto (> 8 mts)",160,"Grande",-68.8553952175,-32.8734983234,6,"Residencial Norte",2694682.37982,0,0.964906471820468,0
22789,"Pltano","17/06/2011 19:12","Alto (> 8 mts)",136,"Grande",-68.8587773489,-32.9016927776,5,"Residencial Sur",2423808.92355,0,0.662356908240361,0
45915,"Fresno americano","25/08/2011 12:35","Medio (4 - 8 mts)",210,"Grande",-68.8199767047,-32.868788287,4,"Cuarta Este Área Fundacional",1822015.85685,0,0.290668915225607,0
39171,"Fresno europeo","25/11/2010 12:33","Alto (> 8 mts)",85,"Grande",-68.8533359932,-32.8725030507,6,"Residencial Norte",2694682.37982,0,0.759536705052078,0
12431,"Morera","24/01/2011 10:40","Alto (> 8 mts)",170,"Grande",-68.8489048091,-32.8664867562,6,"Residencial Norte",2694682.37982,0,0.0725028858089468,0
4204,"Perenne","05/07/2011 12:48","Medio (4 - 8 mts)",90,"Grande",-68.8379999514,-32.8731831057,4,"Cuarta Oeste",1173332.70145,0,0.708446198232925,0
3033,"Fresno europeo","15/09/2011 12:42","Muy bajo (1 - 2 mts)",10,"Chico",-68.8276869815,-32.8726716447,4,"Cuarta Este Área Fundacional",1822015.85685,0,0.90233223074476,0
36477,"Fresno americano","18/03/2011 10:19","Alto (> 8 mts)",78,"Grande",-68.8547336225,-32.8795745915,6,"Residencial Norte",2694682.37982,0,0.363720590804524,0
18345,"Paraiso","29/07/2011 14:22","Medio (4 - 8 mts)",75,"Grande",-68.8373823396,-32.8686579809,4,"Cuarta Oeste",1173332.70145,0,0.261582130168644,0
6731,"Fresno europeo","13/05/2011 10:57","Alto (> 8 mts)",105,"Grande",-68.8566582571,-32.8932003444,5,"Residencial Sur",2423808.92355,0,0.180171429794231,0
4281,"Morera","26/07/2011 13:46","Medio (4 - 8 mts)",74,"Grande",-68.8373149596,-32.8722886174,4,"Cuarta Oeste",1173332.70145,0,0.0895303294117238,0
45266,"Fresno europeo","16/09/2011 10:28","Alto (> 8 mts)",125,"Grande",-68.8234287417,-32.8712807302,4,"Cuarta Este Área Fundacional",1822015.85685,0,0.530116049809871,0
45553,"Morera","08/09/2011 09:28","Alto (> 8 mts)",170,"Grande",-68.8206267624,-32.870575794,4,"Cuarta Este Área Fundacional",1822015.85685,0,0.840316136025412,0
42505,"Fresno europeo","30/09/2011 07:28","Alto (> 8 mts)",160,"Grande",-68.8318016226,-32.8753470876,4,"Cuarta Este Área Fundacional",1822015.85685,0,0.401523095432722,0
5395,"Aguaribay","19/04/2011 12:44","Medio (4 - 8 mts)",140,"Grande",-68.8456211193,-32.87896697,1,"Parque Central",1655357.93265,1,0.789473799649459,0
37708,"Fresno europeo","14/01/2012 17:46","Muy bajo (1 - 2 mts)",3,"Chico",-68.8511014298,-32.8721722446,6,"Residencial Norte",2694682.37982,0,0.587590353143238,0
10606,"Fresno europeo","01/04/2011 13:11","Alto (> 8 mts)",153,"Grande",-68.8506726849,-32.8763517872,6,"Residencial Norte",2694682.37982,0,0.0128745444132793,0
8665,"Paraiso","02/02/2011 09:18","Alto (> 8 mts)",86,"Grande",-68.8408476614,-32.9039214264,2,"Barrio Civico",2366816.36021,0,0.798838644956962,0
9854,"Paraiso","06/01/2011 14:33","Medio (4 - 8 mts)",140,"Grande",-68.8438075712,-32.8632559043,4,"Cuarta Oeste",1173332.70145,0,0.898157308859281,0
46334,"Morera","26/09/2011 09:43","Alto (> 8 mts)",180,"Grande",-68.8255157114,-32.8733759974,4,"Cuarta Este Área Fundacional",1822015.85685,0,0.283047663860132,0
23401,"Morera","28/01/2011 10:28","Alto (> 8 mts)",140,"Grande",-68.8498064362,-32.9014695074,2,"Barrio Civico",2366816.36021,0,0.304890958074804,0
46186,"Morera","28/09/2011 09:50","Medio (4 - 8 mts)",100,"Grande",-68.8245440867,-32.8753451775,4,"Cuarta Este Área Fundacional",1822015.85685,0,0.0694716251423422,0
18011,"Morera","29/07/2011 17:21","Alto (> 8 mts)",137,"Grande",-68.8410059914,-32.8677657232,4,"Cuarta Oeste",1173332.70145,0,0.867658520364095,0
8703,"Morera","10/02/2011 13:58","Medio (4 - 8 mts)",4,"Chico",-68.8389535467,-32.9004359235,2,"Barrio Civico",2366816.36021,0,0.843753033566545,0
24940,"Morera","09/02/2011 10:32","Alto (> 8 mts)",130,"Grande",-68.8369997709,-32.8972937915,2,"Barrio Civico",2366816.36021,0,0.938984717437245,0
8506,"Caducifolio","10/02/2011 09:09","Alto (> 8 mts)",68,"Grande",-68.8381518893,-32.8967471098,2,"Barrio Civico",2366816.36021,0,0.423252042983541,0
12274,"Morera","10/01/2011 10:23","Alto (> 8 mts)",180,"Grande",-68.8451546897,-32.8674711785,4,"Cuarta Oeste",1173332.70145,0,0.00792064555096084,0
16339,"Morera","12/08/2011 14:33","Alto (> 8 mts)",175,"Grande",-68.8421638237,-32.8644559851,4,"Cuarta Oeste",1173332.70145,0,0.134830270397862,0
19436,"Fresno europeo","01/07/2011 12:17","Alto (> 8 mts)",180,"Grande",-68.8345980209,-32.8717071182,4,"Cuarta Oeste",1173332.70145,0,0.0333574229649747,0
18906,"Morera","02/08/2011 10:04","Alto (> 8 mts)",220,"Grande",-68.8411374214,-32.8706110067,4,"Cuarta Oeste",1173332.70145,0,0.0181958864858612,0
12025,"Paraiso","28/04/2010 12:07","Medio (4 - 8 mts)",166,"Grande",-68.8530786706,-32.8666212651,6,"Residencial Norte",2694682.37982,0,0.621568156758835,0
26757,"Fresno europeo","11/01/2012 09:41","Muy bajo (1 - 2 mts)",15,"Chico",-68.8346676006,-32.8959535453,2,"Barrio Civico",2366816.36021,0,0.499978525256517,0
74,"Fresno americano","02/03/2012 13:40","Bajo (2 - 4 mts)",24,"Mediano",-68.857099465,-32.8961049763,5,"Residencial Sur",2423808.92355,0,0.403221644838418,0
38271,"Fresno europeo","02/12/2010 10:04","Alto (> 8 mts)",180,"Grande",-68.8461131526,-32.8722419895,6,"Residencial Norte",2694682.37982,0,0.750591358403455,0
37548,"Paraiso","16/11/2010 12:14","Alto (> 8 mts)",280,"Grande",-68.8575695513,-32.8695077346,6,"Residencial Norte",2694682.37982,0,0.0796469885366728,0
15423,"Paraiso","17/11/2011 13:12","Bajo (2 - 4 mts)",68,"Grande",-68.8585553151,-32.8713988951,6,"Residencial Norte",2694682.37982,0,0.926847618635602,0
23427,"Paraiso","27/01/2011 14:53","Alto (> 8 mts)",86,"Grande",-68.8502100568,-32.903110436,2,"Barrio Civico",2366816.36021,1,0.046959336298972,0
3556,"Morera","07/09/2011 09:02","Medio (4 - 8 mts)",35,"Mediano",-68.8322007476,-32.8695767434,4,"Cuarta Este Área Fundacional",1822015.85685,0,0.648257890626918,0
1734,"Fresno americano","22/11/2011 09:31","Alto (> 8 mts)",98,"Grande",-68.8728935023,-32.8790079344,7,"Residencial Parque",1786336.08966,1,0.0200087740734017,0
43921,"Morera","11/10/2011 10:04","Alto (> 8 mts)",180,"Grande",-68.8339545894,-32.8846415819,3,"Parque O'Higgins",1531146.02653,0,0.00357571226529552,0
6424,"Morera","10/05/2011 13:29","Muy bajo (1 - 2 mts)",3,"Chico",-68.8587782239,-32.8859627976,5,"Residencial Sur",2423808.92355,0,0.77273040826491,0
35034,"Fresno europeo","23/03/2011 09:36","Alto (> 8 mts)",118,"Grande",-68.8541642708,-32.8809833204,6,"Residencial Norte",2694682.37982,0,0.226337181466406,0
26725,"Ailanthus","02/11/2011 08:17","Muy bajo (1 - 2 mts)",8,"Chico",-68.8328113634,-32.8948683047,3,"Parque O'Higgins",1531146.02653,0,0.57342062305665,0
11917,"Morera","12/05/2010 12:02","Alto (> 8 mts)",135,"Grande",-68.8510953985,-32.8667796446,6,"Residencial Norte",2694682.37982,0,0.772163260226811,0
5629,"Pltano","05/05/2011 12:58","Medio (4 - 8 mts)",30,"Mediano",-68.83917572,-32.8769756773,1,"Parque Central",1655357.93265,0,0.291362413759897,0
31206,"Tilo","07/02/2011 08:34","Bajo (2 - 4 mts)",20,"Chico",-68.8535273256,-32.8642535572,6,"Residencial Norte",2694682.37982,0,0.00231736609256172,0
24216,"Fresno europeo","26/01/2011 09:16","Medio (4 - 8 mts)",84,"Grande",-68.8457699623,-32.9016590881,2,"Barrio Civico",2366816.36021,0,0.312426830664061,0
25109,"Morera","11/02/2011 10:24","Alto (> 8 mts)",135,"Grande",-68.836902051,-32.8988697104,2,"Barrio Civico",2366816.36021,0,0.135277215438424,0
19153,"Morera","20/07/2011 10:03","Alto (> 8 mts)",145,"Grande",-68.8399477434,-32.8727008796,4,"Cuarta Oeste",1173332.70145,0,0.601138402910417,0
5820,"Paraiso","03/05/2011 11:23","Medio (4 - 8 mts)",85,"Grande",-68.8430961439,-32.8747627339,1,"Parque Central",1655357.93265,0,0.914769074520616,0
8369,"Tilo","17/02/2011 15:16","Muy bajo (1 - 2 mts)",26,"Mediano",-68.8392672313,-32.9011053855,2,"Barrio Civico",2366816.36021,0,0.359560167700487,0
22797,"Morera","17/06/2011 16:54","Alto (> 8 mts)",112,"Grande",-68.8595384325,-32.9016814413,5,"Residencial Sur",2423808.92355,0,0.164355723702717,0
40105,"Fresno europeo","14/04/2011 13:21","Medio (4 - 8 mts)",110,"Grande",-68.8447069826,-32.8799664129,1,"Parque Central",1655357.93265,0,0.224482698072742,0
35732,"Fresno europeo","09/03/2011 09:34","Medio (4 - 8 mts)",195,"Grande",-68.8546394322,-32.8739722596,6,"Residencial Norte",2694682.37982,0,0.929079744325481,0
45552,"Morera","08/09/2011 09:33","Alto (> 8 mts)",116,"Grande",-68.8206140229,-32.8705348388,4,"Cuarta Este Área Fundacional",1822015.85685,1,0.204127371613428,0
14498,"Paraiso","30/11/2011 17:51","Bajo (2 - 4 mts)",16,"Chico",-68.8791533858,-32.8664044066,8,"Aeroparque",2203364.73622,0,0.475144722908024,0
19170,"Morera","18/07/2011 10:30","Alto (> 8 mts)",140,"Grande",-68.8406531557,-32.8731927525,4,"Cuarta Oeste",1173332.70145,0,0.487615535591269,0
8233,"Fresno europeo","28/02/2011 18:48","Bajo (2 - 4 mts)",14,"Chico",-68.8438271047,-32.8926413116,2,"Barrio Civico",2366816.36021,0,0.511644376077123,0
18395,"Morera","02/08/2011 14:33","Alto (> 8 mts)",189,"Grande",-68.8389227321,-32.8687892767,4,"Cuarta Oeste",1173332.70145,0,0.556388340742331,0
47986,"Morera","31/08/2011 09:51","Medio (4 - 8 mts)",75,"Grande",-68.825872203,-32.8700788564,4,"Cuarta Este Área Fundacional",1822015.85685,0,0.712185581486815,0
15890,"Jacarand","28/11/2011 12:44","Bajo (2 - 4 mts)",35,"Mediano",-68.8720246893,-32.8760480709,7,"Residencial Parque",1786336.08966,0,0.40476403741426,0
30845,"Morera","15/02/2011 10:20","Muy bajo (1 - 2 mts)",7,"Chico",-68.8556991497,-32.8659448355,6,"Residencial Norte",2694682.37982,0,0.225343319880842,0
36625,"Morera","15/06/2011 09:27","Medio (4 - 8 mts)",110,"Grande",-68.8583781513,-32.8822623208,7,"Residencial Parque",1786336.08966,0,0.249635428606041,0
32348,"Morera","09/05/2011 11:26","Alto (> 8 mts)",120,"Grande",-68.8517422154,-32.8928347035,5,"Residencial Sur",2423808.92355,0,0.469171707827185,0
13703,"Paraiso sombrilla","18/02/2011 14:19","Muy bajo (1 - 2 mts)",15,"Chico",-68.8531124806,-32.8655738281,6,"Residencial Norte",2694682.37982,0,0.926356834721146,0
12718,"Morera","19/01/2011 11:29","Alto (> 8 mts)",160,"Grande",-68.8472897383,-32.8628016333,4,"Cuarta Oeste",1173332.70145,0,0.445616744257319,0
30123,"Fresno americano","26/04/2011 09:30","Medio (4 - 8 mts)",70,"Grande",-68.8418402882,-32.8868918999,3,"Parque O'Higgins",1531146.02653,1,0.629315690296241,0
27187,"Acacia SP","26/10/2011 12:38","Medio (4 - 8 mts)",100,"Grande",-68.8357773648,-32.8910015535,3,"Parque O'Higgins",1531146.02653,1,0.264301555747782,0
42491,"Morera","30/09/2011 09:14","Alto (> 8 mts)",200,"Grande",-68.8307822262,-32.8754971269,4,"Cuarta Este Área Fundacional",1822015.85685,1,0.637051389001879,0
20988,"Olmo comun","22/06/2011 11:40","Alto (> 8 mts)",140,"Grande",-68.8646642694,-32.9012914365,5,"Residencial Sur",2423808.92355,0,0.108860134656074,0
35606,"Acer","16/03/2011 12:55","Medio (4 - 8 mts)",76,"Grande",-68.8566573923,-32.8740867591,6,"Residencial Norte",2694682.37982,0,0.851128068639164,0
42400,"Morera","29/09/2011 10:49","Alto (> 8 mts)",160,"Grande",-68.8343317296,-32.8752162363,4,"Cuarta Este Área Fundacional",1822015.85685,0,0.0951147115672629,0
35941,"Morera","23/03/2011 09:43","Medio (4 - 8 mts)",120,"Grande",-68.8540917257,-32.8757951563,6,"Residencial Norte",2694682.37982,0,0.960628776871631,0
18401,"Caducifolio","09/08/2011 10:02","Medio (4 - 8 mts)",77,"Grande",-68.840102604,-32.8735164794,4,"Cuarta Oeste",1173332.70145,0,0.553221463002119,0
9159,"Paraiso","01/03/2011 13:42","Alto (> 8 mts)",155,"Grande",-68.851180681,-32.8661962845,6,"Residencial Norte",2694682.37982,0,0.0840705740795412,0
26232,"Fresno europeo","19/10/2011 09:53","Bajo (2 - 4 mts)",23,"Mediano",-68.8302399076,-32.8886245071,3,"Parque O'Higgins",1531146.02653,0,0.570075175532642,0
12391,"Morera","21/01/2011 10:14","Alto (> 8 mts)",125,"Grande",-68.84803328,-32.8663249256,6,"Residencial Norte",2694682.37982,0,0.574896330333237,0
1350,"Fresno americano","29/11/2011 13:06","Bajo (2 - 4 mts)",30,"Mediano",-68.8772632269,-32.8652185473,8,"Aeroparque",2203364.73622,0,0.759741430562493,0
31913,"Morera","01/06/2011 10:17","Medio (4 - 8 mts)",90,"Grande",-68.8574749531,-32.8840216488,5,"Residencial Sur",2423808.92355,0,0.800497579084869,0
5519,"Morera","27/04/2011 12:45","Bajo (2 - 4 mts)",10,"Chico",-68.8382064971,-32.8761794386,1,"Parque Central",1655357.93265,0,0.42585258469,0
19246,"Morera","03/08/2011 12:39","Alto (> 8 mts)",116,"Grande",-68.8378850847,-32.8699926001,4,"Cuarta Oeste",1173332.70145,0,0.567668012649843,0
37686,"Fresno europeo","24/02/2012 08:40","Medio (4 - 8 mts)",120,"Grande",-68.8521977907,-32.8725130723,6,"Residencial Norte",2694682.37982,1,0.367734337137124,0
19951,"Morera","05/08/2011 10:11","Alto (> 8 mts)",185,"Grande",-68.8338011175,-32.8639167619,4,"Cuarta Oeste",1173332.70145,0,0.67966541542814,0
40164,"Fresno europeo","14/04/2011 10:01","Bajo (2 - 4 mts)",50,"Mediano",-68.844612295,-32.8801552902,1,"Parque Central",1655357.93265,0,0.444936973244897,0
39510,"Fresno europeo","10/11/2010 10:41","Alto (> 8 mts)",65,"Grande",-68.8545043668,-32.8694249409,6,"Residencial Norte",2694682.37982,0,0.787789717493856,0
4217,"Fresno europeo","07/07/2011 10:31","Medio (4 - 8 mts)",85,"Grande",-68.8382001495,-32.8732383709,4,"Cuarta Oeste",1173332.70145,0,0.715445128693609,0
46466,"Fresno europeo","17/08/2011 09:27","Medio (4 - 8 mts)",80,"Grande",-68.8318850875,-32.8676760726,4,"Cuarta Oeste",1173332.70145,0,0.462115964418174,0
41960,"Morera","19/04/2011 10:29","Alto (> 8 mts)",60,"Mediano",-68.8390161951,-32.8791517519,1,"Parque Central",1655357.93265,0,0.498608165039231,0
33497,"Morera","17/06/2011 09:49","Medio (4 - 8 mts)",54,"Mediano",-68.8551959259,-32.8899412549,5,"Residencial Sur",2423808.92355,0,0.794285860564578,0
40516,"Pltano","12/04/2011 10:26","Alto (> 8 mts)",150,"Grande",-68.8441356263,-32.8833692316,1,"Parque Central",1655357.93265,0,0.158381816046202,0
29367,"Morera","20/04/2011 10:34","Medio (4 - 8 mts)",100,"Grande",-68.8424686028,-32.8868337889,1,"Parque Central",1655357.93265,1,0.718526019177105,0
15239,"Acer","16/11/2011 12:25","Bajo (2 - 4 mts)",22,"Mediano",-68.8603020212,-32.8693179135,6,"Residencial Norte",2694682.37982,0,0.451642021108954,0
41937,"Morera","19/04/2011 13:01","Bajo (2 - 4 mts)",24,"Mediano",-68.8378007974,-32.8785509165,1,"Parque Central",1655357.93265,0,0.206759646806599,0
46543,"Morera","07/09/2011 10:51","Alto (> 8 mts)",190,"Grande",-68.8330016936,-32.869123345,4,"Cuarta Oeste",1173332.70145,0,0.260549626640173,0
8504,"Ailanthus","16/02/2011 09:07","Alto (> 8 mts)",60,"Mediano",-68.8379476858,-32.8965352006,2,"Barrio Civico",2366816.36021,0,0.623578505841177,0
25828,"Morera","03/02/2011 18:30","Alto (> 8 mts)",72,"Grande",-68.8396789217,-32.9027201091,2,"Barrio Civico",2366816.36021,1,0.0894312246247376,0
3624,"Fresno europeo","29/08/2011 09:17","Medio (4 - 8 mts)",102,"Grande",-68.8243862844,-32.8690354371,4,"Cuarta Este Área Fundacional",1822015.85685,0,0.247698299214497,0
41049,"Fresno europeo","28/04/2011 10:50","Bajo (2 - 4 mts)",32,"Mediano",-68.8374467452,-32.882280888,1,"Parque Central",1655357.93265,0,0.545611824136121,0
32947,"Morera","23/05/2011 10:34","Alto (> 8 mts)",160,"Grande",-68.8503960318,-32.888492808,5,"Residencial Sur",2423808.92355,0,0.774130002679979,0
13460,"Morera","02/02/2011 13:05","Alto (> 8 mts)",126,"Grande",-68.8528351264,-32.863653882,6,"Residencial Norte",2694682.37982,0,0.902280396102295,0
39135,"Fresno europeo","15/01/2012 19:02","Bajo (2 - 4 mts)",36,"Mediano",-68.8540628375,-32.8716971549,6,"Residencial Norte",2694682.37982,0,0.411189088829633,0
29983,"Pltano","28/04/2011 09:57","Alto (> 8 mts)",160,"Grande",-68.8418792027,-32.8857604825,1,"Parque Central",1655357.93265,0,0.668968112638505,0
34177,"Morera","03/03/2011 12:54","Alto (> 8 mts)",140,"Grande",-68.8535243155,-32.8741625688,6,"Residencial Norte",2694682.37982,0,0.705655398350074,0
18017,"Morera","29/07/2011 17:11","Medio (4 - 8 mts)",35,"Mediano",-68.8413098071,-32.8675907293,4,"Cuarta Oeste",1173332.70145,0,0.535563769544463,0
12481,"Prunas","25/01/2011 10:04","Bajo (2 - 4 mts)",35,"Mediano",-68.849384808,-32.8669535789,6,"Residencial Norte",2694682.37982,0,0.954046279865362,0
755,"Paraiso","15/12/2011 08:12","Muy bajo (1 - 2 mts)",2,"Chico",-68.8803697018,-32.8666762384,8,"Aeroparque",2203364.73622,0,0.662629254946313,0
7347,"Jacarand","23/06/2011 10:24","Muy bajo (1 - 2 mts)",12,"Chico",-68.8624656216,-32.9008622115,5,"Residencial Sur",2423808.92355,0,0.975355752153568,0
11598,"Morera","10/05/2010 10:52","Medio (4 - 8 mts)",134,"Grande",-68.8525496603,-32.8670217166,6,"Residencial Norte",2694682.37982,0,0.933424588567456,0
17712,"Paraiso","18/07/2011 09:15","Alto (> 8 mts)",170,"Grande",-68.8424803823,-32.8676070867,4,"Cuarta Oeste",1173332.70145,0,0.641000742413352,0
3003,"Morera","15/09/2011 13:01","Alto (> 8 mts)",140,"Grande",-68.8306294077,-32.8726054186,4,"Cuarta Este Área Fundacional",1822015.85685,0,0.723011048223943,0
320,"Morera","07/03/2012 11:02","Medio (4 - 8 mts)",150,"Grande",-68.8201615859,-32.867324059,4,"Cuarta Este Área Fundacional",1822015.85685,0,0.508204224592268,0
6926,"Morera","08/06/2011 09:13","Alto (> 8 mts)",106,"Grande",-68.8553440129,-32.8961349688,5,"Residencial Sur",2423808.92355,1,0.338042161563722,0
46287,"Acacia SP","27/09/2011 09:44","Medio (4 - 8 mts)",55,"Mediano",-68.8229364867,-32.8739829783,4,"Cuarta Este Área Fundacional",1822015.85685,0,0.191199560000267,0
14232,"Fresno americano","07/12/2011 16:25","Bajo (2 - 4 mts)",25,"Mediano",-68.877305358,-32.8659272312,8,"Aeroparque",2203364.73622,0,0.746804645294418,0
5731,"Morera","04/05/2011 11:26","Bajo (2 - 4 mts)",11,"Chico",-68.8399943458,-32.8788317933,1,"Parque Central",1655357.93265,0,0.760774169315992,0
37299,"Acacia SP","17/03/2011 09:53","Alto (> 8 mts)",135,"Grande",-68.857841412,-32.8756635022,6,"Residencial Norte",2694682.37982,0,0.596746893136899,0
46218,"Morera","27/09/2011 12:08","Alto (> 8 mts)",200,"Grande",-68.8261883918,-32.8748982495,4,"Cuarta Este Área Fundacional",1822015.85685,0,0.562434883151572,0
10400,"Fresno europeo","14/03/2011 13:56","Medio (4 - 8 mts)",35,"Mediano",-68.8582971009,-32.8729661696,6,"Residencial Norte",2694682.37982,0,0.762602785112336,0
36606,"Aguaribay","15/06/2011 13:46","Bajo (2 - 4 mts)",64,"Grande",-68.8571406444,-32.8827765708,5,"Residencial Sur",2423808.92355,0,0.748289999600834,0
35134,"Fresno americano","28/03/2011 10:03","Medio (4 - 8 mts)",83,"Grande",-68.8531553633,-32.8800019419,6,"Residencial Norte",2694682.37982,0,0.926075293149063,0
23780,"Tilo","26/01/2011 15:08","Medio (4 - 8 mts)",68,"Grande",-68.8507923332,-32.9000821752,2,"Barrio Civico",2366816.36021,0,0.54713643944739,0
13538,"Fresno europeo","01/02/2011 12:55","Muy bajo (1 - 2 mts)",6,"Chico",-68.851358064,-32.8639129016,6,"Residencial Norte",2694682.37982,0,0.122231279623353,0
24951,"Paraiso","16/02/2011 12:15","Alto (> 8 mts)",93,"Grande",-68.8368220364,-32.8966427132,2,"Barrio Civico",2366816.36021,0,0.126670010683958,0
10191,"Liquidambar","20/12/2010 10:04","Medio (4 - 8 mts)",38,"Mediano",-68.8524943236,-32.8713464704,6,"Residencial Norte",2694682.37982,0,0.750407272128639,0
40859,"Fresno americano","08/04/2011 09:45","Alto (> 8 mts)",162,"Grande",-68.8396497393,-32.8849828198,1,"Parque Central",1655357.93265,0,0.0932442730997386,0
15870,"Morera","28/11/2011 21:04","Medio (4 - 8 mts)",66,"Grande",-68.8725401791,-32.8770047255,7,"Residencial Parque",1786336.08966,0,0.0759922769789628,0
14426,"Aguaribay","02/12/2011 09:33","Medio (4 - 8 mts)",86,"Grande",-68.8785937882,-32.8684784656,8,"Aeroparque",2203364.73622,0,0.364700290635931,0
12566,"Morera","11/01/2011 09:00","Alto (> 8 mts)",110,"Grande",-68.8447340492,-32.86278313,4,"Cuarta Oeste",1173332.70145,0,0.271684762202503,0
36024,"Morera","18/03/2011 11:07","Alto (> 8 mts)",180,"Grande",-68.8559909348,-32.8752168982,6,"Residencial Norte",2694682.37982,0,0.319992463886216,0
12622,"Morera","17/01/2011 09:24","Medio (4 - 8 mts)",130,"Grande",-68.8461679988,-32.8633745201,4,"Cuarta Oeste",1173332.70145,0,0.144712248153977,0
11499,"Morera","22/02/2011 11:35","Alto (> 8 mts)",70,"Grande",-68.8537945855,-32.8664302898,6,"Residencial Norte",2694682.37982,0,0.0239680615111242,0
1498,"Fresno europeo","24/11/2011 11:24","Bajo (2 - 4 mts)",30,"Mediano",-68.8719912587,-32.876403186,7,"Residencial Parque",1786336.08966,0,0.35754883589026,0
43530,"Prunas","19/10/2011 17:26","Bajo (2 - 4 mts)",26,"Mediano",-68.8310230368,-32.8824986612,3,"Parque O'Higgins",1531146.02653,0,0.799024793652406,0
20160,"Morera","13/05/2011 10:04","Alto (> 8 mts)",168,"Grande",-68.8590070154,-32.8921642219,5,"Residencial Sur",2423808.92355,1,0.889502770856889,0
6616,"Liquidambar","11/05/2011 09:55","Alto (> 8 mts)",52,"Mediano",-68.8548716137,-32.8925622531,5,"Residencial Sur",2423808.92355,0,0.704619587943854,0
12343,"Morera","18/01/2011 09:38","Alto (> 8 mts)",160,"Grande",-68.8470408566,-32.8662564163,6,"Residencial Norte",2694682.37982,0,0.925964653362123,0
12310,"Paraiso","12/01/2011 14:18","Alto (> 8 mts)",115,"Grande",-68.8467965684,-32.8663082119,6,"Residencial Norte",2694682.37982,0,0.0277800741569877,0
21395,"Paraiso","11/05/2011 10:08","Alto (> 8 mts)",135,"Grande",-68.8549740715,-32.8929504834,5,"Residencial Sur",2423808.92355,0,0.610601889384271,0
2744,"Fresno europeo","14/10/2011 11:37","Alto (> 8 mts)",200,"Grande",-68.8302442689,-32.885079448,3,"Parque O'Higgins",1531146.02653,0,0.290428616022641,0
42980,"Pltano","06/10/2011 17:58","Alto (> 8 mts)",152,"Grande",-68.8337238855,-32.8780490009,4,"Cuarta Este Área Fundacional",1822015.85685,1,0.897240001999744,0
20219,"Morera","26/05/2011 13:02","Alto (> 8 mts)",160,"Grande",-68.8604759229,-32.8939298041,5,"Residencial Sur",2423808.92355,1,0.0989198229250189,0
5743,"Morera","04/05/2011 09:54","Bajo (2 - 4 mts)",33,"Mediano",-68.8391763749,-32.8784971764,1,"Parque Central",1655357.93265,0,0.73267740633538,0
38209,"Morera","24/08/2010 11:29","Muy bajo (1 - 2 mts)",12,"Chico",-68.8474149291,-32.8739355463,6,"Residencial Norte",2694682.37982,0,0.488802552454019,0
18627,"Pltano","04/07/2011 11:04","Alto (> 8 mts)",320,"Grande",-68.8356709672,-32.8759566701,1,"Parque Central",1655357.93265,1,0.953874224122468,0
24543,"Morera","27/01/2011 12:35","Alto (> 8 mts)",103,"Grande",-68.8435385389,-32.9015681305,2,"Barrio Civico",2366816.36021,0,0.464845875999965,0
26940,"Fresno europeo","01/11/2011 17:19","Alto (> 8 mts)",200,"Grande",-68.8359621014,-32.8874690516,3,"Parque O'Higgins",1531146.02653,0,0.247493093873883,0
4477,"Morera","28/07/2011 13:56","Medio (4 - 8 mts)",38,"Mediano",-68.8395094802,-32.8679600472,4,"Cuarta Oeste",1173332.70145,0,0.247842423316084,0
11745,"Morera","02/06/2010 11:11","Medio (4 - 8 mts)",55,"Mediano",-68.8502422674,-32.8675600198,6,"Residencial Norte",2694682.37982,0,0.0932070788748381,0
605,"Fresno europeo","08/03/2012 08:22","Medio (4 - 8 mts)",50,"Mediano",-68.8193692492,-32.8679812417,4,"Cuarta Este Área Fundacional",1822015.85685,0,0.964491611240672,0
42386,"Morera","29/09/2011 11:38","Alto (> 8 mts)",160,"Grande",-68.8336516793,-32.876087632,4,"Cuarta Este Área Fundacional",1822015.85685,0,0.447113628012728,0
33271,"Pltano","29/06/2011 11:34","Alto (> 8 mts)",220,"Grande",-68.8553324685,-32.8910185738,5,"Residencial Sur",2423808.92355,0,0.158115743223268,0
24403,"Morera","21/01/2011 09:59","Alto (> 8 mts)",200,"Grande",-68.8446507019,-32.9028701615,2,"Barrio Civico",2366816.36021,0,0.990169063917538,0
28568,"Pltano","23/02/2011 08:32","Alto (> 8 mts)",200,"Grande",-68.8491459316,-32.8910393129,5,"Residencial Sur",2423808.92355,0,0.444653675477582,0
2394,"Morera","21/10/2011 10:26","Medio (4 - 8 mts)",70,"Grande",-68.831519795,-32.8909439174,3,"Parque O'Higgins",1531146.02653,1,0.0618951808674105,0
33219,"Pltano","09/05/2011 12:16","Alto (> 8 mts)",180,"Grande",-68.8546869844,-32.8918480128,5,"Residencial Sur",2423808.92355,0,0.736643149211208,0
7700,"Fresno europeo","24/05/2011 09:20","Medio (4 - 8 mts)",140,"Grande",-68.8523299859,-32.8839832515,5,"Residencial Sur",2423808.92355,0,0.40953852947282,0
13499,"Fresno europeo","31/01/2011 12:30","Muy bajo (1 - 2 mts)",6,"Chico",-68.8515927933,-32.8633415784,6,"Residencial Norte",2694682.37982,0,0.696776678455,0
20633,"Fresno europeo","06/06/2011 10:58","Medio (4 - 8 mts)",73,"Grande",-68.8593019256,-32.8960598601,5,"Residencial Sur",2423808.92355,0,0.00720306786857849,0
4026,"Morera","21/09/2011 12:17","Alto (> 8 mts)",145,"Grande",-68.8305265108,-32.8740233378,4,"Cuarta Este Área Fundacional",1822015.85685,1,0.00957084167469235,0
25118,"Paraiso","11/02/2011 09:54","Alto (> 8 mts)",100,"Grande",-68.8362268882,-32.8989912332,2,"Barrio Civico",2366816.36021,0,0.174232418850636,0
28708,"Fresno europeo","01/03/2011 11:46","Medio (4 - 8 mts)",20,"Chico",-68.8473885323,-32.8906929022,2,"Barrio Civico",2366816.36021,0,0.891843067159458,0
34115,"Morera","09/03/2011 13:38","Alto (> 8 mts)",130,"Grande",-68.8554959589,-32.8733110831,6,"Residencial Norte",2694682.37982,0,0.208504372786225,0
41605,"Pltano","05/05/2011 11:11","Alto (> 8 mts)",172,"Grande",-68.8359676528,-32.8770880535,1,"Parque Central",1655357.93265,0,0.0425622356780587,0
13925,"Fresno europeo","30/11/2011 12:03","Muy bajo (1 - 2 mts)",15,"Chico",-68.8755672575,-32.8657861322,8,"Aeroparque",2203364.73622,0,0.138884010943754,0
30039,"Acacia SP","05/05/2011 09:33","Alto (> 8 mts)",80,"Grande",-68.839853571,-32.8868452203,3,"Parque O'Higgins",1531146.02653,1,0.00172022415084461,0
13534,"Morera","01/02/2011 12:43","Medio (4 - 8 mts)",90,"Grande",-68.8513235421,-32.8642665912,6,"Residencial Norte",2694682.37982,0,0.144020219140056,0
36116,"Morera","05/04/2011 10:46","Alto (> 8 mts)",143,"Grande",-68.8553812591,-32.8772326524,6,"Residencial Norte",2694682.37982,0,0.44746011966937,0
24104,"Fresno europeo","11/01/2011 09:58","Alto (> 8 mts)",110,"Grande",-68.8465482001,-32.9018957979,2,"Barrio Civico",2366816.36021,0,0.376758485451203,0
28153,"Tipa","23/02/2011 16:24","Alto (> 8 mts)",162,"Grande",-68.8484709325,-32.8922783161,2,"Barrio Civico",2366816.36021,0,0.380631139003718,0
34075,"Acacia visco","31/05/2011 13:25","Bajo (2 - 4 mts)",110,"Grande",-68.8564228587,-32.8846854437,5,"Residencial Sur",2423808.92355,0,0.105381242965228,0
47512,"Morera","29/08/2011 14:04","Alto (> 8 mts)",150,"Grande",-68.8267820409,-32.8711084971,4,"Cuarta Este Área Fundacional",1822015.85685,0,0.498591314967151,0
24714,"Pltano","17/02/2011 11:26","Alto (> 8 mts)",250,"Grande",-68.8413962567,-32.8987224929,2,"Barrio Civico",2366816.36021,0,0.208180806319965,0
9966,"Fresno europeo","11/11/2010 13:28","Muy bajo (1 - 2 mts)",5,"Chico",-68.8555827715,-32.8698790667,6,"Residencial Norte",2694682.37982,0,0.935437415688268,0
136,"Morera","29/02/2012 10:08","Bajo (2 - 4 mts)",24,"Mediano",-68.8578758998,-32.864085761,6,"Residencial Norte",2694682.37982,0,0.323242987553952,0
6404,"Acer","17/05/2011 09:14","Medio (4 - 8 mts)",77,"Grande",-68.8538562542,-32.8868664599,5,"Residencial Sur",2423808.92355,0,0.152879190414482,0
11200,"Caducifolio","26/01/2011 10:54","Bajo (2 - 4 mts)",38,"Mediano",-68.8441886229,-32.9028267779,2,"Barrio Civico",2366816.36021,0,0.496169147948456,0
14331,"Acer","01/12/2011 12:44","Bajo (2 - 4 mts)",22,"Mediano",-68.8779954938,-32.8671293432,8,"Aeroparque",2203364.73622,0,0.85377994487617,0
17344,"Acacia SP","05/08/2011 07:46","Alto (> 8 mts)",75,"Grande",-68.835584731,-32.8658379174,4,"Cuarta Oeste",1173332.70145,0,0.745265332216077,0
44056,"Fresno europeo","14/10/2011 12:01","Medio (4 - 8 mts)",130,"Grande",-68.8299414694,-32.886135072,3,"Parque O'Higgins",1531146.02653,0,0.782807837693984,0
6408,"Morera","16/05/2011 13:45","Alto (> 8 mts)",138,"Grande",-68.854076412,-32.8878307962,5,"Residencial Sur",2423808.92355,0,0.878819762510318,0
1423,"Morera","22/11/2011 17:30","Medio (4 - 8 mts)",52,"Mediano",-68.8712893765,-32.8786792542,7,"Residencial Parque",1786336.08966,0,0.549505070800449,0
6049,"Fresno europeo","14/04/2011 12:50","Bajo (2 - 4 mts)",22,"Mediano",-68.8462186554,-32.8813527454,1,"Parque Central",1655357.93265,0,0.492047206602499,0
7760,"Prunas","17/05/2011 09:16","Bajo (2 - 4 mts)",50,"Mediano",-68.8525410887,-32.8860246156,5,"Residencial Sur",2423808.92355,0,0.566303038220628,0
4181,"Paraiso","07/07/2011 09:32","Medio (4 - 8 mts)",70,"Grande",-68.8367114827,-32.874963326,1,"Parque Central",1655357.93265,0,0.544333602865246,0
8849,"Fresno europeo","31/01/2011 13:37","Medio (4 - 8 mts)",48,"Mediano",-68.8538203077,-32.8676856245,6,"Residencial Norte",2694682.37982,0,0.973512215877221,0
6829,"Caducifolio","24/05/2011 10:12","Bajo (2 - 4 mts)",14,"Chico",-68.8616699994,-32.8943042379,5,"Residencial Sur",2423808.92355,0,0.0189254376933427,0
37504,"Paraiso","15/11/2010 10:13","Alto (> 8 mts)",130,"Grande",-68.8562645137,-32.869304623,6,"Residencial Norte",2694682.37982,0,0.330418962120723,0
3525,"Paraiso","05/09/2011 09:42","Medio (4 - 8 mts)",149,"Grande",-68.827269931,-32.8683796263,4,"Cuarta Este Área Fundacional",1822015.85685,0,0.195402026420477,0
26024,"Fresno americano","09/11/2011 16:58","Medio (4 - 8 mts)",130,"Grande",-68.832314723,-32.8861746148,3,"Parque O'Higgins",1531146.02653,0,0.852833815506673,0
40775,"Fresno europeo","25/04/2011 14:42","Alto (> 8 mts)",130,"Grande",-68.8411611061,-32.8845773134,1,"Parque Central",1655357.93265,0,0.0608887150862583,0
7621,"Morera","07/06/2011 09:53","Medio (4 - 8 mts)",66,"Grande",-68.8585294378,-32.8835054737,5,"Residencial Sur",2423808.92355,0,0.837235885994925,0
6515,"Acacia SP","06/05/2011 12:22","Alto (> 8 mts)",120,"Grande",-68.8512490087,-32.8927384979,5,"Residencial Sur",2423808.92355,1,0.556530602503144,0
26825,"Morera","09/11/2011 12:03","Alto (> 8 mts)",230,"Grande",-68.8334305165,-32.8940186274,3,"Parque O'Higgins",1531146.02653,1,0.501856889748558,0
19285,"Morera","13/07/2011 21:16","Alto (> 8 mts)",200,"Grande",-68.8362013612,-32.8698763424,4,"Cuarta Oeste",1173332.70145,0,0.223801050376646,0
39724,"Paraiso","29/04/2011 10:30","Alto (> 8 mts)",125,"Grande",-68.8465766187,-32.8818273798,1,"Parque Central",1655357.93265,0,0.213554033029787,0
1815,"Aguaribay","24/11/2011 13:01","Alto (> 8 mts)",145,"Grande",-68.8709098743,-32.8797547692,7,"Residencial Parque",1786336.08966,0,0.378964191033532,0
6774,"Perenne","23/05/2011 09:19","Bajo (2 - 4 mts)",250,"Grande",-68.8570148154,-32.8950694877,5,"Residencial Sur",2423808.92355,0,0.951677900061468,0
37201,"Morera","14/03/2011 12:00","Alto (> 8 mts)",114,"Grande",-68.8576262618,-32.8725633,6,"Residencial Norte",2694682.37982,0,0.988364831831442,0
874,"Aguaribay","14/12/2011 11:25","Bajo (2 - 4 mts)",50,"Mediano",-68.8802638316,-32.8656702354,8,"Aeroparque",2203364.73622,0,0.333348263322345,0
20976,"lamo criollo","22/06/2011 12:04","Alto (> 8 mts)",195,"Grande",-68.8640388732,-32.9005537452,5,"Residencial Sur",2423808.92355,0,0.283378436117061,0
35324,"Fresno europeo","23/06/2011 10:45","Bajo (2 - 4 mts)",60,"Mediano",-68.854106482,-32.8824958879,5,"Residencial Sur",2423808.92355,0,0.954931980380131,0
37530,"Paraiso","17/11/2010 12:09","Medio (4 - 8 mts)",80,"Grande",-68.8577430087,-32.8705516435,6,"Residencial Norte",2694682.37982,0,0.893396541836371,0
33119,"Acer","27/06/2011 11:43","Medio (4 - 8 mts)",58,"Mediano",-68.8538213008,-32.8903035018,5,"Residencial Sur",2423808.92355,0,0.781269910209019,0
18825,"Morera","09/08/2011 11:36","Alto (> 8 mts)",196,"Grande",-68.8356726797,-32.8690043418,4,"Cuarta Oeste",1173332.70145,0,0.93357148621306,0
34206,"Fresno europeo","03/03/2011 13:30","Medio (4 - 8 mts)",100,"Grande",-68.8528576202,-32.8741832467,6,"Residencial Norte",2694682.37982,0,0.954112483848235,0
27866,"Morera","07/11/2011 08:45","Medio (4 - 8 mts)",62,"Grande",-68.8350432872,-32.8929200099,3,"Parque O'Higgins",1531146.02653,1,0.496894283644924,0
48355,"Morera","17/08/2011 11:01","Bajo (2 - 4 mts)",40,"Mediano",-68.8281831869,-32.8665210218,4,"Cuarta Este Área Fundacional",1822015.85685,0,0.883564014856495,0
16908,"Morera","27/07/2011 10:54","Medio (4 - 8 mts)",41,"Mediano",-68.8388182058,-32.8662830954,4,"Cuarta Oeste",1173332.70145,0,0.648970232089451,0
24264,"Morera","19/01/2011 13:58","Alto (> 8 mts)",200,"Grande",-68.8442186222,-32.9004987891,2,"Barrio Civico",2366816.36021,0,0.172286507785204,0
5702,"Morera","02/05/2011 10:15","Alto (> 8 mts)",175,"Grande",-68.8402421447,-32.8743998893,1,"Parque Central",1655357.93265,0,0.651578201285957,0
533,"Morera","08/03/2012 17:55","Medio (4 - 8 mts)",120,"Grande",-68.8214265293,-32.868357311,4,"Cuarta Este Área Fundacional",1822015.85685,0,0.75436449887607,0
46865,"Morera","09/09/2011 13:03","Alto (> 8 mts)",140,"Grande",-68.833420663,-32.8715547602,4,"Cuarta Este Área Fundacional",1822015.85685,0,0.644656361079413,0
34496,"Morera","29/03/2011 11:07","Medio (4 - 8 mts)",70,"Grande",-68.850416244,-32.875357497,6,"Residencial Norte",2694682.37982,0,0.672774570643987,0
17921,"Morera","04/08/2011 09:07","Alto (> 8 mts)",160,"Grande",-68.8372896517,-32.8668724148,4,"Cuarta Oeste",1173332.70145,0,0.863893109000927,0
5323,"Morera","27/04/2011 11:17","Bajo (2 - 4 mts)",50,"Mediano",-68.8418313875,-32.8777186244,1,"Parque Central",1655357.93265,0,0.386838537050318,0
686,"Perenne","19/07/2011 10:44","Muy bajo (1 - 2 mts)",18,"Chico",-68.8415291368,-32.8637287447,4,"Cuarta Oeste",1173332.70145,0,0.377521901375363,0
17369,"Morera","03/08/2011 09:53","Alto (> 8 mts)",200,"Grande",-68.834700952,-32.864814486,4,"Cuarta Oeste",1173332.70145,0,0.318875759702308,0
42975,"Morera","06/10/2011 18:16","Bajo (2 - 4 mts)",82,"Grande",-68.8337519638,-32.8785206236,1,"Parque Central",1655357.93265,1,0.296089437707102,0
24162,"Fresno americano","24/01/2011 11:14","Alto (> 8 mts)",130,"Grande",-68.8452182807,-32.9020671812,2,"Barrio Civico",2366816.36021,0,0.590067681887272,0
4038,"Morera","23/09/2011 14:39","Medio (4 - 8 mts)",76,"Grande",-68.8262199034,-32.8741045442,4,"Cuarta Este Área Fundacional",1822015.85685,0,0.0817863895865271,0
46314,"Morera","28/09/2011 08:08","Alto (> 8 mts)",168,"Grande",-68.8247133785,-32.8734821555,4,"Cuarta Este Área Fundacional",1822015.85685,0,0.335898592893123,0
8715,"Olmo comun","10/02/2011 08:34","Alto (> 8 mts)",57,"Mediano",-68.8377622774,-32.8995946648,2,"Barrio Civico",2366816.36021,0,0.962576023125378,0
18359,"Paraiso sombrilla","01/08/2011 10:42","Alto (> 8 mts)",115,"Grande",-68.8362551861,-32.8679724851,4,"Cuarta Oeste",1173332.70145,0,0.150768865902547,0
31172,"Olmo bola","07/02/2011 12:19","Bajo (2 - 4 mts)",154,"Grande",-68.8549544166,-32.8639005361,6,"Residencial Norte",2694682.37982,0,0.98302403856613,0
3969,"Paraiso","26/09/2011 10:17","Bajo (2 - 4 mts)",46,"Mediano",-68.8271546156,-32.8778826536,4,"Cuarta Este Área Fundacional",1822015.85685,0,0.387458025939639,0
38347,"Paraiso","09/11/2010 12:33","Alto (> 8 mts)",180,"Grande",-68.8538081487,-32.8699450734,6,"Residencial Norte",2694682.37982,0,0.528685358491599,0
42117,"Acer","04/05/2011 10:33","Medio (4 - 8 mts)",62,"Grande",-68.8423544618,-32.8775310653,1,"Parque Central",1655357.93265,0,0.232354047293186,0
4843,"Palo borracho","27/07/2011 13:11","Medio (4 - 8 mts)",122,"Grande",-68.838526464,-32.8655656112,4,"Cuarta Oeste",1173332.70145,0,0.857903453649617,0
12657,"Catalpa","17/01/2011 11:46","Medio (4 - 8 mts)",90,"Grande",-68.8467592209,-32.8633950829,4,"Cuarta Oeste",1173332.70145,0,0.122395493300962,0
37166,"Morera","07/04/2011 10:25","Alto (> 8 mts)",106,"Grande",-68.8594717507,-32.8783438507,7,"Residencial Parque",1786336.08966,0,0.775298742153242,0
39353,"Morera","01/12/2010 10:07","Alto (> 8 mts)",140,"Grande",-68.8561220252,-32.8721826879,6,"Residencial Norte",2694682.37982,0,0.234818448263348,0
15826,"Jacarand","25/11/2011 11:10","Muy bajo (1 - 2 mts)",14,"Chico",-68.8714969701,-32.8766927983,7,"Residencial Parque",1786336.08966,0,0.613886547543941,0
17722,"Paraiso","18/07/2011 09:32","Bajo (2 - 4 mts)",80,"Grande",-68.8424203326,-32.8673667094,4,"Cuarta Oeste",1173332.70145,0,0.456631295067322,0
47537,"Morera","19/09/2011 14:23","Alto (> 8 mts)",132,"Grande",-68.8263376504,-32.8712349657,4,"Cuarta Este Área Fundacional",1822015.85685,0,0.897431911790935,0
20819,"Morera","30/05/2011 11:03","Alto (> 8 mts)",145,"Grande",-68.8619464808,-32.895836843,5,"Residencial Sur",2423808.92355,0,0.570336143473742,0
16396,"Pltano","03/08/2011 08:58","Alto (> 8 mts)",250,"Grande",-68.8355303625,-32.8660138703,4,"Cuarta Oeste",1173332.70145,0,0.451937285292801,0
18915,"Ligustro","02/08/2011 09:46","Alto (> 8 mts)",100,"Grande",-68.8420892739,-32.8705300676,4,"Cuarta Oeste",1173332.70145,0,0.461151749615827,0
25744,"Morera","03/02/2011 10:49","Alto (> 8 mts)",92,"Grande",-68.8410240065,-32.9027101533,2,"Barrio Civico",2366816.36021,0,0.885151073126974,0
40424,"Pltano","11/04/2011 12:33","Alto (> 8 mts)",175,"Grande",-68.8444067124,-32.8838463255,1,"Parque Central",1655357.93265,0,0.0396545973567857,0
43403,"Morera","27/10/2011 15:53","Medio (4 - 8 mts)",150,"Grande",-68.8315903769,-32.8812554515,3,"Parque O'Higgins",1531146.02653,0,0.915086802851907,0
34700,"Morera","01/04/2011 13:51","Alto (> 8 mts)",195,"Grande",-68.8504864928,-32.877050747,6,"Residencial Norte",2694682.37982,0,0.522644857346264,0
35016,"Morera","31/03/2011 09:41","Alto (> 8 mts)",132,"Grande",-68.8562849429,-32.8800864715,7,"Residencial Parque",1786336.08966,1,0.0481260849922985,0
38390,"Morera","05/11/2010 12:10","Alto (> 8 mts)",230,"Grande",-68.852683244,-32.8690092167,6,"Residencial Norte",2694682.37982,0,0.684595285921297,0
28058,"Morera","16/03/2011 18:24","Alto (> 8 mts)",146,"Grande",-68.8455713597,-32.89318391,2,"Barrio Civico",2366816.36021,1,0.0485155929489052,0
8990,"Perenne","17/01/2011 09:49","Muy bajo (1 - 2 mts)",20,"Chico",-68.8459844074,-32.8679927295,4,"Cuarta Oeste",1173332.70145,0,0.130712560647276,0
39849,"Morera","03/05/2011 13:18","Alto (> 8 mts)",160,"Grande",-68.8441953681,-32.8735306989,1,"Parque Central",1655357.93265,0,0.364613025684221,0
33321,"Morera","24/06/2011 09:50","Alto (> 8 mts)",92,"Grande",-68.8569998068,-32.8907031691,5,"Residencial Sur",2423808.92355,0,0.920876073024388,0
1659,"Morera","23/11/2011 08:34","Bajo (2 - 4 mts)",32,"Mediano",-68.8719009826,-32.8783121372,7,"Residencial Parque",1786336.08966,0,0.0289950957640231,0
34253,"Morera","22/03/2011 12:58","Alto (> 8 mts)",170,"Grande",-68.8524910572,-32.8755709726,6,"Residencial Norte",2694682.37982,0,0.616604803000508,0
36494,"Morera","06/04/2011 11:57","Alto (> 8 mts)",110,"Grande",-68.8549421445,-32.8790267844,6,"Residencial Norte",2694682.37982,0,0.189089981330575,0
43021,"Acacia SP","05/10/2011 09:03","Alto (> 8 mts)",162,"Grande",-68.8323418969,-32.8781561708,4,"Cuarta Este Área Fundacional",1822015.85685,0,0.588213286512984,0
7588,"Fresno europeo","31/05/2011 13:58","Bajo (2 - 4 mts)",40,"Mediano",-68.8577779773,-32.8837211134,5,"Residencial Sur",2423808.92355,0,0.941981926753114,0
46376,"Morera","19/08/2011 12:21","Alto (> 8 mts)",110,"Grande",-68.8330608927,-32.8671816249,4,"Cuarta Oeste",1173332.70145,0,0.421576471180024,0
13304,"Fresno europeo","25/02/2011 09:37","Bajo (2 - 4 mts)",40,"Mediano",-68.8476882197,-32.8657485347,6,"Residencial Norte",2694682.37982,0,0.167860880137268,0
30614,"Jacarand","07/02/2011 10:32","Medio (4 - 8 mts)",85,"Grande",-68.8577085809,-32.8668860345,6,"Residencial Norte",2694682.37982,0,0.353060856052711,0
29257,"Fresno americano","23/02/2011 16:55","Alto (> 8 mts)",240,"Grande",-68.8451327288,-32.8883766651,2,"Barrio Civico",2366816.36021,0,0.534386761762397,0
38818,"Prunas","13/12/2010 13:30","Bajo (2 - 4 mts)",40,"Mediano",-68.8501200523,-32.8714992599,6,"Residencial Norte",2694682.37982,0,0.50740031816955,0
29451,"Morera","15/03/2011 13:08","Alto (> 8 mts)",162,"Grande",-68.8452574591,-32.8939933442,2,"Barrio Civico",2366816.36021,0,0.593321375147376,0
30288,"Morera","04/03/2011 12:11","Alto (> 8 mts)",155,"Grande",-68.8410215481,-32.8902720018,3,"Parque O'Higgins",1531146.02653,1,0.534552344240283,0
5210,"Conifera","09/08/2011 09:57","Alto (> 8 mts)",84,"Grande",-68.8399709711,-32.8735132634,4,"Cuarta Oeste",1173332.70145,0,0.135670217458035,0
7376,"Morera","23/06/2011 11:28","Alto (> 8 mts)",70,"Grande",-68.8619515777,-32.9004733727,5,"Residencial Sur",2423808.92355,0,0.333773175809871,0
1603,"Paraiso","24/11/2011 10:21","Bajo (2 - 4 mts)",40,"Mediano",-68.8717186158,-32.8794942211,7,"Residencial Parque",1786336.08966,0,0.857512927796418,0
22019,"Morera","17/05/2011 11:59","Alto (> 8 mts)",140,"Grande",-68.8586940422,-32.89282341,5,"Residencial Sur",2423808.92355,1,0.392322647628565,0
10543,"Morera","18/03/2011 11:06","Medio (4 - 8 mts)",50,"Mediano",-68.8559827201,-32.8751691061,6,"Residencial Norte",2694682.37982,0,0.338693285682917,0
27895,"Olmo bola","04/11/2011 10:45","Medio (4 - 8 mts)",142,"Grande",-68.8396045181,-32.8929404608,2,"Barrio Civico",2366816.36021,0,0.501417913303269,0
45066,"Paraiso","31/08/2011 12:23","Alto (> 8 mts)",145,"Grande",-68.8225776953,-32.8711818094,4,"Cuarta Este Área Fundacional",1822015.85685,0,0.27957764693707,0
25234,"Fresno europeo","09/02/2011 09:17","Alto (> 8 mts)",110,"Grande",-68.8384507055,-32.8974609543,2,"Barrio Civico",2366816.36021,0,0.534540314922529,0
43703,"Pltano","11/10/2011 09:33","Alto (> 8 mts)",260,"Grande",-68.8315167367,-32.8836797056,3,"Parque O'Higgins",1531146.02653,0,0.926589357060261,0
40758,"Fresno europeo","20/04/2011 19:45","Alto (> 8 mts)",60,"Mediano",-68.8413562944,-32.8845406657,1,"Parque Central",1655357.93265,0,0.789410092875516,0
47097,"Pltano","23/09/2011 10:33","Alto (> 8 mts)",180,"Grande",-68.8346181345,-32.8729071172,4,"Cuarta Este Área Fundacional",1822015.85685,1,0.730662119709613,0
11431,"Morera","24/01/2011 09:20","Alto (> 8 mts)",115,"Grande",-68.8511622628,-32.9020575103,2,"Barrio Civico",2366816.36021,0,0.834556631818227,0
43377,"Morera","25/10/2011 16:48","Medio (4 - 8 mts)",130,"Grande",-68.8337519562,-32.8809861223,3,"Parque O'Higgins",1531146.02653,1,0.120912528043298,0
25273,"Olmo comun","08/02/2011 10:05","Alto (> 8 mts)",92,"Grande",-68.8380398962,-32.8994334112,2,"Barrio Civico",2366816.36021,0,0.0843668246801392,0
17331,"Morera","08/08/2011 10:06","Alto (> 8 mts)",180,"Grande",-68.8344922491,-32.8657612025,4,"Cuarta Oeste",1173332.70145,0,0.347145630906451,0
25836,"Morera","03/02/2011 16:18","Alto (> 8 mts)",180,"Grande",-68.8394772518,-32.9019343885,2,"Barrio Civico",2366816.36021,0,0.46896490630834,0
19317,"Morera","12/07/2011 20:34","Alto (> 8 mts)",116,"Grande",-68.8365433301,-32.8704297087,4,"Cuarta Oeste",1173332.70145,1,0.572399811164472,0
146,"Fresno europeo","28/02/2012 18:17","Muy bajo (1 - 2 mts)",14,"Chico",-68.8580854,-32.8642075023,6,"Residencial Norte",2694682.37982,0,0.763915868562844,0
25634,"Morera","15/02/2011 15:13","Alto (> 8 mts)",242,"Grande",-68.8375109032,-32.9009581751,2,"Barrio Civico",2366816.36021,0,0.955434991430924,0
2137,"Acacia SP","09/11/2011 10:08","Medio (4 - 8 mts)",75,"Grande",-68.8334809198,-32.8912713721,3,"Parque O'Higgins",1531146.02653,1,0.614226778778382,0
2542,"Morera","14/10/2011 11:57","Muy bajo (1 - 2 mts)",18,"Chico",-68.8340043072,-32.8853853978,3,"Parque O'Higgins",1531146.02653,0,0.675835473820033,0
5959,"Morera","02/05/2011 11:21","Alto (> 8 mts)",130,"Grande",-68.8448986823,-32.8757307283,1,"Parque Central",1655357.93265,0,0.281543619896179,0
9643,"Morera","27/01/2011 08:44","Alto (> 8 mts)",130,"Grande",-68.8492778775,-32.8634466114,6,"Residencial Norte",2694682.37982,0,0.499419215434832,0
33806,"Morera","12/05/2011 13:01","Alto (> 8 mts)",190,"Grande",-68.8558097603,-32.8864045363,5,"Residencial Sur",2423808.92355,0,0.835606003223194,0
3995,"Fresno europeo","26/09/2011 11:56","Muy bajo (1 - 2 mts)",4,"Chico",-68.8294810235,-32.8776386611,4,"Cuarta Este Área Fundacional",1822015.85685,0,0.39173777314947,0
6217,"Fresno americano","04/04/2011 16:10","Alto (> 8 mts)",168,"Grande",-68.8390700458,-32.8874038919,3,"Parque O'Higgins",1531146.02653,0,0.0911016040199338,0
23410,"Morera","26/01/2011 19:04","Alto (> 8 mts)",82,"Grande",-68.8500846644,-32.9019756894,2,"Barrio Civico",2366816.36021,0,0.358061890940179,0
4960,"Fresno americano","15/07/2011 11:13","Medio (4 - 8 mts)",50,"Mediano",-68.8437640095,-32.8705102493,4,"Cuarta Oeste",1173332.70145,0,0.449734257095098,0
24974,"Morera","16/02/2011 09:29","Alto (> 8 mts)",180,"Grande",-68.8378272721,-32.8959673032,2,"Barrio Civico",2366816.36021,0,0.107833637407141,0
37723,"Fresno europeo","14/01/2012 10:17","Medio (4 - 8 mts)",80,"Grande",-68.8512738716,-32.8727792241,6,"Residencial Norte",2694682.37982,0,0.241957571739702,0
12268,"Morera","10/01/2011 11:14","Alto (> 8 mts)",230,"Grande",-68.8448759946,-32.867161019,4,"Cuarta Oeste",1173332.70145,0,0.160339460753025,0
41438,"Morera","07/04/2011 13:49","Alto (> 8 mts)",130,"Grande",-68.8414812117,-32.8818074101,1,"Parque Central",1655357.93265,0,0.0819957758190708,0
5891,"Pltano","14/04/2011 12:38","Alto (> 8 mts)",155,"Grande",-68.845661391,-32.8827758795,1,"Parque Central",1655357.93265,0,0.930003476461869,0
956,"Morera","11/01/2012 12:32","Muy bajo (1 - 2 mts)",10,"Chico",-68.8346645967,-32.8950678179,3,"Parque O'Higgins",1531146.02653,0,0.331543140334172,0
38877,"Paraiso","09/12/2010 09:24","Medio (4 - 8 mts)",189,"Grande",-68.8482941792,-32.8716929971,6,"Residencial Norte",2694682.37982,0,0.748083434669382,0
39709,"Morera","30/08/2010 10:53","Medio (4 - 8 mts)",100,"Grande",-68.8450576573,-32.8696899756,4,"Cuarta Oeste",1173332.70145,0,0.228837505274642,0
8532,"Morera","08/02/2011 09:07","Alto (> 8 mts)",106,"Grande",-68.8374159969,-32.8988551051,2,"Barrio Civico",2366816.36021,0,0.884905415927574,0
35107,"Fresno europeo","28/03/2011 12:26","Alto (> 8 mts)",80,"Grande",-68.8523353616,-32.881333172,1,"Parque Central",1655357.93265,0,0.600325272621669,0
7630,"Morera","21/06/2011 09:24","Bajo (2 - 4 mts)",36,"Mediano",-68.8558476985,-32.8830369028,5,"Residencial Sur",2423808.92355,0,0.586922854527019,0
8264,"Ailanthus","09/03/2011 18:57","Alto (> 8 mts)",42,"Mediano",-68.8453281531,-32.892276197,2,"Barrio Civico",2366816.36021,0,0.523304586079776,0
29971,"Fresno americano","28/04/2011 12:24","Medio (4 - 8 mts)",115,"Grande",-68.8418702957,-32.8867440369,3,"Parque O'Higgins",1531146.02653,0,0.503206348949078,0
12909,"Morera","14/01/2011 10:26","Alto (> 8 mts)",130,"Grande",-68.8448595416,-32.863874843,4,"Cuarta Oeste",1173332.70145,0,0.664753354292059,0
6047,"Pltano","20/04/2011 11:41","Alto (> 8 mts)",190,"Grande",-68.8450927821,-32.8864525944,1,"Parque Central",1655357.93265,0,0.799899507938726,0
3105,"Morera","19/09/2011 09:08","Medio (4 - 8 mts)",160,"Grande",-68.8219885809,-32.8714219502,4,"Cuarta Este Área Fundacional",1822015.85685,0,0.554325645290243,0
19185,"Morera","18/07/2011 09:50","Medio (4 - 8 mts)",84,"Grande",-68.8412455116,-32.8723731445,4,"Cuarta Oeste",1173332.70145,0,0.695078434017087,0
7635,"Morera","22/06/2011 12:58","Medio (4 - 8 mts)",50,"Mediano",-68.8545129058,-32.8834866337,5,"Residencial Sur",2423808.92355,0,0.257487064300701,0
23338,"Morera","31/01/2011 15:50","Alto (> 8 mts)",98,"Grande",-68.850635282,-32.9014224285,2,"Barrio Civico",2366816.36021,0,0.778824766320047,0
45658,"Olmo comun","19/09/2011 15:23","Medio (4 - 8 mts)",130,"Grande",-68.8207825214,-32.8720192602,4,"Cuarta Este Área Fundacional",1822015.85685,0,0.837527342363817,0
24513,"Morera","10/01/2011 10:29","Alto (> 8 mts)",157,"Grande",-68.8470970266,-32.9034877218,2,"Barrio Civico",2366816.36021,0,0.00569315478494858,0
32337,"Pltano","24/06/2011 11:57","Alto (> 8 mts)",137,"Grande",-68.852333029,-32.8905788296,5,"Residencial Sur",2423808.92355,1,0.537420938681199,0
40650,"Morera","13/04/2011 09:55","Alto (> 8 mts)",195,"Grande",-68.84342543,-32.8851159145,1,"Parque Central",1655357.93265,0,0.00011138068189287,0
19653,"Morera","13/07/2011 09:56","Alto (> 8 mts)",110,"Grande",-68.8351000255,-32.8704048663,4,"Cuarta Oeste",1173332.70145,1,0.612862183648321,0
18466,"Morera","07/07/2011 11:40","Alto (> 8 mts)",155,"Grande",-68.8389140689,-32.8738167514,4,"Cuarta Oeste",1173332.70145,0,0.317736083045013,0
24510,"Olmo comun","10/01/2011 10:58","Alto (> 8 mts)",126,"Grande",-68.8472208743,-32.903322323,2,"Barrio Civico",2366816.36021,0,0.414572475918513,0
18613,"Morera","06/07/2011 11:33","Alto (> 8 mts)",190,"Grande",-68.8377980718,-32.8746822256,1,"Parque Central",1655357.93265,1,0.098885915392052,0
41100,"Fresno europeo","27/04/2011 13:02","Alto (> 8 mts)",98,"Grande",-68.8387154123,-32.8821622122,1,"Parque Central",1655357.93265,0,0.094404740072549,0
12673,"Paraiso","17/01/2011 13:13","Alto (> 8 mts)",190,"Grande",-68.8470230276,-32.8627631369,4,"Cuarta Oeste",1173332.70145,0,0.603023862516764,0
45651,"Morera","21/09/2011 12:58","Alto (> 8 mts)",195,"Grande",-68.8212277203,-32.8721948826,4,"Cuarta Este Área Fundacional",1822015.85685,0,0.0909614557898912,0
39855,"Morera","03/05/2011 13:31","Medio (4 - 8 mts)",88,"Grande",-68.8441021761,-32.8731455216,6,"Residencial Norte",2694682.37982,0,0.575869075682285,0
47581,"Morera","16/09/2011 08:56","Alto (> 8 mts)",70,"Grande",-68.8260221523,-32.8719304546,4,"Cuarta Este Área Fundacional",1822015.85685,0,0.43593961044685,0
40590,"Morera","15/04/2011 11:41","Alto (> 8 mts)",180,"Grande",-68.8467760059,-32.8836705974,1,"Parque Central",1655357.93265,0,0.717959949558652,0
6669,"lamo criollo","16/05/2011 10:19","Alto (> 8 mts)",210,"Grande",-68.8620559276,-32.8912606964,5,"Residencial Sur",2423808.92355,0,0.38616739826447,0
42702,"Morera","30/09/2011 12:12","Alto (> 8 mts)",168,"Grande",-68.8293558905,-32.877407309,4,"Cuarta Este Área Fundacional",1822015.85685,0,0.597129359169498,0
37842,"Morera","24/11/2010 12:15","Alto (> 8 mts)",180,"Grande",-68.8529521453,-32.8725896135,6,"Residencial Norte",2694682.37982,0,0.431006135106609,0
42571,"Morera","26/09/2011 10:40","Alto (> 8 mts)",170,"Grande",-68.8276967118,-32.8755577311,4,"Cuarta Este Área Fundacional",1822015.85685,0,0.158373824758815,0
13552,"Morera","28/01/2011 12:17","Alto (> 8 mts)",130,"Grande",-68.8506311032,-32.864666432,6,"Residencial Norte",2694682.37982,0,0.280857539208938,0
38461,"Paraiso","03/11/2010 12:19","Alto (> 8 mts)",180,"Grande",-68.8515026782,-32.8693968047,6,"Residencial Norte",2694682.37982,0,0.226340886398532,0
17854,"Pltano","02/08/2011 09:51","Alto (> 8 mts)",130,"Grande",-68.8358262792,-32.8662850253,4,"Cuarta Oeste",1173332.70145,0,0.0822819612351787,0
34105,"Morera","30/05/2011 13:24","Medio (4 - 8 mts)",130,"Grande",-68.8572715748,-32.8850296895,5,"Residencial Sur",2423808.92355,0,0.866087431187381,0
26397,"Morera","25/10/2011 10:10","Muy bajo (1 - 2 mts)",8,"Chico",-68.832859918,-32.8897288211,3,"Parque O'Higgins",1531146.02653,0,0.516580418423442,0
9321,"Olmo comun","17/02/2011 09:55","Medio (4 - 8 mts)",86,"Grande",-68.8464951947,-32.8646255517,4,"Cuarta Oeste",1173332.70145,0,0.710961587871215,0
12024,"Morera","07/04/2010 11:39","Medio (4 - 8 mts)",135,"Grande",-68.8530237572,-32.8666183152,6,"Residencial Norte",2694682.37982,0,0.118935154093359,0
37397,"Acer","26/11/2010 12:02","Medio (4 - 8 mts)",50,"Mediano",-68.8568544328,-32.8724230885,6,"Residencial Norte",2694682.37982,0,0.0644404050248053,0
30897,"Acer","17/02/2011 11:58","Bajo (2 - 4 mts)",5,"Chico",-68.8547545155,-32.8660659113,6,"Residencial Norte",2694682.37982,0,0.371452116041341,0
34441,"Morera","09/03/2011 12:40","Alto (> 8 mts)",124,"Grande",-68.8502222608,-32.8740695712,6,"Residencial Norte",2694682.37982,0,0.636620932068173,0
15121,"Fresno americano","18/11/2011 08:58","Bajo (2 - 4 mts)",45,"Mediano",-68.8590780175,-32.8692230439,6,"Residencial Norte",2694682.37982,0,0.589483575990849,0
21919,"Morera","07/06/2011 09:14","Alto (> 8 mts)",180,"Grande",-68.8588911856,-32.8957225859,5,"Residencial Sur",2423808.92355,0,0.855288745985365,0
27786,"Fresno europeo","03/11/2011 10:18","Medio (4 - 8 mts)",60,"Mediano",-68.8348607543,-32.8949298182,3,"Parque O'Higgins",1531146.02653,0,0.224075638310504,0
47621,"Morera","08/09/2011 10:42","Alto (> 8 mts)",170,"Grande",-68.8301470118,-32.8709590019,4,"Cuarta Este Área Fundacional",1822015.85685,1,0.305787135064426,0
29623,"Morera","23/03/2011 19:29","Alto (> 8 mts)",108,"Grande",-68.8438631194,-32.8942755598,2,"Barrio Civico",2366816.36021,1,0.778386474662301,0
34165,"Morera","10/03/2011 12:14","Alto (> 8 mts)",138,"Grande",-68.8568892066,-32.8733914577,6,"Residencial Norte",2694682.37982,0,0.908629559483685,0
44190,"Acacia SP","17/10/2011 10:07","Alto (> 8 mts)",150,"Grande",-68.8341384758,-32.8824888336,3,"Parque O'Higgins",1531146.02653,0,0.541920452031064,0
35769,"Paraiso","18/03/2011 13:02","Medio (4 - 8 mts)",120,"Grande",-68.8545868382,-32.8743130388,6,"Residencial Norte",2694682.37982,0,0.806899296053894,0
32882,"Fresno europeo","10/06/2011 10:20","Medio (4 - 8 mts)",100,"Grande",-68.8510545216,-32.8855199938,5,"Residencial Sur",2423808.92355,0,0.952916350999463,0
22523,"Fresno europeo","17/06/2011 09:57","Medio (4 - 8 mts)",55,"Mediano",-68.8606652891,-32.8994045852,5,"Residencial Sur",2423808.92355,0,0.329970027150745,0
30086,"Morera","26/04/2011 10:56","Alto (> 8 mts)",200,"Grande",-68.8424262921,-32.8872125391,3,"Parque O'Higgins",1531146.02653,1,0.659496279717211,0
16260,"Fresno americano","21/07/2011 09:48","Muy bajo (1 - 2 mts)",20,"Chico",-68.8429510894,-32.8647292878,4,"Cuarta Oeste",1173332.70145,0,0.0382323352853005,0
23013,"Olmo comun","17/06/2011 18:28","Medio (4 - 8 mts)",58,"Mediano",-68.8582512409,-32.8997629601,5,"Residencial Sur",2423808.92355,1,0.282806390374346,0
14652,"Aguaribay","15/12/2011 17:54","Muy bajo (1 - 2 mts)",8,"Chico",-68.882451648,-32.8675343574,8,"Aeroparque",2203364.73622,0,0.676642743326523,0
20133,"Pltano","16/05/2011 10:58","Alto (> 8 mts)",180,"Grande",-68.8605041414,-32.891336525,5,"Residencial Sur",2423808.92355,0,0.867056757480474,0
37085,"Morera","06/04/2011 09:31","Bajo (2 - 4 mts)",34,"Mediano",-68.8578084095,-32.8763697885,7,"Residencial Parque",1786336.08966,0,0.429486708734249,0
14092,"Morera","02/12/2011 09:06","Medio (4 - 8 mts)",40,"Mediano",-68.876593766,-32.8688510592,8,"Aeroparque",2203364.73622,0,0.272449203532185,0
39683,"Morera","30/08/2010 11:17","Bajo (2 - 4 mts)",10,"Chico",-68.8460948491,-32.8691061445,6,"Residencial Norte",2694682.37982,0,0.307955671560805,0
41976,"Morera","20/04/2011 14:11","Medio (4 - 8 mts)",50,"Mediano",-68.8378013097,-32.8796473082,1,"Parque Central",1655357.93265,0,0.45610763021328,0
27072,"Fresno europeo","21/10/2011 15:59","Bajo (2 - 4 mts)",22,"Mediano",-68.8382121459,-32.8874845721,3,"Parque O'Higgins",1531146.02653,0,0.904924863923674,0
41449,"Pltano","07/04/2011 12:24","Alto (> 8 mts)",180,"Grande",-68.8409444542,-32.8810210838,1,"Parque Central",1655357.93265,0,0.47035052576914,0
24630,"Pltano","17/01/2011 12:33","Alto (> 8 mts)",240,"Grande",-68.8420410043,-32.9003929687,2,"Barrio Civico",2366816.36021,0,0.656834447176949,0
40860,"Fresno americano","08/04/2011 09:47","Alto (> 8 mts)",182,"Grande",-68.839730241,-32.8849656105,1,"Parque Central",1655357.93265,0,0.817353729054582,0
6762,"Acer","17/05/2011 11:28","Medio (4 - 8 mts)",22,"Mediano",-68.8612050665,-32.8933409274,5,"Residencial Sur",2423808.92355,0,0.652623030065172,0
19826,"Morera","04/08/2011 10:35","Alto (> 8 mts)",190,"Grande",-68.8340538499,-32.8643671622,4,"Cuarta Oeste",1173332.70145,0,0.739406658528224,0
25427,"Morera","11/02/2011 13:41","Alto (> 8 mts)",110,"Grande",-68.836363607,-32.9003270883,2,"Barrio Civico",2366816.36021,1,0.546821850358533,0
23385,"Fresno europeo","28/01/2011 09:23","Alto (> 8 mts)",152,"Grande",-68.8493913828,-32.9022348134,2,"Barrio Civico",2366816.36021,0,0.731531236670636,0
7001,"Morera","01/06/2011 12:03","Medio (4 - 8 mts)",32,"Mediano",-68.8629713367,-32.8958231194,5,"Residencial Sur",2423808.92355,0,0.23487090290888,0
10003,"Morera","04/11/2010 10:20","Alto (> 8 mts)",195,"Grande",-68.8516900298,-32.8698211436,6,"Residencial Norte",2694682.37982,0,0.542949535494568,0
26265,"Paraiso","25/10/2011 10:43","Medio (4 - 8 mts)",100,"Grande",-68.8303112656,-32.8890897866,3,"Parque O'Higgins",1531146.02653,0,0.633583536004847,0
18021,"Morera","29/07/2011 13:35","Alto (> 8 mts)",178,"Grande",-68.8410510347,-32.8671571256,4,"Cuarta Oeste",1173332.70145,0,0.146307149566643,0
43099,"Morera","04/10/2011 10:19","Muy bajo (1 - 2 mts)",6,"Chico",-68.8279609006,-32.8782090455,4,"Cuarta Este Área Fundacional",1822015.85685,0,0.705554731863841,0
42436,"Pltano","26/09/2011 10:35","Alto (> 8 mts)",185,"Grande",-68.8329812402,-32.8763955207,4,"Cuarta Este Área Fundacional",1822015.85685,0,0.883542428406706,0
26847,"Morera","07/11/2011 09:30","Alto (> 8 mts)",175,"Grande",-68.8336838427,-32.8928543552,3,"Parque O'Higgins",1531146.02653,1,0.194115028710126,0
15778,"Prunas","23/11/2011 10:53","Bajo (2 - 4 mts)",26,"Mediano",-68.8727390388,-32.8781105164,7,"Residencial Parque",1786336.08966,0,0.202563204316115,0
35777,"Paraiso","18/03/2011 12:02","Medio (4 - 8 mts)",90,"Grande",-68.8547462288,-32.8749245725,6,"Residencial Norte",2694682.37982,0,0.631616952632536,0
46135,"Morera","27/09/2011 11:22","Alto (> 8 mts)",160,"Grande",-68.8238437837,-32.8742887179,4,"Cuarta Este Área Fundacional",1822015.85685,0,0.445602352724349,0
25917,"Morera","07/02/2011 14:36","Bajo (2 - 4 mts)",38,"Mediano",-68.8386386045,-32.9030265581,2,"Barrio Civico",2366816.36021,1,0.601110444890658,0
5908,"Fresno europeo","18/04/2011 12:11","Alto (> 8 mts)",70,"Grande",-68.8438968146,-32.8865106623,1,"Parque Central",1655357.93265,0,0.535185579166977,0
3164,"Morera","20/09/2011 10:16","Medio (4 - 8 mts)",132,"Grande",-68.83494337,-32.8740641539,4,"Cuarta Este Área Fundacional",1822015.85685,0,0.591247176237837,0
26619,"Pltano","03/11/2011 10:58","Alto (> 8 mts)",180,"Grande",-68.8336475812,-32.8900077726,3,"Parque O'Higgins",1531146.02653,0,0.52989293117428,0
18799,"Morera","10/08/2011 11:04","Alto (> 8 mts)",165,"Grande",-68.8364747578,-32.8697758005,4,"Cuarta Oeste",1173332.70145,0,0.617393267681215,0
16945,"Morera","16/08/2011 13:12","Medio (4 - 8 mts)",123,"Grande",-68.8369368435,-32.8654159888,4,"Cuarta Oeste",1173332.70145,0,0.357117428145277,0
8280,"Morera","21/02/2011 18:16","Muy bajo (1 - 2 mts)",8,"Chico",-68.8499432307,-32.8920079151,5,"Residencial Sur",2423808.92355,0,0.187063164412385,0
20243,"Pltano","26/05/2011 11:32","Alto (> 8 mts)",145,"Grande",-68.859095207,-32.8938398442,5,"Residencial Sur",2423808.92355,0,0.114855806189577,0
19259,"Fresno americano","03/08/2011 12:21","Alto (> 8 mts)",110,"Grande",-68.8376224021,-32.8704880109,4,"Cuarta Oeste",1173332.70145,0,0.208443483247683,0
7369,"Caducifolio","23/06/2011 12:09","Medio (4 - 8 mts)",35,"Mediano",-68.8613218576,-32.9006203042,5,"Residencial Sur",2423808.92355,0,0.862659465727424,0
45219,"Olmo bola","28/09/2011 10:01","Medio (4 - 8 mts)",74,"Grande",-68.8221707514,-32.8722789076,4,"Cuarta Este Área Fundacional",1822015.85685,0,0.311811673595644,0
42854,"Fresno europeo","04/10/2011 13:24","Alto (> 8 mts)",155,"Grande",-68.8321924491,-32.8776206352,4,"Cuarta Este Área Fundacional",1822015.85685,0,0.60339435917935,0
44594,"Pltano","19/10/2011 13:13","Alto (> 8 mts)",190,"Grande",-68.8353731562,-32.885900957,3,"Parque O'Higgins",1531146.02653,0,0.969546914236849,0
35698,"Olmo bola","17/03/2011 12:44","Medio (4 - 8 mts)",120,"Grande",-68.8549257688,-32.8750410994,6,"Residencial Norte",2694682.37982,0,0.72481949742293,0
7932,"Fresno americano","01/03/2011 12:49","Alto (> 8 mts)",130,"Grande",-68.8477696086,-32.887166678,1,"Parque Central",1655357.93265,0,0.436683556179598,0
14834,"Morera","07/12/2011 10:09","Bajo (2 - 4 mts)",46,"Mediano",-68.8782924929,-32.8694799497,8,"Aeroparque",2203364.73622,0,0.0126041726295474,0
31090,"Tilo","08/02/2011 13:37","Muy bajo (1 - 2 mts)",20,"Chico",-68.8541094073,-32.8649679436,6,"Residencial Norte",2694682.37982,0,0.513109378400563,0
5762,"Morera","06/05/2011 10:27","Bajo (2 - 4 mts)",54,"Mediano",-68.8393990257,-32.8787244727,1,"Parque Central",1655357.93265,0,0.784142161866028,0
11401,"Morera","26/01/2011 16:18","Bajo (2 - 4 mts)",18,"Chico",-68.8509085358,-32.901130002,2,"Barrio Civico",2366816.36021,1,0.755692849932622,0
24668,"Caducifolio","20/01/2011 13:11","Bajo (2 - 4 mts)",22,"Mediano",-68.8422634773,-32.901154045,2,"Barrio Civico",2366816.36021,0,0.686353845633051,0
39076,"Fresno europeo","22/12/2010 09:35","Alto (> 8 mts)",90,"Grande",-68.8533675426,-32.87131754,6,"Residencial Norte",2694682.37982,0,0.877145658700023,0
14556,"Perenne","15/12/2011 08:11","Muy bajo (1 - 2 mts)",60,"Mediano",-68.8793217983,-32.8670522011,8,"Aeroparque",2203364.73622,0,0.603733028570221,0
32801,"Fresno europeo","14/07/2011 09:36","Alto (> 8 mts)",175,"Grande",-68.8525124082,-32.8851325511,5,"Residencial Sur",2423808.92355,0,0.951170152085687,0
19751,"Morera","12/08/2011 09:32","Alto (> 8 mts)",165,"Grande",-68.8346481415,-32.8690152323,4,"Cuarta Oeste",1173332.70145,0,0.295016027690649,0
19079,"Paraiso","29/07/2011 11:10","Medio (4 - 8 mts)",60,"Mediano",-68.8436113713,-32.8720973208,4,"Cuarta Oeste",1173332.70145,0,0.546279663324049,0
20903,"Fresno europeo","27/05/2011 09:24","Medio (4 - 8 mts)",53,"Mediano",-68.8617159965,-32.895254187,5,"Residencial Sur",2423808.92355,0,0.573651779637378,0
525,"Morera","08/03/2012 18:15","Muy bajo (1 - 2 mts)",3,"Chico",-68.8210766105,-32.868620589,4,"Cuarta Este Área Fundacional",1822015.85685,0,0.465890274711087,0
24796,"Pltano","17/02/2011 12:15","Alto (> 8 mts)",225,"Grande",-68.8412006009,-32.8979770878,2,"Barrio Civico",2366816.36021,0,0.144337257836809,0
30968,"Fresno europeo","10/02/2011 13:19","Medio (4 - 8 mts)",96,"Grande",-68.8552932295,-32.8635181885,6,"Residencial Norte",2694682.37982,0,0.585094050057759,0
1477,"Tilo","25/11/2011 11:28","Medio (4 - 8 mts)",55,"Mediano",-68.8716011979,-32.8769954894,7,"Residencial Parque",1786336.08966,0,0.945777777780509,0
45697,"Morera","26/08/2011 10:42","Alto (> 8 mts)",240,"Grande",-68.8219920804,-32.8701502512,4,"Cuarta Este Área Fundacional",1822015.85685,0,0.0711853175370356,0
5261,"Paraiso","02/05/2011 12:17","Alto (> 8 mts)",170,"Grande",-68.8434289,-32.8741023337,1,"Parque Central",1655357.93265,1,0.228518593400072,0
3521,"Morera","05/09/2011 09:48","Muy bajo (1 - 2 mts)",8,"Chico",-68.8272478072,-32.8680980913,4,"Cuarta Este Área Fundacional",1822015.85685,0,0.140572729412352,0
31414,"Fresno europeo","23/05/2011 10:02","Muy bajo (1 - 2 mts)",4,"Chico",-68.8503714818,-32.88466067,1,"Parque Central",1655357.93265,0,0.77323964548719,0
32747,"Morera","17/05/2011 10:01","Bajo (2 - 4 mts)",50,"Mediano",-68.8522840954,-32.886898787,5,"Residencial Sur",2423808.92355,0,0.933704721323632,0
3054,"Morera","15/09/2011 14:21","Alto (> 8 mts)",95,"Grande",-68.8260562045,-32.8723229272,4,"Cuarta Este Área Fundacional",1822015.85685,0,0.752625110860511,0
46428,"Morera","16/08/2011 13:13","Alto (> 8 mts)",220,"Grande",-68.832244706,-32.8668852958,4,"Cuarta Oeste",1173332.70145,1,0.328515730825128,0
8509,"Paraiso","09/02/2011 11:06","Medio (4 - 8 mts)",61,"Grande",-68.8376800246,-32.897543139,2,"Barrio Civico",2366816.36021,0,0.676482324087374,0
19973,"Morera","05/08/2011 08:54","Alto (> 8 mts)",170,"Grande",-68.8328887927,-32.8645997104,4,"Cuarta Oeste",1173332.70145,1,0.750250299694916,0
13682,"Morera","23/02/2011 12:08","Alto (> 8 mts)",160,"Grande",-68.8526959765,-32.8653412997,6,"Residencial Norte",2694682.37982,0,0.436333769931524,0
38170,"Morera","20/10/2010 12:52","Alto (> 8 mts)",180,"Grande",-68.8455392683,-32.8712329987,6,"Residencial Norte",2694682.37982,0,0.649682453817988,0
6606,"Fresno americano","10/05/2011 10:42","Medio (4 - 8 mts)",48,"Mediano",-68.8564288763,-32.8931286979,5,"Residencial Sur",2423808.92355,0,0.0899462931115079,0
10566,"Morera","23/03/2011 10:40","Alto (> 8 mts)",60,"Mediano",-68.8549284798,-32.8755888509,6,"Residencial Norte",2694682.37982,0,0.59642599958527,0
28690,"Pltano","01/03/2011 12:45","Alto (> 8 mts)",133,"Grande",-68.846222927,-32.8907228595,2,"Barrio Civico",2366816.36021,0,0.423497828877545,0
18511,"Morera","06/07/2011 13:24","Alto (> 8 mts)",160,"Grande",-68.8379270588,-32.8746417886,1,"Parque Central",1655357.93265,1,0.480200258377408,0
11275,"Paraiso","12/01/2011 11:25","Bajo (2 - 4 mts)",20,"Chico",-68.8464657257,-32.9003379551,2,"Barrio Civico",2366816.36021,0,0.745634575148469,0
34224,"Morera","23/03/2011 10:33","Medio (4 - 8 mts)",120,"Grande",-68.8523275556,-32.875191888,6,"Residencial Norte",2694682.37982,0,0.294823278659359,0
39029,"Acer","23/12/2010 11:21","Alto (> 8 mts)",75,"Grande",-68.8543866172,-32.8714878882,6,"Residencial Norte",2694682.37982,0,0.743506757599406,0
1592,"Algarrobo","30/11/2011 10:04","Muy bajo (1 - 2 mts)",12,"Chico",-68.8728749828,-32.8768156718,7,"Residencial Parque",1786336.08966,0,0.852541309356798,0
715,"Paraiso sombrilla","17/12/2011 09:08","Muy bajo (1 - 2 mts)",10,"Chico",-68.8813215183,-32.8731279676,8,"Aeroparque",2203364.73622,0,0.891416463290903,0
1719,"Paraiso","23/11/2011 08:00","Alto (> 8 mts)",128,"Grande",-68.8724087534,-32.8793251003,7,"Residencial Parque",1786336.08966,0,0.163278481793282,0
8496,"Fresno europeo","14/02/2011 12:20","Alto (> 8 mts)",142,"Grande",-68.8365028568,-32.8959558249,2,"Barrio Civico",2366816.36021,1,0.71572701485388,0
43089,"Morera","04/10/2011 10:36","Medio (4 - 8 mts)",80,"Grande",-68.8272567702,-32.8782907269,4,"Cuarta Este Área Fundacional",1822015.85685,0,0.408853095083337,0
27606,"Paraiso","07/11/2011 08:57","Alto (> 8 mts)",148,"Grande",-68.8399830076,-32.8942853668,2,"Barrio Civico",2366816.36021,1,0.589659190947169,0
47169,"Paraiso","21/09/2011 10:19","Medio (4 - 8 mts)",72,"Grande",-68.8336162228,-32.8738850532,4,"Cuarta Este Área Fundacional",1822015.85685,0,0.144407983171792,0
18449,"Morera","11/07/2011 09:50","Alto (> 8 mts)",150,"Grande",-68.8397671776,-32.8731682669,4,"Cuarta Oeste",1173332.70145,0,0.378855147213035,0
31218,"Paraiso","04/02/2011 12:56","Alto (> 8 mts)",134,"Grande",-68.8536863138,-32.864975838,6,"Residencial Norte",2694682.37982,0,0.191975318047893,0
8355,"Morera","03/02/2011 17:35","Medio (4 - 8 mts)",58,"Mediano",-68.8403364474,-32.9019735065,2,"Barrio Civico",2366816.36021,0,0.419087838306337,0
13116,"Morera","17/02/2011 13:34","Alto (> 8 mts)",180,"Grande",-68.8454766786,-32.865642373,4,"Cuarta Oeste",1173332.70145,0,0.262641962427836,0
10832,"Fresno europeo","31/03/2011 11:20","Bajo (2 - 4 mts)",22,"Mediano",-68.855839585,-32.8772834491,6,"Residencial Norte",2694682.37982,0,0.557720844107887,0
16653,"Paraiso","19/07/2011 12:09","Alto (> 8 mts)",108,"Grande",-68.84103877,-32.8633810024,4,"Cuarta Oeste",1173332.70145,1,0.833865884978455,0
26239,"Fresno europeo","19/10/2011 09:39","Medio (4 - 8 mts)",120,"Grande",-68.8310335977,-32.8887592127,3,"Parque O'Higgins",1531146.02653,0,0.883758023484233,0
1857,"Acacia SP","17/11/2011 12:23","Muy bajo (1 - 2 mts)",4,"Chico",-68.8592509876,-32.8711191455,6,"Residencial Norte",2694682.37982,0,0.499898796972128,0
34131,"Morera","10/03/2011 09:53","Bajo (2 - 4 mts)",13,"Chico",-68.8561640738,-32.8732108282,6,"Residencial Norte",2694682.37982,0,0.0721729667747956,0
42820,"Morera","07/10/2011 18:38","Alto (> 8 mts)",70,"Grande",-68.8308683354,-32.8767397009,4,"Cuarta Este Área Fundacional",1822015.85685,1,0.16652708723779,0
6436,"lamo criollo","10/05/2011 09:20","Alto (> 8 mts)",190,"Grande",-68.8610887416,-32.8863825064,5,"Residencial Sur",2423808.92355,0,0.0485317783020275,0
35188,"Fresno americano","29/03/2011 10:38","Alto (> 8 mts)",112,"Grande",-68.8518916517,-32.8825596665,1,"Parque Central",1655357.93265,0,0.601689716970891,0
45152,"Morera","01/09/2011 09:41","Medio (4 - 8 mts)",30,"Mediano",-68.82446709,-32.87103813,4,"Cuarta Este Área Fundacional",1822015.85685,0,0.890819868286471,0
38302,"Paraiso","02/12/2010 09:26","Medio (4 - 8 mts)",40,"Mediano",-68.8468919456,-32.8718345679,6,"Residencial Norte",2694682.37982,0,0.490410184032725,0
30286,"Morera","04/03/2011 12:16","Alto (> 8 mts)",120,"Grande",-68.8412104486,-32.8902407728,3,"Parque O'Higgins",1531146.02653,1,0.473930186574379,0
24068,"Fresno europeo","21/01/2011 08:43","Alto (> 8 mts)",108,"Grande",-68.8463896135,-32.9010854744,2,"Barrio Civico",2366816.36021,0,0.231377638539928,0
42906,"Olmo bola","29/09/2011 11:15","Medio (4 - 8 mts)",90,"Grande",-68.8336825458,-32.8770684448,4,"Cuarta Este Área Fundacional",1822015.85685,0,0.752283248474944,0
11439,"Paraiso","01/02/2011 14:58","Alto (> 8 mts)",144,"Grande",-68.8508624446,-32.9024709782,2,"Barrio Civico",2366816.36021,0,0.838559834261759,0
21071,"Prunas","23/06/2011 10:36","Bajo (2 - 4 mts)",50,"Mediano",-68.8630738107,-32.9001288643,5,"Residencial Sur",2423808.92355,0,0.416063592384236,0
4886,"Pltano","19/07/2011 09:25","Alto (> 8 mts)",138,"Grande",-68.8444197131,-32.8715787609,6,"Residencial Norte",2694682.37982,1,0.628122007680498,0
10774,"Morera","04/04/2011 12:29","Medio (4 - 8 mts)",52,"Mediano",-68.8523304426,-32.8768220292,6,"Residencial Norte",2694682.37982,0,0.631871506085753,0
17987,"Fresno europeo","29/07/2011 18:06","Medio (4 - 8 mts)",124,"Grande",-68.8396064163,-32.8674337468,4,"Cuarta Oeste",1173332.70145,0,0.933525255880759,0
36951,"Paraiso","08/04/2011 10:42","Alto (> 8 mts)",125,"Grande",-68.8581436928,-32.8782015296,7,"Residencial Parque",1786336.08966,0,0.248841317828125,0
1024,"Aguaribay","14/12/2011 11:06","Medio (4 - 8 mts)",40,"Mediano",-68.8815285073,-32.8651158587,8,"Aeroparque",2203364.73622,0,0.329582737184145,0
30884,"Paraiso","17/02/2011 09:28","Alto (> 8 mts)",70,"Grande",-68.8540272488,-32.8656433501,6,"Residencial Norte",2694682.37982,0,0.0902580689488335,0
15875,"Acacia SP","28/11/2011 20:53","Medio (4 - 8 mts)",50,"Mediano",-68.8723414679,-32.8768895046,7,"Residencial Parque",1786336.08966,1,0.745812992743058,0
22955,"Paraiso","19/05/2011 16:47","Medio (4 - 8 mts)",120,"Grande",-68.8557797332,-32.8997270806,5,"Residencial Sur",2423808.92355,0,0.242311160744656,0
3846,"Morera","31/08/2011 10:09","Bajo (2 - 4 mts)",26,"Mediano",-68.8290711584,-32.8704457944,4,"Cuarta Este Área Fundacional",1822015.85685,0,0.353684070247617,0
28045,"Morera","23/03/2011 17:58","Alto (> 8 mts)",128,"Grande",-68.8464864541,-32.8937748401,2,"Barrio Civico",2366816.36021,0,0.916988634479224,0
4600,"Caducifolio","29/07/2011 09:34","Alto (> 8 mts)",104,"Grande",-68.8349899373,-32.866959224,4,"Cuarta Oeste",1173332.70145,0,0.61899697561996,0
47982,"Morera","31/08/2011 09:59","Alto (> 8 mts)",110,"Grande",-68.8260940361,-32.8700893442,4,"Cuarta Este Área Fundacional",1822015.85685,0,0.651013347861166,0
22693,"Pltano","10/05/2011 12:05","Alto (> 8 mts)",148,"Grande",-68.8531445383,-32.8995065744,5,"Residencial Sur",2423808.92355,0,0.198703554229514,0
46715,"Morera","05/09/2011 09:43","Alto (> 8 mts)",180,"Grande",-68.8322853174,-32.8706237021,4,"Cuarta Este Área Fundacional",1822015.85685,1,0.379294577224219,0
44104,"Fresno europeo","11/11/2011 09:19","Muy bajo (1 - 2 mts)",15,"Chico",-68.8296842876,-32.8851095164,3,"Parque O'Higgins",1531146.02653,0,0.327858831881008,0
14544,"Morera","05/12/2011 12:46","Medio (4 - 8 mts)",50,"Mediano",-68.8794513031,-32.8675404786,8,"Aeroparque",2203364.73622,0,0.855802416236894,0
36472,"Morera","18/03/2011 12:04","Alto (> 8 mts)",137,"Grande",-68.854879614,-32.8793188722,6,"Residencial Norte",2694682.37982,0,0.973931098792463,0
16702,"Morera","21/07/2011 10:23","Medio (4 - 8 mts)",56,"Mediano",-68.8402084723,-32.8641167198,4,"Cuarta Oeste",1173332.70145,0,0.285515624214378,0
42069,"Fresno americano","12/04/2011 12:10","Bajo (2 - 4 mts)",140,"Grande",-68.8420797675,-32.880050768,1,"Parque Central",1655357.93265,0,0.837874908481534,0
38485,"Paraiso","02/11/2010 11:00","Alto (> 8 mts)",195,"Grande",-68.8506857484,-32.8703345865,6,"Residencial Norte",2694682.37982,1,0.895991503017696,0
40161,"Fresno europeo","14/04/2011 10:13","Medio (4 - 8 mts)",40,"Mediano",-68.8445537545,-32.879899317,1,"Parque Central",1655357.93265,0,0.969112029857657,0
41166,"Morera","18/04/2011 11:59","Alto (> 8 mts)",98,"Grande",-68.837958782,-32.8810505238,1,"Parque Central",1655357.93265,0,0.890592092201494,0
23360,"Morera","31/01/2011 17:03","Alto (> 8 mts)",86,"Grande",-68.851041541,-32.9023333621,2,"Barrio Civico",2366816.36021,0,0.97588753446191,0
3644,"Prunas","24/08/2011 12:19","Muy bajo (1 - 2 mts)",20,"Chico",-68.8226937383,-32.8694072536,4,"Cuarta Este Área Fundacional",1822015.85685,0,0.302791426926751,0
41504,"Olmo comun","07/04/2011 10:47","Medio (4 - 8 mts)",130,"Grande",-68.8431760331,-32.8816399382,1,"Parque Central",1655357.93265,0,0.53814195211263,0
28850,"Fresno americano","27/04/2011 09:24","Alto (> 8 mts)",65,"Grande",-68.8473291647,-32.8854950332,1,"Parque Central",1655357.93265,0,0.124556545827907,0
26392,"Fresno americano","25/10/2011 10:18","Alto (> 8 mts)",130,"Grande",-68.832824265,-32.8889663933,3,"Parque O'Higgins",1531146.02653,0,0.535161086481702,0
2196,"Pltano","03/11/2011 08:53","Muy bajo (1 - 2 mts)",10,"Chico",-68.8343295725,-32.8905593363,3,"Parque O'Higgins",1531146.02653,0,0.0356339064048494,0
6074,"Morera","11/04/2011 12:06","Medio (4 - 8 mts)",80,"Grande",-68.8455334159,-32.883607468,1,"Parque Central",1655357.93265,0,0.435354342041437,0
23828,"Morera","26/01/2011 17:03","Alto (> 8 mts)",120,"Grande",-68.8501535577,-32.9012430587,2,"Barrio Civico",2366816.36021,0,0.420176403310736,0
24475,"Morera","19/01/2011 13:14","Alto (> 8 mts)",125,"Grande",-68.8464574904,-32.9035606963,2,"Barrio Civico",2366816.36021,0,0.461903872194038,0
27974,"Fresno europeo","31/10/2011 09:36","Alto (> 8 mts)",158,"Grande",-68.8364344792,-32.8930386388,3,"Parque O'Higgins",1531146.02653,0,0.863756213627149,0
36612,"Morera","15/06/2011 10:05","Medio (4 - 8 mts)",110,"Grande",-68.8577203659,-32.8828953804,7,"Residencial Parque",1786336.08966,1,0.674207451911959,0
14132,"Paraiso","01/12/2011 12:57","Medio (4 - 8 mts)",95,"Grande",-68.8768893405,-32.8677645688,8,"Aeroparque",2203364.73622,0,0.443158834501498,0
28704,"Morera","01/03/2011 11:58","Bajo (2 - 4 mts)",20,"Chico",-68.8473125964,-32.8904691963,2,"Barrio Civico",2366816.36021,0,0.927150706496189,0
19194,"Paraiso","06/07/2011 10:04","Alto (> 8 mts)",53,"Mediano",-68.8395962972,-32.8727591333,4,"Cuarta Oeste",1173332.70145,1,0.574603045854223,0
2200,"Pltano","03/11/2011 11:01","Alto (> 8 mts)",191,"Grande",-68.8334033062,-32.8900243713,3,"Parque O'Higgins",1531146.02653,0,0.809576772110129,0
40460,"Pltano","11/04/2011 10:32","Alto (> 8 mts)",200,"Grande",-68.8435447154,-32.8829553546,1,"Parque Central",1655357.93265,0,0.0122883032104946,0
4161,"lamo criollo","21/07/2011 09:22","Medio (4 - 8 mts)",25,"Mediano",-68.8453923887,-32.8732258832,6,"Residencial Norte",2694682.37982,0,0.238373772970986,0
44200,"Fresno europeo","14/10/2011 13:46","Alto (> 8 mts)",108,"Grande",-68.834913735,-32.8824543443,3,"Parque O'Higgins",1531146.02653,0,0.351339356228307,0
10287,"Morera","06/12/2010 11:50","Bajo (2 - 4 mts)",35,"Mediano",-68.8469188725,-32.8714301783,6,"Residencial Norte",2694682.37982,0,0.0297217816167277,0
37082,"Morera","06/04/2011 09:37","Bajo (2 - 4 mts)",60,"Mediano",-68.8577494081,-32.8761526557,6,"Residencial Norte",2694682.37982,0,0.431358521198615,0
43231,"Pltano","04/10/2011 09:04","Alto (> 8 mts)",260,"Grande",-68.8350258075,-32.8795712605,1,"Parque Central",1655357.93265,0,0.0832841113722828,0
21236,"Fresno europeo","10/05/2011 12:38","Bajo (2 - 4 mts)",20,"Chico",-68.8532458045,-32.894198881,5,"Residencial Sur",2423808.92355,0,0.810801061223581,0
28505,"Morera","25/02/2011 09:01","Alto (> 8 mts)",200,"Grande",-68.8484462514,-32.889756275,5,"Residencial Sur",2423808.92355,1,0.94229022144477,0
30098,"Pltano","26/04/2011 10:27","Alto (> 8 mts)",185,"Grande",-68.842146559,-32.8878225299,3,"Parque O'Higgins",1531146.02653,0,0.767244585219082,0
28659,"Morera","23/02/2011 09:12","Alto (> 8 mts)",170,"Grande",-68.8487512855,-32.890883739,2,"Barrio Civico",2366816.36021,1,0.127322813087849,0
39621,"Acer","25/10/2010 11:43","Medio (4 - 8 mts)",39,"Mediano",-68.8488102745,-32.869171312,6,"Residencial Norte",2694682.37982,0,0.564704833065624,0
37629,"Morera","13/12/2010 11:13","Alto (> 8 mts)",130,"Grande",-68.8497476142,-32.8722338742,6,"Residencial Norte",2694682.37982,0,0.0699611105861767,0
26368,"Fresno europeo","20/10/2011 11:41","Medio (4 - 8 mts)",100,"Grande",-68.8334969123,-32.8886819053,3,"Parque O'Higgins",1531146.02653,0,0.104163360944388,0
24662,"Fresno europeo","18/01/2011 13:46","Medio (4 - 8 mts)",55,"Mediano",-68.8427552677,-32.9010775943,2,"Barrio Civico",2366816.36021,0,0.394727082588379,0
37236,"Paraiso","11/03/2011 13:51","Alto (> 8 mts)",135,"Grande",-68.8573841978,-32.8726123785,6,"Residencial Norte",2694682.37982,0,0.632631647227577,0
18869,"Caducifolio","27/07/2011 09:06","Medio (4 - 8 mts)",39,"Mediano",-68.8407587223,-32.8704452447,4,"Cuarta Oeste",1173332.70145,1,0.803908538767389,0
25805,"Paraiso","02/02/2011 08:48","Alto (> 8 mts)",125,"Grande",-68.8405904812,-32.9035596989,2,"Barrio Civico",2366816.36021,0,0.747947065547386,0
38196,"Morera","25/08/2010 11:31","Alto (> 8 mts)",112,"Grande",-68.8464107426,-32.8737739718,6,"Residencial Norte",2694682.37982,0,0.234988267779069,0
29038,"Morera","20/04/2011 10:02","Alto (> 8 mts)",135,"Grande",-68.8440247777,-32.8873514171,1,"Parque Central",1655357.93265,0,0.449394062072302,0
11128,"Ailanthus","27/01/2011 14:01","Alto (> 8 mts)",150,"Grande",-68.8427144338,-32.9022846531,2,"Barrio Civico",2366816.36021,0,0.812998541853524,0
10749,"Fresno europeo","06/04/2011 09:44","Bajo (2 - 4 mts)",23,"Mediano",-68.8544001477,-32.876442416,6,"Residencial Norte",2694682.37982,0,0.757194398198505,0
44561,"Morera","20/10/2011 09:10","Muy bajo (1 - 2 mts)",6,"Chico",-68.8341204273,-32.8853973298,3,"Parque O'Higgins",1531146.02653,0,0.899589286578193,0
24685,"Morera","14/01/2011 13:20","Alto (> 8 mts)",140,"Grande",-68.8426716189,-32.8964681649,2,"Barrio Civico",2366816.36021,1,0.484692906627754,0
3646,"Morera","24/08/2011 12:03","Medio (4 - 8 mts)",57,"Mediano",-68.8220785421,-32.8694271822,4,"Cuarta Este Área Fundacional",1822015.85685,0,0.0970906999468649,0
40182,"Pltano","14/04/2011 12:42","Alto (> 8 mts)",190,"Grande",-68.8458560444,-32.8827417191,1,"Parque Central",1655357.93265,0,0.416546880407273,0
13408,"Morera","06/04/2011 12:51","Medio (4 - 8 mts)",160,"Grande",-68.8437579723,-32.8658213492,4,"Cuarta Oeste",1173332.70145,0,0.395118267227517,0
24355,"Perenne","26/01/2011 10:26","Bajo (2 - 4 mts)",5,"Chico",-68.8447792142,-32.9027142521,2,"Barrio Civico",2366816.36021,0,0.906565012439633,0
10661,"Morera","23/03/2011 10:02","Medio (4 - 8 mts)",140,"Grande",-68.8526180868,-32.874574693,6,"Residencial Norte",2694682.37982,0,0.291524750522849,0
29684,"Pltano","02/03/2011 19:07","Alto (> 8 mts)",104,"Grande",-68.840438309,-32.89420835,2,"Barrio Civico",2366816.36021,0,0.398638975494639,0
1314,"Aguaribay","30/11/2011 11:21","Medio (4 - 8 mts)",68,"Grande",-68.8772304427,-32.8646001007,8,"Aeroparque",2203364.73622,0,0.35905336220581,0
39682,"Morera","30/08/2010 11:14","Muy bajo (1 - 2 mts)",3,"Chico",-68.8460361778,-32.8691130154,6,"Residencial Norte",2694682.37982,0,0.894778353366171,0
16081,"Morera","21/07/2011 10:30","Alto (> 8 mts)",180,"Grande",-68.8445074337,-32.8725432553,6,"Residencial Norte",2694682.37982,0,0.198827622896933,0
36316,"Fresno europeo","01/04/2011 12:37","Medio (4 - 8 mts)",104,"Grande",-68.8528616254,-32.8771922034,6,"Residencial Norte",2694682.37982,0,0.760293017987913,0
3371,"Pltano","30/09/2011 14:59","Alto (> 8 mts)",200,"Grande",-68.8315740458,-32.8764663563,4,"Cuarta Este Área Fundacional",1822015.85685,0,0.820548381083042,0
7710,"Tilo","31/05/2011 08:47","Bajo (2 - 4 mts)",30,"Mediano",-68.8574171221,-32.8843797478,5,"Residencial Sur",2423808.92355,0,0.874184806471705,0
14595,"Paraiso","14/12/2011 10:10","Medio (4 - 8 mts)",65,"Grande",-68.8793911984,-32.8683176215,8,"Aeroparque",2203364.73622,0,0.198992887264663,0
45413,"Ligustro","09/09/2011 16:04","Medio (4 - 8 mts)",50,"Mediano",-68.8250738659,-32.8722134019,4,"Cuarta Este Área Fundacional",1822015.85685,0,0.0196916449968738,0
45533,"Fresno europeo","19/09/2011 10:22","Alto (> 8 mts)",250,"Grande",-68.821206839,-32.8727631416,4,"Cuarta Este Área Fundacional",1822015.85685,0,0.457639750658855,0
4566,"Prunas","08/08/2011 13:08","Medio (4 - 8 mts)",50,"Mediano",-68.8391937757,-32.8642144304,4,"Cuarta Oeste",1173332.70145,0,0.726983778255971,0
27161,"Morera","27/10/2011 09:53","Bajo (2 - 4 mts)",16,"Chico",-68.8371479656,-32.8907788175,3,"Parque O'Higgins",1531146.02653,0,0.415870121133343,0
39912,"Morera","02/05/2011 10:26","Medio (4 - 8 mts)",200,"Grande",-68.8431607535,-32.8755746999,1,"Parque Central",1655357.93265,0,0.843375476827018,0
43668,"Morera","13/10/2011 17:35","Medio (4 - 8 mts)",110,"Grande",-68.8351596137,-32.8815825616,3,"Parque O'Higgins",1531146.02653,0,0.0417013728949421,0
14568,"Aguaribay","14/12/2011 11:08","Alto (> 8 mts)",185,"Grande",-68.8787497744,-32.8672347444,8,"Aeroparque",2203364.73622,0,0.816112210926387,0
31998,"Fresno americano","03/06/2011 12:20","Alto (> 8 mts)",105,"Grande",-68.8589365612,-32.8872554223,5,"Residencial Sur",2423808.92355,0,0.52690841715186,0
5243,"lamo criollo","05/05/2011 12:06","Medio (4 - 8 mts)",100,"Grande",-68.8416807572,-32.873185787,4,"Cuarta Oeste",1173332.70145,0,0.338213939641287,0
3442,"Fresno europeo","17/08/2011 10:29","Medio (4 - 8 mts)",196,"Grande",-68.8288870248,-32.8667641366,4,"Cuarta Este Área Fundacional",1822015.85685,0,0.0663980043987095,0
47691,"Paraiso","09/09/2011 14:28","Alto (> 8 mts)",195,"Grande",-68.8297863961,-32.8719937023,4,"Cuarta Este Área Fundacional",1822015.85685,0,0.832341606709636,0
26830,"Morera","09/11/2011 11:48","Medio (4 - 8 mts)",50,"Mediano",-68.8330580198,-32.8938513098,3,"Parque O'Higgins",1531146.02653,0,0.0421566353348763,0
13823,"Paraiso sombrilla","26/01/2011 10:01","Medio (4 - 8 mts)",70,"Grande",-68.8496591494,-32.8638162666,6,"Residencial Norte",2694682.37982,0,0.475189221528303,0
10730,"Morera","06/04/2011 11:56","Alto (> 8 mts)",98,"Grande",-68.858096655,-32.8767258583,7,"Residencial Parque",1786336.08966,0,0.439107804315646,0
38048,"Morera","06/12/2010 11:44","Alto (> 8 mts)",160,"Grande",-68.8468622679,-32.8711973944,6,"Residencial Norte",2694682.37982,0,0.360712061888048,0
12547,"Fresno europeo","10/01/2011 12:55","Alto (> 8 mts)",120,"Grande",-68.8446504898,-32.8627468241,4,"Cuarta Oeste",1173332.70145,0,0.270115549408442,0
33121,"Acer","27/06/2011 11:40","Alto (> 8 mts)",95,"Grande",-68.8539562118,-32.8902744743,5,"Residencial Sur",2423808.92355,0,0.600896501654003,0
48121,"Olmo comun","17/08/2011 11:27","Medio (4 - 8 mts)",95,"Grande",-68.8294623276,-32.8668765727,4,"Cuarta Este Área Fundacional",1822015.85685,0,0.467199948613477,0
39107,"Paraiso","15/11/2010 11:33","Medio (4 - 8 mts)",90,"Grande",-68.8539360765,-32.8708718664,6,"Residencial Norte",2694682.37982,0,0.117378313991942,0
43730,"Morera","17/10/2011 17:07","Medio (4 - 8 mts)",150,"Grande",-68.8325213463,-32.882115744,3,"Parque O'Higgins",1531146.02653,0,0.97228139057072,0
19846,"Pltano","30/06/2011 10:04","Alto (> 8 mts)",170,"Grande",-68.8343859639,-32.8635964068,4,"Cuarta Oeste",1173332.70145,0,0.594088249586173,0
9561,"Fresno europeo","16/02/2011 12:51","Medio (4 - 8 mts)",60,"Mediano",-68.8556580592,-32.8653884052,6,"Residencial Norte",2694682.37982,0,0.524931740947541,0
1544,"Tipa","23/11/2011 10:28","Bajo (2 - 4 mts)",60,"Mediano",-68.872861208,-32.8784579018,7,"Residencial Parque",1786336.08966,0,0.605057281057405,0
24220,"Paraiso","26/01/2011 08:47","Alto (> 8 mts)",250,"Grande",-68.8457513184,-32.9013055576,2,"Barrio Civico",2366816.36021,0,0.337341054646333,0
37769,"Fresno europeo","22/02/2012 07:45","Medio (4 - 8 mts)",100,"Grande",-68.8490775839,-32.8725509202,6,"Residencial Norte",2694682.37982,0,0.696399902927664,0
19031,"Morera","13/07/2011 10:13","Alto (> 8 mts)",190,"Grande",-68.8399182644,-32.8720031958,4,"Cuarta Oeste",1173332.70145,1,0.595348274988735,0
482,"Fresno europeo","07/03/2012 10:41","Muy bajo (1 - 2 mts)",16,"Chico",-68.8227024673,-32.8682332782,4,"Cuarta Este Área Fundacional",1822015.85685,0,0.112480455090355,0
29468,"Morera","22/03/2011 08:28","Alto (> 8 mts)",170,"Grande",-68.8442131097,-32.8934682065,2,"Barrio Civico",2366816.36021,0,0.066830360542013,0
36442,"Morera","18/03/2011 12:20","Alto (> 8 mts)",111,"Grande",-68.8522073962,-32.8800542182,6,"Residencial Norte",2694682.37982,0,0.825087401834141,0
15629,"Acacia SP","15/11/2011 19:07","Bajo (2 - 4 mts)",13,"Chico",-68.8618600774,-32.8715607823,7,"Residencial Parque",1786336.08966,0,0.949222368784433,0
19957,"Morera","05/08/2011 09:51","Alto (> 8 mts)",133,"Grande",-68.8339138486,-32.864409449,4,"Cuarta Oeste",1173332.70145,1,0.569888841343185,0
29247,"Pltano","25/02/2011 09:08","Alto (> 8 mts)",180,"Grande",-68.8453479992,-32.8879888433,1,"Parque Central",1655357.93265,0,0.592691665482302,0
9602,"Morera","28/01/2011 09:33","Medio (4 - 8 mts)",110,"Grande",-68.8505882439,-32.8635860533,6,"Residencial Norte",2694682.37982,0,0.728879934596211,0
41778,"Morera","27/04/2011 10:42","Medio (4 - 8 mts)",130,"Grande",-68.8419798738,-32.8782537226,1,"Parque Central",1655357.93265,0,0.933977083406371,0
46126,"Morera","05/10/2011 11:02","Medio (4 - 8 mts)",100,"Grande",-68.8243218639,-32.8745445893,4,"Cuarta Este Área Fundacional",1822015.85685,0,0.118656099823554,0
19307,"Morera","13/07/2011 10:09","Alto (> 8 mts)",160,"Grande",-68.8358424203,-32.8704178803,4,"Cuarta Oeste",1173332.70145,0,0.226108580073644,0
45881,"Fresno europeo","25/08/2011 12:44","Medio (4 - 8 mts)",125,"Grande",-68.8201810299,-32.8696014148,4,"Cuarta Este Área Fundacional",1822015.85685,0,0.414625854321999,0
731,"Paraiso sombrilla","19/12/2011 08:55","Bajo (2 - 4 mts)",26,"Mediano",-68.88123911,-32.872389278,8,"Aeroparque",2203364.73622,0,0.539183612573458,0
6470,"Morera","27/05/2011 10:55","Alto (> 8 mts)",75,"Grande",-68.8530043677,-32.8892269387,5,"Residencial Sur",2423808.92355,0,0.52217759918964,0
12971,"Morera","15/02/2011 08:49","Alto (> 8 mts)",200,"Grande",-68.8439227509,-32.8647607431,4,"Cuarta Oeste",1173332.70145,0,0.890259307371399,0
30927,"Fresno europeo","14/02/2011 09:00","Medio (4 - 8 mts)",100,"Grande",-68.8560275036,-32.8639789761,6,"Residencial Norte",2694682.37982,0,0.916914249725432,0
47835,"Pltano","21/09/2011 10:03","Alto (> 8 mts)",220,"Grande",-68.8279471795,-32.874175026,4,"Cuarta Este Área Fundacional",1822015.85685,0,0.464768611330725,0
41239,"Morera","15/04/2011 10:57","Alto (> 8 mts)",98,"Grande",-68.8388884322,-32.8810809937,1,"Parque Central",1655357.93265,0,0.584804842190695,0
44818,"Morera","26/08/2011 10:24","Alto (> 8 mts)",100,"Grande",-68.8232091816,-32.8695656957,4,"Cuarta Este Área Fundacional",1822015.85685,0,0.432232171940706,0
15959,"Morera","25/11/2011 10:51","Medio (4 - 8 mts)",70,"Grande",-68.8728080379,-32.8761706761,7,"Residencial Parque",1786336.08966,0,0.388707507880047,0
42843,"Fresno europeo","30/09/2011 14:04","Medio (4 - 8 mts)",40,"Mediano",-68.8321546907,-32.876790035,4,"Cuarta Este Área Fundacional",1822015.85685,0,0.316770732349444,0
13788,"Paraiso","26/01/2011 12:16","Medio (4 - 8 mts)",140,"Grande",-68.8496035937,-32.8645026605,6,"Residencial Norte",2694682.37982,0,0.527112720856978,0
34526,"Morera","29/03/2011 12:57","Alto (> 8 mts)",170,"Grande",-68.8494349277,-32.8761130363,6,"Residencial Norte",2694682.37982,0,0.459970419077881,0
32662,"Fresno europeo","24/06/2011 12:57","Medio (4 - 8 mts)",26,"Mediano",-68.8503239708,-32.890338666,5,"Residencial Sur",2423808.92355,0,0.83522891447114,0
1201,"Paraiso","29/11/2011 11:21","Alto (> 8 mts)",130,"Grande",-68.8772046984,-32.8653960112,8,"Aeroparque",2203364.73622,0,0.972107857119083,0
36329,"Morera","01/04/2011 13:08","Medio (4 - 8 mts)",108,"Grande",-68.8535197528,-32.8775867454,6,"Residencial Norte",2694682.37982,0,0.256408277446214,0
6585,"Morera","06/05/2011 10:27","Medio (4 - 8 mts)",97,"Grande",-68.8522845911,-32.8933652837,5,"Residencial Sur",2423808.92355,0,0.0974095810556636,0
3514,"Morera","02/09/2011 11:32","Bajo (2 - 4 mts)",56,"Mediano",-68.8265055214,-32.868615302,4,"Cuarta Este Área Fundacional",1822015.85685,0,0.787052240472384,0
35160,"Fresno americano","30/03/2011 10:16","Alto (> 8 mts)",110,"Grande",-68.8514521452,-32.8818869162,1,"Parque Central",1655357.93265,0,0.392589210773516,0
39756,"Fresno europeo","13/07/2011 14:09","Alto (> 8 mts)",80,"Grande",-68.8500497573,-32.8834872495,1,"Parque Central",1655357.93265,0,0.336423315038579,0
11505,"Morera","22/02/2011 11:22","Alto (> 8 mts)",220,"Grande",-68.8531469137,-32.8664907635,6,"Residencial Norte",2694682.37982,1,0.613808763908025,0
46957,"Morera","09/09/2011 11:05","Medio (4 - 8 mts)",52,"Mediano",-68.8311285773,-32.870854067,4,"Cuarta Este Área Fundacional",1822015.85685,1,0.151628059665619,0
39320,"Morera","30/12/2010 11:56","Alto (> 8 mts)",60,"Mediano",-68.8559850346,-32.8714639502,6,"Residencial Norte",2694682.37982,0,0.0331971038367285,0
46450,"Morera","17/08/2011 13:32","Alto (> 8 mts)",170,"Grande",-68.8325647619,-32.8680523559,4,"Cuarta Oeste",1173332.70145,0,0.441948522039474,0
8943,"Morera","20/01/2011 13:58","Alto (> 8 mts)",190,"Grande",-68.8477531355,-32.8685881321,6,"Residencial Norte",2694682.37982,0,0.856903267958995,0
9116,"Acacia SP","23/02/2011 10:07","Bajo (2 - 4 mts)",12,"Chico",-68.8538611562,-32.8658074342,6,"Residencial Norte",2694682.37982,0,0.524938044749444,0
23362,"Morera","28/01/2011 13:20","Alto (> 8 mts)",110,"Grande",-68.8509775431,-32.9023927063,2,"Barrio Civico",2366816.36021,1,0.621379949196144,0
9885,"Morera","26/11/2010 09:56","Alto (> 8 mts)",90,"Grande",-68.8551001976,-32.872589645,6,"Residencial Norte",2694682.37982,0,0.461369460342728,0
37498,"Morera","16/11/2010 09:09","Alto (> 8 mts)",190,"Grande",-68.8567958109,-32.8692317288,6,"Residencial Norte",2694682.37982,1,0.136994373812409,0
30017,"Pltano","29/04/2011 11:21","Alto (> 8 mts)",98,"Grande",-68.8409813034,-32.8867159491,3,"Parque O'Higgins",1531146.02653,0,0.892290788439322,0
34587,"Fresno europeo","17/01/2012 19:19","Bajo (2 - 4 mts)",36,"Mediano",-68.8489654988,-32.8748583948,6,"Residencial Norte",2694682.37982,0,0.57616121477431,0
5705,"Morera","04/05/2011 13:54","Bajo (2 - 4 mts)",6,"Chico",-68.8414263661,-32.8787481536,1,"Parque Central",1655357.93265,0,0.135584301701751,0
23265,"Morera","26/01/2012 13:23","Medio (4 - 8 mts)",140,"Grande",-68.8519724086,-32.9011993292,2,"Barrio Civico",2366816.36021,1,0.592503396573754,0
27495,"Morera","27/10/2011 10:00","Alto (> 8 mts)",130,"Grande",-68.8372389791,-32.8923220001,3,"Parque O'Higgins",1531146.02653,0,0.0122507102851518,0
26390,"Fresno americano","25/10/2011 10:07","Medio (4 - 8 mts)",78,"Grande",-68.8328643178,-32.8898894236,3,"Parque O'Higgins",1531146.02653,1,0.69081785743615,0
44840,"Olmo comun","23/08/2011 08:59","Medio (4 - 8 mts)",40,"Mediano",-68.8244225608,-32.8671364224,4,"Cuarta Este Área Fundacional",1822015.85685,0,0.239245441872425,0
46142,"Morera","27/09/2011 11:07","Alto (> 8 mts)",80,"Grande",-68.8236233395,-32.8740918813,4,"Cuarta Este Área Fundacional",1822015.85685,0,0.828063733961357,0
7609,"Paraiso","03/06/2011 16:38","Medio (4 - 8 mts)",100,"Grande",-68.8591861154,-32.8824666108,7,"Residencial Parque",1786336.08966,0,0.229837625596361,0
32198,"Fresno americano","10/05/2011 11:09","Medio (4 - 8 mts)",80,"Grande",-68.8588960955,-32.8849388389,5,"Residencial Sur",2423808.92355,0,0.449701671704893,0
13004,"Fresno europeo","15/02/2011 10:13","Muy bajo (1 - 2 mts)",6,"Chico",-68.8441282027,-32.8659480844,4,"Cuarta Oeste",1173332.70145,0,0.0836278878392546,0
1036,"Aguaribay","14/12/2011 10:47","Medio (4 - 8 mts)",120,"Grande",-68.8823897088,-32.8649510288,8,"Aeroparque",2203364.73622,0,0.412256508560359,0
13869,"Acer","16/12/2011 12:39","Bajo (2 - 4 mts)",44,"Mediano",-68.8759603268,-32.8678481219,8,"Aeroparque",2203364.73622,0,0.301955630604098,0
13947,"Paraiso sombrilla","29/11/2011 13:04","Medio (4 - 8 mts)",130,"Grande",-68.8763300531,-32.8652165021,8,"Aeroparque",2203364.73622,0,0.730146678643729,0
10209,"Morera","15/12/2010 10:36","Alto (> 8 mts)",170,"Grande",-68.8510086889,-32.8707528132,6,"Residencial Norte",2694682.37982,0,0.730623763757357,0
33367,"Fresno europeo","19/05/2011 09:41","Medio (4 - 8 mts)",100,"Grande",-68.8580174456,-32.8914333634,5,"Residencial Sur",2423808.92355,0,0.945119890977085,0
47387,"Morera","21/09/2011 11:31","Medio (4 - 8 mts)",228,"Grande",-68.8291370982,-32.8753910145,4,"Cuarta Este Área Fundacional",1822015.85685,0,0.832444774273484,0
3352,"Prunas","27/09/2011 12:22","Bajo (2 - 4 mts)",30,"Mediano",-68.8260498777,-32.8756103784,4,"Cuarta Este Área Fundacional",1822015.85685,0,0.507790469447348,0
27523,"Fresno europeo","26/10/2011 09:42","Muy bajo (1 - 2 mts)",10,"Chico",-68.837065303,-32.8915495458,3,"Parque O'Higgins",1531146.02653,0,0.202329637064674,0
4461,"Morera","03/08/2011 09:06","Alto (> 8 mts)",130,"Grande",-68.8377809694,-32.8685852447,4,"Cuarta Oeste",1173332.70145,0,0.880769546373931,0
48195,"Fresno europeo","02/09/2011 07:37","Medio (4 - 8 mts)",115,"Grande",-68.8290044313,-32.8691691613,4,"Cuarta Este Área Fundacional",1822015.85685,0,0.740893733372286,0
10076,"Morera","22/10/2010 10:54","Alto (> 8 mts)",170,"Grande",-68.8464169724,-32.8694726077,6,"Residencial Norte",2694682.37982,0,0.986000675617163,0
4330,"Morera","13/07/2011 09:48","Medio (4 - 8 mts)",38,"Mediano",-68.8363249028,-32.8704259524,4,"Cuarta Oeste",1173332.70145,0,0.103307448144961,0
19351,"Morera","19/07/2011 10:21","Alto (> 8 mts)",140,"Grande",-68.8368818188,-32.8711354557,4,"Cuarta Oeste",1173332.70145,0,0.524064305505946,0
3907,"Fresno americano","01/09/2011 10:44","Bajo (2 - 4 mts)",38,"Mediano",-68.8202393745,-32.8703284227,4,"Cuarta Este Área Fundacional",1822015.85685,0,0.762024023607844,0
41393,"Morera","15/04/2011 11:17","Medio (4 - 8 mts)",32,"Mediano",-68.8415331602,-32.8819021609,1,"Parque Central",1655357.93265,1,0.787854686981885,0
14381,"Paraiso sombrilla","01/12/2011 11:34","Bajo (2 - 4 mts)",62,"Grande",-68.8784539315,-32.8665567079,8,"Aeroparque",2203364.73622,0,0.996703061917365,0
21053,"Olmo comun","24/06/2011 09:44","Alto (> 8 mts)",160,"Grande",-68.8637193645,-32.8996352674,5,"Residencial Sur",2423808.92355,0,0.00190808795958952,0
20332,"lamo criollo","13/05/2011 11:13","Alto (> 8 mts)",80,"Grande",-68.8621426409,-32.8916770174,5,"Residencial Sur",2423808.92355,0,0.432010940657232,0
28050,"Morera","16/03/2011 18:09","Medio (4 - 8 mts)",72,"Grande",-68.8457499471,-32.893843391,2,"Barrio Civico",2366816.36021,0,0.548552222954441,0
10597,"Morera","30/03/2011 13:00","Alto (> 8 mts)",150,"Grande",-68.8511934885,-32.8759346352,6,"Residencial Norte",2694682.37982,0,0.280767191651259,0
36025,"Morera","18/03/2011 11:04","Alto (> 8 mts)",108,"Grande",-68.8559741829,-32.8751357264,6,"Residencial Norte",2694682.37982,0,0.200922906045941,0
34809,"Morera","30/03/2011 13:10","Alto (> 8 mts)",170,"Grande",-68.8515333033,-32.8758769672,6,"Residencial Norte",2694682.37982,0,0.32020186774442,0
23263,"Morera","26/01/2012 13:27","Medio (4 - 8 mts)",130,"Grande",-68.8518364354,-32.9011992529,2,"Barrio Civico",2366816.36021,1,0.612934076825356,0
26623,"Pltano","03/11/2011 10:53","Alto (> 8 mts)",325,"Grande",-68.834055338,-32.8899798948,3,"Parque O'Higgins",1531146.02653,0,0.126965498809786,0
5695,"Acer","29/04/2011 13:59","Muy bajo (1 - 2 mts)",3,"Chico",-68.8392843543,-32.8747951777,1,"Parque Central",1655357.93265,0,0.759981476332643,0
21007,"Fresno europeo","22/06/2011 09:12","Alto (> 8 mts)",120,"Grande",-68.8625796267,-32.9007614936,5,"Residencial Sur",2423808.92355,0,0.137005955646693,0
23665,"Fresno europeo","20/01/2011 18:47","Alto (> 8 mts)",150,"Grande",-68.8491612787,-32.9013046413,2,"Barrio Civico",2366816.36021,0,0.644341789713804,0
46806,"Fresno americano","07/09/2011 10:40","Medio (4 - 8 mts)",150,"Grande",-68.8331445607,-32.8717984113,4,"Cuarta Este Área Fundacional",1822015.85685,0,0.786602514651922,0
3857,"Morera","31/08/2011 11:27","Medio (4 - 8 mts)",159,"Grande",-68.8276917101,-32.8701363963,4,"Cuarta Este Área Fundacional",1822015.85685,0,0.376871213179353,0
26806,"Morera","01/11/2011 08:50","Medio (4 - 8 mts)",100,"Grande",-68.8341305847,-32.8949733051,3,"Parque O'Higgins",1531146.02653,0,0.812986305608802,0
18001,"Morera","29/07/2011 17:41","Alto (> 8 mts)",220,"Grande",-68.8402728929,-32.8678148334,4,"Cuarta Oeste",1173332.70145,0,0.0928710706505448,0
32724,"Fresno europeo","17/05/2011 13:18","Medio (4 - 8 mts)",100,"Grande",-68.8532809343,-32.8862074608,5,"Residencial Sur",2423808.92355,0,0.849196348412044,0
25126,"Morera","11/02/2011 09:33","Alto (> 8 mts)",200,"Grande",-68.8356612138,-32.8991309464,2,"Barrio Civico",2366816.36021,1,0.888537394756066,0
46132,"Morera","27/09/2011 11:34","Alto (> 8 mts)",170,"Grande",-68.8240391559,-32.8743663599,4,"Cuarta Este Área Fundacional",1822015.85685,0,0.974472401071367,0
8656,"Morera","04/02/2011 08:35","Alto (> 8 mts)",95,"Grande",-68.8410515113,-32.9019901025,2,"Barrio Civico",2366816.36021,0,0.547872001954161,0
10496,"Morera","10/03/2011 09:57","Bajo (2 - 4 mts)",46,"Mediano",-68.8505286762,-32.8748263426,6,"Residencial Norte",2694682.37982,0,0.404861890395731,0
26896,"Fresno europeo","28/10/2011 17:05","Alto (> 8 mts)",180,"Grande",-68.8372117054,-32.8874238866,3,"Parque O'Higgins",1531146.02653,0,0.657185949357237,0
23609,"Morera","21/01/2011 09:02","Medio (4 - 8 mts)",72,"Grande",-68.8471597815,-32.9001832458,2,"Barrio Civico",2366816.36021,0,0.493822799024425,0
44900,"Morera","23/08/2011 09:46","Medio (4 - 8 mts)",100,"Grande",-68.8251060991,-32.8672047508,4,"Cuarta Este Área Fundacional",1822015.85685,0,0.7315264928774,0
38314,"Paraiso","09/11/2010 11:08","Alto (> 8 mts)",180,"Grande",-68.8532425267,-32.8702802644,6,"Residencial Norte",2694682.37982,0,0.34612387801707,0
4670,"Paraiso","15/08/2011 11:15","Alto (> 8 mts)",170,"Grande",-68.838066672,-32.8639956437,4,"Cuarta Oeste",1173332.70145,0,0.612289561595004,0
45215,"Morera","28/09/2011 10:08","Alto (> 8 mts)",190,"Grande",-68.8223853042,-32.8722739384,4,"Cuarta Este Área Fundacional",1822015.85685,0,0.123129496775131,0
47269,"Fresno europeo","20/09/2011 11:38","Alto (> 8 mts)",94,"Grande",-68.831500334,-32.8729597405,4,"Cuarta Este Área Fundacional",1822015.85685,0,0.155096214333244,0
29447,"Morera","09/03/2011 19:00","Alto (> 8 mts)",142,"Grande",-68.8452934052,-32.8921399833,2,"Barrio Civico",2366816.36021,1,0.371957675254619,0
5393,"Morera","25/04/2011 10:11","Muy bajo (1 - 2 mts)",5,"Chico",-68.845344741,-32.8779275263,1,"Parque Central",1655357.93265,0,0.0945956627668906,0
21018,"Ligustro","21/06/2011 12:10","Alto (> 8 mts)",120,"Grande",-68.8631684806,-32.9004703524,5,"Residencial Sur",2423808.92355,0,0.6752948625909,0
34596,"Paraiso","17/01/2012 16:21","Medio (4 - 8 mts)",180,"Grande",-68.8484005605,-32.8752299666,6,"Residencial Norte",2694682.37982,0,0.661562768130304,0
44142,"Fresno americano","06/10/2011 17:38","Alto (> 8 mts)",130,"Grande",-68.8349995939,-32.8778010114,1,"Parque Central",1655357.93265,0,0.107593899241455,0
7216,"Conifera","24/06/2011 10:48","Alto (> 8 mts)",97,"Grande",-68.861080263,-32.8982266592,5,"Residencial Sur",2423808.92355,0,0.509884430860063,0
14632,"Aguaribay","12/12/2011 12:47","Medio (4 - 8 mts)",125,"Grande",-68.8791596727,-32.8658425066,8,"Aeroparque",2203364.73622,0,0.330418955915598,0
28034,"Morera","16/03/2011 18:53","Alto (> 8 mts)",182,"Grande",-68.8465497872,-32.8927744491,2,"Barrio Civico",2366816.36021,0,0.124685114207172,0
17078,"Morera","16/08/2011 09:02","Muy bajo (1 - 2 mts)",4,"Chico",-68.8368412119,-32.8634941715,4,"Cuarta Oeste",1173332.70145,0,0.263835117481619,0
38211,"Morera","24/08/2010 10:51","Alto (> 8 mts)",167,"Grande",-68.8472850133,-32.8743494221,6,"Residencial Norte",2694682.37982,0,0.274016505494682,0
45050,"Morera","01/09/2011 07:51","Alto (> 8 mts)",180,"Grande",-68.8228055686,-32.8702421237,4,"Cuarta Este Área Fundacional",1822015.85685,1,0.231548943910807,0
39385,"Paraiso","12/11/2010 10:47","Alto (> 8 mts)",100,"Grande",-68.8563107152,-32.8701391043,6,"Residencial Norte",2694682.37982,0,0.769681062948892,0
18691,"Morera","04/07/2011 11:29","Alto (> 8 mts)",155,"Grande",-68.8357726424,-32.8736085231,4,"Cuarta Oeste",1173332.70145,1,0.647685046589129,0
11025,"Paraiso","07/04/2011 11:59","Alto (> 8 mts)",66,"Grande",-68.8583205167,-32.8803943046,7,"Residencial Parque",1786336.08966,1,0.0038569759571947,0
27424,"Morera","25/10/2011 09:38","Alto (> 8 mts)",142,"Grande",-68.8349463895,-32.8927260185,3,"Parque O'Higgins",1531146.02653,1,0.579821786465083,0
30699,"Morera","03/02/2011 12:38","Alto (> 8 mts)",110,"Grande",-68.8555471466,-32.8675847623,6,"Residencial Norte",2694682.37982,0,0.928228690169901,0
21230,"Paraiso","10/05/2011 12:49","Alto (> 8 mts)",180,"Grande",-68.8525406142,-32.8934597982,5,"Residencial Sur",2423808.92355,1,0.515919117477376,0
35335,"Morera","23/06/2011 10:08","Medio (4 - 8 mts)",110,"Grande",-68.8543304558,-32.8833529374,5,"Residencial Sur",2423808.92355,0,0.425357067204985,0
6853,"Morera","10/06/2011 08:12","Medio (4 - 8 mts)",30,"Mediano",-68.8572967559,-32.8952126538,5,"Residencial Sur",2423808.92355,0,0.492682826541333,0
16108,"Pltano","15/07/2011 10:28","Alto (> 8 mts)",200,"Grande",-68.8451075541,-32.8721913355,6,"Residencial Norte",2694682.37982,0,0.194911839512925,0
28587,"Morera","22/02/2011 09:32","Alto (> 8 mts)",126,"Grande",-68.849151212,-32.8900776553,5,"Residencial Sur",2423808.92355,0,0.282286178514639,0
3723,"Morera","24/08/2011 11:10","Medio (4 - 8 mts)",30,"Mediano",-68.8213029388,-32.8701640898,4,"Cuarta Este Área Fundacional",1822015.85685,0,0.316331735162647,0
1944,"Fresno europeo","21/11/2011 12:32","Bajo (2 - 4 mts)",33,"Mediano",-68.8583525784,-32.8702871378,6,"Residencial Norte",2694682.37982,0,0.939122634700748,0
9433,"Morera","11/02/2011 12:16","Medio (4 - 8 mts)",80,"Grande",-68.8564970089,-32.8643860196,6,"Residencial Norte",2694682.37982,0,0.964775346283791,0
17748,"Morera","20/07/2011 12:46","Alto (> 8 mts)",122,"Grande",-68.8420085486,-32.8662222999,4,"Cuarta Oeste",1173332.70145,0,0.457841590077626,0
15640,"Acacia SP","15/11/2011 18:48","Alto (> 8 mts)",124,"Grande",-68.8618930649,-32.8707816014,7,"Residencial Parque",1786336.08966,0,0.899338558561261,0
40278,"Olmo comun","11/04/2011 09:59","Medio (4 - 8 mts)",120,"Grande",-68.8453798647,-32.8813321391,1,"Parque Central",1655357.93265,0,0.922579552799239,0
17390,"Morera","22/07/2011 10:11","Alto (> 8 mts)",179,"Grande",-68.8398553924,-32.8661664253,4,"Cuarta Oeste",1173332.70145,0,0.569713611641962,0
38109,"Fresno europeo","03/12/2010 09:50","Medio (4 - 8 mts)",49,"Mediano",-68.8471103073,-32.8727193455,6,"Residencial Norte",2694682.37982,0,0.551514190654112,0
33347,"Fresno europeo","19/05/2011 11:06","Medio (4 - 8 mts)",57,"Mediano",-68.8565463334,-32.8910916566,5,"Residencial Sur",2423808.92355,0,0.780898959496238,0
29482,"Morera","16/03/2011 12:13","Alto (> 8 mts)",156,"Grande",-68.8454211481,-32.8936655701,2,"Barrio Civico",2366816.36021,0,0.0663384173216159,0
2256,"Paraiso","28/10/2011 08:29","Medio (4 - 8 mts)",75,"Grande",-68.8381527009,-32.8925838243,3,"Parque O'Higgins",1531146.02653,0,0.00110362118504681,0
36428,"Morera","18/03/2011 12:48","Alto (> 8 mts)",124,"Grande",-68.8533684214,-32.8798293156,6,"Residencial Norte",2694682.37982,0,0.940586989478244,0
1340,"Morera","29/11/2011 12:53","Medio (4 - 8 mts)",60,"Mediano",-68.877378555,-32.8656490983,8,"Aeroparque",2203364.73622,0,0.958431233737482,0
44629,"Fresno europeo","25/08/2011 13:20","Medio (4 - 8 mts)",128,"Grande",-68.824009516,-32.8668404613,4,"Cuarta Este Área Fundacional",1822015.85685,0,0.259708670231066,0
7670,"Conifera","27/05/2011 10:06","Medio (4 - 8 mts)",30,"Mediano",-68.8543088568,-32.8850925026,5,"Residencial Sur",2423808.92355,0,0.740914804474481,0
6400,"Morera","18/05/2011 09:58","Bajo (2 - 4 mts)",4,"Chico",-68.8524784058,-32.8876354057,5,"Residencial Sur",2423808.92355,0,0.537666518890654,0
25731,"Morera","03/02/2011 11:47","Medio (4 - 8 mts)",53,"Mediano",-68.8410885511,-32.9033204592,2,"Barrio Civico",2366816.36021,0,0.414412724688422,0
2205,"Morera","28/10/2011 11:32","Medio (4 - 8 mts)",77,"Grande",-68.8391569718,-32.8928981151,2,"Barrio Civico",2366816.36021,1,0.857124497204852,0
36698,"Paraiso","14/06/2011 18:23","Medio (4 - 8 mts)",150,"Grande",-68.8588918822,-32.8824050777,7,"Residencial Parque",1786336.08966,0,0.905159972515084,0
26870,"Fresno americano","31/10/2011 14:48","Medio (4 - 8 mts)",170,"Grande",-68.8374916038,-32.8859565667,3,"Parque O'Higgins",1531146.02653,0,0.348954581942643,0
11569,"Paraiso","10/05/2010 11:46","Medio (4 - 8 mts)",144,"Grande",-68.8518145155,-32.8674367999,6,"Residencial Norte",2694682.37982,0,0.722094502464977,0
15294,"Paraiso","18/11/2011 11:43","Bajo (2 - 4 mts)",30,"Mediano",-68.8599176772,-32.8700748262,6,"Residencial Norte",2694682.37982,0,0.967350396429626,0
22160,"Pltano","18/05/2011 11:05","Alto (> 8 mts)",162,"Grande",-68.8540006312,-32.8986250438,5,"Residencial Sur",2423808.92355,0,0.125084073164216,0
44074,"Morera","14/10/2011 11:29","Bajo (2 - 4 mts)",36,"Mediano",-68.8311737893,-32.8852210735,3,"Parque O'Higgins",1531146.02653,0,0.906267558231308,0
26344,"Pltano","20/10/2011 11:15","Alto (> 8 mts)",290,"Grande",-68.8327720992,-32.8878351515,3,"Parque O'Higgins",1531146.02653,0,0.798219376574086,0
13422,"Morera","28/02/2011 12:12","Medio (4 - 8 mts)",120,"Grande",-68.8494515412,-32.8653809993,6,"Residencial Norte",2694682.37982,0,0.890952215781644,0
22555,"Paraiso","17/06/2011 07:53","Alto (> 8 mts)",102,"Grande",-68.8623681889,-32.9000155189,5,"Residencial Sur",2423808.92355,0,0.514048730439922,0
12243,"Paraiso","14/01/2011 12:13","Alto (> 8 mts)",135,"Grande",-68.8459973957,-32.8673906415,4,"Cuarta Oeste",1173332.70145,0,0.837522051379824,0
27341,"Fresno europeo","25/10/2011 08:55","Muy bajo (1 - 2 mts)",5,"Chico",-68.8350672716,-32.8910504753,3,"Parque O'Higgins",1531146.02653,0,0.287463399521006,0
28305,"Pltano","10/03/2011 17:47","Alto (> 8 mts)",182,"Grande",-68.8493428173,-32.8925838157,2,"Barrio Civico",2366816.36021,0,0.187129862344964,0
5232,"Pltano","05/05/2011 12:38","Bajo (2 - 4 mts)",32,"Mediano",-68.8416412737,-32.8744542299,1,"Parque Central",1655357.93265,0,0.842222770552766,0
19773,"Morera","11/08/2011 09:36","Alto (> 8 mts)",130,"Grande",-68.8346984275,-32.8691325181,4,"Cuarta Oeste",1173332.70145,0,0.26592770768648,0
29220,"Pltano","03/03/2011 10:03","Alto (> 8 mts)",240,"Grande",-68.8454060758,-32.8875930724,1,"Parque Central",1655357.93265,0,0.149233576897094,0
46187,"Morera","28/09/2011 09:47","Medio (4 - 8 mts)",100,"Grande",-68.8247052859,-32.8754224982,4,"Cuarta Este Área Fundacional",1822015.85685,0,0.396851428487632,0
27250,"Pltano","26/10/2011 09:30","Alto (> 8 mts)",170,"Grande",-68.8356425867,-32.889423229,3,"Parque O'Higgins",1531146.02653,0,0.0216139742858034,0
14208,"Paraiso sombrilla","30/11/2011 11:49","Medio (4 - 8 mts)",122,"Grande",-68.8767543809,-32.8667944462,8,"Aeroparque",2203364.73622,0,0.165333383151877,0
44657,"Fresno europeo","19/08/2011 11:19","Alto (> 8 mts)",195,"Grande",-68.8227590804,-32.8675992815,4,"Cuarta Este Área Fundacional",1822015.85685,0,0.661719434968506,0
17026,"Morera","09/08/2011 11:28","Alto (> 8 mts)",160,"Grande",-68.8385756756,-32.8641982109,4,"Cuarta Oeste",1173332.70145,0,0.670804888833697,0
46430,"Morera","16/08/2011 13:10","Alto (> 8 mts)",170,"Grande",-68.8321531366,-32.8667775305,4,"Cuarta Oeste",1173332.70145,0,0.678657142249371,0
39837,"Morera","02/05/2011 11:09","Alto (> 8 mts)",140,"Grande",-68.8442660644,-32.8732500518,6,"Residencial Norte",2694682.37982,1,0.867706334951779,0
48180,"Olmo bola","02/09/2011 14:31","Alto (> 8 mts)",112,"Grande",-68.8274569002,-32.8693076105,4,"Cuarta Este Área Fundacional",1822015.85685,0,0.56421993196719,0
17438,"Morera","29/07/2011 10:05","Medio (4 - 8 mts)",140,"Grande",-68.8347861594,-32.8673940101,4,"Cuarta Oeste",1173332.70145,1,0.427847934904546,0
27178,"Acacia SP","26/10/2011 12:51","Bajo (2 - 4 mts)",100,"Grande",-68.8369699123,-32.8909022137,3,"Parque O'Higgins",1531146.02653,0,0.76465810918407,0
27329,"Pltano","25/10/2011 09:12","Alto (> 8 mts)",190,"Grande",-68.8355749499,-32.8903013334,3,"Parque O'Higgins",1531146.02653,0,0.134501658320487,0
20116,"Pltano","09/08/2011 12:36","Alto (> 8 mts)",280,"Grande",-68.8337023393,-32.8664826352,4,"Cuarta Oeste",1173332.70145,1,0.274627650695748,0
9504,"Morera","03/02/2011 12:54","Alto (> 8 mts)",144,"Grande",-68.8534423643,-32.8643409194,6,"Residencial Norte",2694682.37982,0,0.127681239074988,0
12220,"Morera","17/01/2011 13:29","Medio (4 - 8 mts)",120,"Grande",-68.8452908648,-32.8684445398,4,"Cuarta Oeste",1173332.70145,0,0.796815442159616,0
22477,"Paraiso","23/06/2011 12:20","Alto (> 8 mts)",150,"Grande",-68.8622610486,-32.8990432371,5,"Residencial Sur",2423808.92355,0,0.801088359526243,0
24569,"Fresno europeo","28/01/2011 13:24","Alto (> 8 mts)",108,"Grande",-68.8438676867,-32.9028225219,2,"Barrio Civico",2366816.36021,0,0.687587890220489,0
1286,"Prunas","30/11/2011 18:28","Muy bajo (1 - 2 mts)",4,"Chico",-68.8779953315,-32.8700622544,8,"Aeroparque",2203364.73622,0,0.957884221856758,0
10782,"Paraiso","31/03/2011 10:11","Alto (> 8 mts)",170,"Grande",-68.8499526182,-32.8777265437,6,"Residencial Norte",2694682.37982,0,0.745323390773811,0
1332,"Liquidambar","29/11/2011 12:06","Bajo (2 - 4 mts)",18,"Chico",-68.8781515089,-32.8654133154,8,"Aeroparque",2203364.73622,0,0.335130002856621,0
25490,"Pltano","08/02/2011 09:13","Alto (> 8 mts)",236,"Grande",-68.8419249362,-32.900748719,2,"Barrio Civico",2366816.36021,0,0.994360289484614,0
54,"Morera","01/03/2012 08:13","Medio (4 - 8 mts)",180,"Grande",-68.8563977544,-32.8968842892,5,"Residencial Sur",2423808.92355,0,0.449382127596559,0
39945,"Catalpa","28/04/2011 10:11","Medio (4 - 8 mts)",180,"Grande",-68.8449459487,-32.8763919465,1,"Parque Central",1655357.93265,1,0.655960778310135,0
23796,"Olmo comun","27/01/2011 18:59","Alto (> 8 mts)",132,"Grande",-68.8501968234,-32.9005813602,2,"Barrio Civico",2366816.36021,0,0.56658615561909,0
47760,"Morera","15/09/2011 14:19","Alto (> 8 mts)",185,"Grande",-68.8261263762,-32.8721816311,4,"Cuarta Este Área Fundacional",1822015.85685,1,0.354774931695558,0
30528,"Pltano","04/04/2011 15:46","Alto (> 8 mts)",92,"Grande",-68.8388320724,-32.888127772,3,"Parque O'Higgins",1531146.02653,0,0.380007212050478,0
20932,"Morera","24/05/2011 12:33","Bajo (2 - 4 mts)",29,"Mediano",-68.8607769394,-32.8953332152,5,"Residencial Sur",2423808.92355,0,0.355075970327352,0
45196,"Paraiso sombrilla","28/09/2011 10:58","Medio (4 - 8 mts)",134,"Grande",-68.8229162792,-32.8727319193,4,"Cuarta Este Área Fundacional",1822015.85685,0,0.693652548548831,0
21268,"Morera","13/06/2011 12:52","Alto (> 8 mts)",142,"Grande",-68.8529911516,-32.8960632635,5,"Residencial Sur",2423808.92355,0,0.938526300290422,0
19990,"Morera","16/08/2011 10:37","Alto (> 8 mts)",170,"Grande",-68.834692591,-32.8674938845,4,"Cuarta Oeste",1173332.70145,0,0.72325474306397,0
7420,"Fresno europeo","17/06/2011 17:48","Medio (4 - 8 mts)",66,"Grande",-68.8580707271,-32.9004027454,5,"Residencial Sur",2423808.92355,0,0.212959744593645,0
34907,"Fresno europeo","28/03/2011 12:30","Alto (> 8 mts)",53,"Mediano",-68.8517983767,-32.8806056606,1,"Parque Central",1655357.93265,0,0.996544259248426,0
14192,"Olmo comun","30/11/2011 13:23","Medio (4 - 8 mts)",115,"Grande",-68.8771742252,-32.86729054,8,"Aeroparque",2203364.73622,0,0.674835502745167,0
42369,"Morera","29/09/2011 10:21","Alto (> 8 mts)",160,"Grande",-68.8347446875,-32.8759629384,4,"Cuarta Este Área Fundacional",1822015.85685,0,0.379291289477969,0
17961,"Morera","02/08/2011 12:13","Medio (4 - 8 mts)",60,"Mediano",-68.8373419456,-32.8670809546,4,"Cuarta Oeste",1173332.70145,0,0.0298346923242763,0
4240,"Morera","12/07/2011 18:07","Alto (> 8 mts)",90,"Grande",-68.837305665,-32.872829554,4,"Cuarta Oeste",1173332.70145,0,0.31806310540866,0
47085,"Fresno europeo","23/09/2011 11:34","Alto (> 8 mts)",112,"Grande",-68.8336160394,-32.8727916312,4,"Cuarta Este Área Fundacional",1822015.85685,0,0.284221306268108,0
33425,"Pltano","02/06/2011 14:02","Alto (> 8 mts)",180,"Grande",-68.8566066254,-32.8885611278,5,"Residencial Sur",2423808.92355,0,0.0286377502249072,0
41499,"Olmo bola","07/04/2011 10:12","Bajo (2 - 4 mts)",70,"Grande",-68.8426641852,-32.8816863638,1,"Parque Central",1655357.93265,0,0.313964564798868,0
7988,"Fresno europeo","18/02/2011 13:37","Alto (> 8 mts)",55,"Mediano",-68.8402859712,-32.8885182735,3,"Parque O'Higgins",1531146.02653,0,0.0682886693234166,0
22459,"Morera","24/06/2011 10:31","Medio (4 - 8 mts)",73,"Grande",-68.8611363603,-32.8988356917,5,"Residencial Sur",2423808.92355,1,0.0138543780797113,0
24971,"Morera","16/02/2011 09:39","Alto (> 8 mts)",151,"Grande",-68.8377347085,-32.8957264777,2,"Barrio Civico",2366816.36021,0,0.711235147718451,0
18822,"Morera","09/08/2011 11:48","Alto (> 8 mts)",180,"Grande",-68.8353758901,-32.8690442574,4,"Cuarta Oeste",1173332.70145,0,0.542011657630997,0
29163,"Morera","10/03/2011 09:48","Alto (> 8 mts)",140,"Grande",-68.8461002163,-32.8893111951,2,"Barrio Civico",2366816.36021,0,0.348834912442017,0
39275,"Paraiso","29/12/2010 10:41","Alto (> 8 mts)",210,"Grande",-68.8558732467,-32.8716163845,6,"Residencial Norte",2694682.37982,0,0.812829816035152,0
33037,"Morera","18/05/2011 09:28","Muy bajo (1 - 2 mts)",2,"Chico",-68.852736375,-32.88708494,5,"Residencial Sur",2423808.92355,0,0.656684171332025,0
18083,"Morera","02/08/2011 07:33","Medio (4 - 8 mts)",60,"Mediano",-68.8402354755,-32.8684821298,4,"Cuarta Oeste",1173332.70145,0,0.645465732756961,0
28822,"Morera","28/04/2011 13:03","Alto (> 8 mts)",140,"Grande",-68.8473182569,-32.8848137914,1,"Parque Central",1655357.93265,0,0.122496780632619,0
27767,"Acacia SP","03/11/2011 10:53","Alto (> 8 mts)",115,"Grande",-68.8347261837,-32.894379958,3,"Parque O'Higgins",1531146.02653,0,0.165526741120907,0
16478,"Paraiso","05/08/2011 09:00","Medio (4 - 8 mts)",30,"Mediano",-68.8422690942,-32.8654645737,4,"Cuarta Oeste",1173332.70145,0,0.0967359967310295,0
4664,"Paraiso","15/08/2011 11:20","Medio (4 - 8 mts)",45,"Mediano",-68.8380598808,-32.8638870735,4,"Cuarta Oeste",1173332.70145,0,0.172102267304826,0
27443,"Acacia SP","25/10/2011 08:59","Alto (> 8 mts)",150,"Grande",-68.8352127063,-32.8911495131,3,"Parque O'Higgins",1531146.02653,0,0.751126252622472,0
17009,"Morera","10/08/2011 09:16","Medio (4 - 8 mts)",80,"Grande",-68.8390075885,-32.8632938089,4,"Cuarta Oeste",1173332.70145,0,0.525827774883341,0
39232,"Morera","28/12/2010 14:04","Alto (> 8 mts)",140,"Grande",-68.8541920115,-32.871767818,6,"Residencial Norte",2694682.37982,0,0.584311947125922,0
47915,"Fresno europeo","29/08/2011 12:20","Muy bajo (1 - 2 mts)",10,"Chico",-68.8287225434,-32.8709975628,4,"Cuarta Este Área Fundacional",1822015.85685,0,0.207305845628577,0
4943,"Fresno europeo","19/07/2011 10:38","Bajo (2 - 4 mts)",16,"Chico",-68.8428068903,-32.8659636743,4,"Cuarta Oeste",1173332.70145,0,0.238312931938624,0
36668,"Paraiso sombrilla","03/06/2011 16:34","Medio (4 - 8 mts)",140,"Grande",-68.8590231807,-32.882495936,7,"Residencial Parque",1786336.08966,0,0.477734337588593,0
18709,"Caducifolio","04/07/2011 10:18","Muy bajo (1 - 2 mts)",10,"Chico",-68.835251802,-32.8743692743,4,"Cuarta Este Área Fundacional",1822015.85685,0,0.892794255365739,0
38979,"Morera","28/12/2010 13:28","Alto (> 8 mts)",200,"Grande",-68.8554950886,-32.8712773548,6,"Residencial Norte",2694682.37982,0,0.4719814708091,0
15224,"lamo blanco","16/11/2011 12:42","Alto (> 8 mts)",40,"Mediano",-68.8604854365,-32.8687782185,6,"Residencial Norte",2694682.37982,0,0.746483002360785,0
44363,"Morera","17/10/2011 12:52","Alto (> 8 mts)",130,"Grande",-68.8365697263,-32.8823614258,1,"Parque Central",1655357.93265,0,0.288347635369276,0
11718,"Morera","28/01/2011 10:36","Alto (> 8 mts)",126,"Grande",-68.8502004239,-32.8681004654,6,"Residencial Norte",2694682.37982,0,0.22527530620236,0
35220,"Morera","22/03/2011 13:41","Alto (> 8 mts)",150,"Grande",-68.85322655,-32.8813691454,6,"Residencial Norte",2694682.37982,1,0.439103558922742,0
4691,"Paraiso","04/08/2011 10:33","Alto (> 8 mts)",149,"Grande",-68.8366970428,-32.8660243372,4,"Cuarta Oeste",1173332.70145,0,0.721695726911118,0
9711,"Fresno europeo","24/01/2011 10:31","Muy bajo (1 - 2 mts)",5,"Chico",-68.8485583824,-32.8642337413,6,"Residencial Norte",2694682.37982,0,0.805347243915023,0
45992,"Morera","24/08/2011 11:20","Alto (> 8 mts)",170,"Grande",-68.8189815522,-32.8693904017,4,"Cuarta Este Área Fundacional",1822015.85685,0,0.107025002401884,0
10510,"Morera","10/03/2011 12:06","Medio (4 - 8 mts)",50,"Mediano",-68.8497129381,-32.8749778407,6,"Residencial Norte",2694682.37982,0,0.816230225333359,0
21599,"Pltano","12/05/2011 09:34","Alto (> 8 mts)",180,"Grande",-68.8551535053,-32.8941398417,5,"Residencial Sur",2423808.92355,0,0.156505865746903,0
32293,"Acacia SP","28/06/2011 09:43","Medio (4 - 8 mts)",97,"Grande",-68.8511817986,-32.8907951314,5,"Residencial Sur",2423808.92355,1,0.197447847352508,0
47296,"Pltano","20/09/2011 10:38","Alto (> 8 mts)",310,"Grande",-68.8313092649,-32.8739550556,4,"Cuarta Este Área Fundacional",1822015.85685,0,0.676776085215268,0
32472,"Fresno europeo","30/05/2011 09:19","Medio (4 - 8 mts)",50,"Mediano",-68.8537995314,-32.8882460726,5,"Residencial Sur",2423808.92355,0,0.409481342503609,0
37857,"Fresno europeo","24/11/2010 10:34","Alto (> 8 mts)",130,"Grande",-68.8524994004,-32.8729847439,6,"Residencial Norte",2694682.37982,0,0.872900610896557,0
4968,"Acacia SP","15/07/2011 08:59","Bajo (2 - 4 mts)",30,"Mediano",-68.8446516916,-32.8699542456,4,"Cuarta Oeste",1173332.70145,0,0.504886221326822,0
39764,"Fresno europeo","13/07/2011 13:43","Alto (> 8 mts)",180,"Grande",-68.8502659634,-32.8830316434,1,"Parque Central",1655357.93265,0,0.827331191160176,0
38961,"Morera","27/12/2010 13:19","Alto (> 8 mts)",120,"Grande",-68.8552391571,-32.8705377262,6,"Residencial Norte",2694682.37982,0,0.178389110839177,0
37297,"Pltano","17/03/2011 09:50","Alto (> 8 mts)",160,"Grande",-68.8576852665,-32.8756906162,6,"Residencial Norte",2694682.37982,0,0.0762175894228828,0
9705,"Jacarand","24/01/2011 09:39","Muy bajo (1 - 2 mts)",7,"Chico",-68.8485986794,-32.8637165975,6,"Residencial Norte",2694682.37982,0,0.576055852282425,0
13994,"Fresno americano","29/11/2011 18:00","Bajo (2 - 4 mts)",12,"Chico",-68.8780936209,-32.8647676494,8,"Aeroparque",2203364.73622,0,0.943235408941815,0
31119,"Fresno europeo","08/02/2011 09:09","Medio (4 - 8 mts)",84,"Grande",-68.8542714089,-32.8644471617,6,"Residencial Norte",2694682.37982,0,0.990597866134201,0
48351,"Morera","17/08/2011 11:15","Medio (4 - 8 mts)",148,"Grande",-68.8279644744,-32.866516844,4,"Cuarta Este Área Fundacional",1822015.85685,0,0.819472870344881,0
2147,"Morera","07/11/2011 10:40","Muy bajo (1 - 2 mts)",12,"Chico",-68.8399015707,-32.8949913072,2,"Barrio Civico",2366816.36021,0,0.348370581429999,0
35591,"Paraiso","17/03/2011 10:17","Alto (> 8 mts)",140,"Grande",-68.8571608016,-32.8744939286,6,"Residencial Norte",2694682.37982,0,0.541667606609548,0
30676,"Fresno europeo","02/02/2011 13:37","Muy bajo (1 - 2 mts)",20,"Chico",-68.8548491838,-32.8671256995,6,"Residencial Norte",2694682.37982,0,0.458216362525038,0
44438,"Pltano","18/10/2011 10:23","Alto (> 8 mts)",270,"Grande",-68.8373533492,-32.8836571622,3,"Parque O'Higgins",1531146.02653,0,0.912847780240815,0
4627,"Morera","08/08/2011 09:23","Alto (> 8 mts)",116,"Grande",-68.8331769802,-32.8636674042,4,"Cuarta Oeste",1173332.70145,0,0.938132822973597,0
36112,"Morera","05/04/2011 11:03","Alto (> 8 mts)",170,"Grande",-68.8561733037,-32.877090016,6,"Residencial Norte",2694682.37982,0,0.474783459325187,0
39672,"Morera","21/10/2010 13:32","Alto (> 8 mts)",110,"Grande",-68.847500671,-32.8691840756,6,"Residencial Norte",2694682.37982,0,0.557130077826012,0
25746,"Morera","03/02/2011 10:45","Alto (> 8 mts)",190,"Grande",-68.8411839804,-32.9026784783,2,"Barrio Civico",2366816.36021,1,0.392860628048507,0
8177,"Pltano","09/03/2011 08:44","Muy bajo (1 - 2 mts)",12,"Chico",-68.8434454183,-32.892105393,2,"Barrio Civico",2366816.36021,0,0.702622959884315,0
20994,"Morera","22/06/2011 09:52","Alto (> 8 mts)",130,"Grande",-68.8631893203,-32.9015150735,5,"Residencial Sur",2423808.92355,0,0.627882339193371,0
30587,"Paraiso sombrilla","09/02/2011 11:56","Alto (> 8 mts)",150,"Grande",-68.8573663984,-32.8658623669,6,"Residencial Norte",2694682.37982,0,0.298295767557238,0
9672,"Fresno europeo","25/01/2011 09:27","Alto (> 8 mts)",130,"Grande",-68.8489950015,-32.8630465631,6,"Residencial Norte",2694682.37982,0,0.533411051303888,0
46856,"Morera","15/09/2011 13:10","Medio (4 - 8 mts)",108,"Grande",-68.8337828435,-32.8726774307,4,"Cuarta Este Área Fundacional",1822015.85685,0,0.949120472694357,0
45838,"Morera","26/08/2011 10:52","Medio (4 - 8 mts)",115,"Grande",-68.8203673112,-32.868890336,4,"Cuarta Este Área Fundacional",1822015.85685,0,0.542365163646412,0
24841,"Morera","18/02/2011 10:00","Alto (> 8 mts)",133,"Grande",-68.8395106302,-32.8965840727,2,"Barrio Civico",2366816.36021,0,0.409907716708128,0
3934,"Fresno europeo","05/09/2011 13:17","Bajo (2 - 4 mts)",32,"Mediano",-68.8217662203,-32.8708438119,4,"Cuarta Este Área Fundacional",1822015.85685,0,0.208424311263018,0
23629,"Paraiso","20/01/2011 19:15","Alto (> 8 mts)",110,"Grande",-68.8484480545,-32.9009130468,2,"Barrio Civico",2366816.36021,0,0.271118288079021,0
23795,"Olmo comun","27/01/2011 18:56","Alto (> 8 mts)",102,"Grande",-68.8501931987,-32.9006240058,2,"Barrio Civico",2366816.36021,0,0.475443234066996,0
8885,"Acacia SP","05/04/2010 10:35","Bajo (2 - 4 mts)",8,"Chico",-68.853049718,-32.8678118039,6,"Residencial Norte",2694682.37982,0,0.860094964853764,0
29145,"Paraiso","10/03/2011 13:03","Alto (> 8 mts)",125,"Grande",-68.8467646523,-32.8883569436,2,"Barrio Civico",2366816.36021,1,0.0142236523325381,0
4519,"Morera","01/08/2011 09:15","Medio (4 - 8 mts)",40,"Mediano",-68.841527484,-32.868405488,4,"Cuarta Oeste",1173332.70145,0,0.778805984141381,0
16862,"Caducifolio","05/08/2011 11:03","Medio (4 - 8 mts)",140,"Grande",-68.8383786236,-32.8652781872,4,"Cuarta Oeste",1173332.70145,0,0.735624283556262,0
12720,"Ligustro","19/01/2011 11:38","Bajo (2 - 4 mts)",80,"Grande",-68.8474089142,-32.8628178938,4,"Cuarta Oeste",1173332.70145,0,0.100833572210076,0
28055,"Morera","16/03/2011 18:17","Alto (> 8 mts)",174,"Grande",-68.8456632828,-32.8935275119,2,"Barrio Civico",2366816.36021,0,0.524629879475922,0
18929,"Morera","01/08/2011 10:08","Medio (4 - 8 mts)",130,"Grande",-68.8417398613,-32.8698702259,4,"Cuarta Oeste",1173332.70145,0,0.424565835580645,0
25995,"Morera","31/01/2011 10:43","Alto (> 8 mts)",110,"Grande",-68.8382880467,-32.9032206131,2,"Barrio Civico",2366816.36021,0,0.0543516356200023,0
20321,"Olmo comun","16/05/2011 09:15","Alto (> 8 mts)",115,"Grande",-68.8622131197,-32.8926125099,5,"Residencial Sur",2423808.92355,0,0.982629960203442,0
36047,"Morera","18/03/2011 13:30","Alto (> 8 mts)",106,"Grande",-68.8573045043,-32.8750170553,6,"Residencial Norte",2694682.37982,0,0.214162161995527,0
13384,"Pltano","10/01/2011 12:41","Alto (> 8 mts)",195,"Grande",-68.8451962115,-32.8670041528,4,"Cuarta Oeste",1173332.70145,0,0.926983642357954,0
7885,"Fresno europeo","15/06/2011 11:11","Alto (> 8 mts)",115,"Grande",-68.8573207106,-32.8886577511,5,"Residencial Sur",2423808.92355,0,0.606607683260817,0
40097,"Morera","15/04/2011 09:06","Alto (> 8 mts)",180,"Grande",-68.845233213,-32.8802198999,1,"Parque Central",1655357.93265,1,0.948507710479785,0
45045,"Morera","01/09/2011 08:02","Alto (> 8 mts)",155,"Grande",-68.8223134838,-32.870256567,4,"Cuarta Este Área Fundacional",1822015.85685,0,0.657110969414675,0
40165,"Morera","14/04/2011 09:58","Medio (4 - 8 mts)",140,"Grande",-68.8446366176,-32.8802404402,1,"Parque Central",1655357.93265,0,0.240262441948133,0
19541,"Paraiso","26/07/2011 10:18","Medio (4 - 8 mts)",110,"Grande",-68.8372023294,-32.8705725848,4,"Cuarta Oeste",1173332.70145,0,0.773745679943677,0
14678,"Aguaribay","14/12/2011 17:26","Muy bajo (1 - 2 mts)",7,"Chico",-68.8812614649,-32.867398475,8,"Aeroparque",2203364.73622,0,0.719717600440848,0
1203,"Fresno europeo","29/11/2011 11:18","Bajo (2 - 4 mts)",28,"Mediano",-68.877233202,-32.86550301,8,"Aeroparque",2203364.73622,0,0.641990474509028,0
750,"Paraiso sombrilla","19/12/2011 09:10","Medio (4 - 8 mts)",130,"Grande",-68.8812650071,-32.8737780988,8,"Aeroparque",2203364.73622,0,0.739103089733116,0
45178,"Fresno europeo","31/08/2011 10:10","Muy bajo (1 - 2 mts)",2,"Chico",-68.8231221837,-32.8703309306,4,"Cuarta Este Área Fundacional",1822015.85685,0,0.249342226719472,0
31792,"Pltano","03/01/2012 11:11","Alto (> 8 mts)",172,"Grande",-68.8596304869,-32.8902240321,5,"Residencial Sur",2423808.92355,0,0.278412389741257,0
16780,"Paraiso","11/08/2011 13:24","Medio (4 - 8 mts)",60,"Mediano",-68.8400023945,-32.8625275142,4,"Cuarta Oeste",1173332.70145,0,0.0746131651533384,0
1393,"Aguaribay","23/11/2011 11:01","Alto (> 8 mts)",160,"Grande",-68.8709307015,-32.8793308208,7,"Residencial Parque",1786336.08966,0,0.21191911462399,0
32349,"Morera","09/05/2011 11:29","Alto (> 8 mts)",100,"Grande",-68.8516415039,-32.8928551426,5,"Residencial Sur",2423808.92355,0,0.388200608820609,0
42714,"Fresno europeo","30/09/2011 11:53","Alto (> 8 mts)",140,"Grande",-68.8282214904,-32.8778477914,4,"Cuarta Este Área Fundacional",1822015.85685,1,0.0101116986468861,0
16253,"Fresno americano","19/07/2011 21:53","Muy bajo (1 - 2 mts)",0.7,"Chico",-68.8431241253,-32.8648499462,4,"Cuarta Oeste",1173332.70145,0,0.310355753293723,0
13395,"Caducifolio","11/01/2011 10:38","Alto (> 8 mts)",270,"Grande",-68.8443020229,-32.8660648539,4,"Cuarta Oeste",1173332.70145,0,0.828352017611064,0
38769,"Fresno americano","01/11/2010 10:45","Alto (> 8 mts)",60,"Mediano",-68.8494796514,-32.8695945911,6,"Residencial Norte",2694682.37982,0,0.433749213914161,0
2117,"Fresno europeo","18/10/2011 11:21","Medio (4 - 8 mts)",100,"Grande",-68.8303213811,-32.8878191231,3,"Parque O'Higgins",1531146.02653,0,0.661426336291239,0
13875,"Paraiso","16/12/2011 12:33","Bajo (2 - 4 mts)",76,"Grande",-68.8760540238,-32.8681789521,8,"Aeroparque",2203364.73622,0,0.859802178989201,0
5046,"Perenne","15/08/2011 13:36","Bajo (2 - 4 mts)",20,"Chico",-68.8367765744,-32.8624901514,4,"Cuarta Oeste",1173332.70145,0,0.123584206388656,0
40550,"Fresno americano","18/04/2011 09:37","Alto (> 8 mts)",80,"Grande",-68.8469353113,-32.883968167,1,"Parque Central",1655357.93265,0,0.730914641947191,0
2574,"Fresno europeo","18/10/2011 11:48","Medio (4 - 8 mts)",70,"Grande",-68.8355549987,-32.8824225668,3,"Parque O'Higgins",1531146.02653,0,0.336229442459194,0
15776,"Fresno americano","23/11/2011 11:22","Bajo (2 - 4 mts)",60,"Mediano",-68.8726863856,-32.8778486551,7,"Residencial Parque",1786336.08966,0,0.508877684815985,0
8722,"Morera","11/02/2011 09:04","Bajo (2 - 4 mts)",30,"Mediano",-68.8375372187,-32.8999990971,2,"Barrio Civico",2366816.36021,0,0.875307041095756,0
33919,"Fresno europeo","24/05/2011 10:32","Medio (4 - 8 mts)",100,"Grande",-68.8514981402,-32.884744074,5,"Residencial Sur",2423808.92355,0,0.284757265640267,0
25838,"Fresno americano","03/02/2011 16:22","Medio (4 - 8 mts)",110,"Grande",-68.8394828287,-32.901805454,2,"Barrio Civico",2366816.36021,0,0.722120582286078,0
19588,"Morera","11/07/2011 10:17","Alto (> 8 mts)",134,"Grande",-68.8359899765,-32.8721024385,4,"Cuarta Oeste",1173332.70145,0,0.910000661950496,0
11453,"Acer","06/01/2011 15:30","Alto (> 8 mts)",270,"Grande",-68.8437536154,-32.8636721569,4,"Cuarta Oeste",1173332.70145,0,0.597187213064276,0
36529,"Morera","04/04/2011 12:21","Alto (> 8 mts)",75,"Grande",-68.8569891933,-32.8790228965,7,"Residencial Parque",1786336.08966,0,0.0723349034059885,0
29329,"Fresno americano","25/04/2011 09:42","Medio (4 - 8 mts)",170,"Grande",-68.8432595828,-32.8866276641,1,"Parque Central",1655357.93265,0,0.552324516639103,0
25983,"Fresno europeo","31/01/2011 11:38","Medio (4 - 8 mts)",32,"Mediano",-68.837913626,-32.9042082356,2,"Barrio Civico",2366816.36021,0,0.408943011296511,0
7179,"Acer","18/05/2011 09:06","Alto (> 8 mts)",68,"Grande",-68.8556725198,-32.8984852616,5,"Residencial Sur",2423808.92355,0,0.308965006736902,0
1251,"Paraiso","30/11/2011 11:45","Medio (4 - 8 mts)",40,"Mediano",-68.8767173189,-32.8666890952,8,"Aeroparque",2203364.73622,0,0.353860643781758,0
18694,"Morera","04/07/2011 11:25","Alto (> 8 mts)",93,"Grande",-68.8355210175,-32.8736586873,4,"Cuarta Oeste",1173332.70145,1,0.830932650512807,0
18704,"Fresno americano","04/07/2011 10:29","Alto (> 8 mts)",142,"Grande",-68.835354441,-32.8747529439,4,"Cuarta Este Área Fundacional",1822015.85685,0,0.270429080414671,0
45555,"Morera","07/09/2011 09:32","Alto (> 8 mts)",162,"Grande",-68.82061801,-32.8706773122,4,"Cuarta Este Área Fundacional",1822015.85685,0,0.829411044764308,0
7646,"Fresno europeo","27/05/2011 11:09","Medio (4 - 8 mts)",100,"Grande",-68.8547508293,-32.8843610561,5,"Residencial Sur",2423808.92355,0,0.00664418736885475,0
4680,"Caducifolio","08/08/2011 12:06","Bajo (2 - 4 mts)",12,"Chico",-68.8341708042,-32.8648938459,4,"Cuarta Oeste",1173332.70145,0,0.662523008677419,0
23303,"Paraiso","18/01/2012 17:01","Bajo (2 - 4 mts)",60,"Mediano",-68.8522330977,-32.9006825805,2,"Barrio Civico",2366816.36021,0,0.913287235566149,0
37362,"Morera","29/11/2010 10:10","Alto (> 8 mts)",75,"Grande",-68.8575091734,-32.8723188788,6,"Residencial Norte",2694682.37982,0,0.337333365948044,0
5000,"Paraiso","06/07/2011 10:20","Medio (4 - 8 mts)",80,"Grande",-68.8351225287,-32.8632736955,4,"Cuarta Oeste",1173332.70145,0,0.726833138806301,0
40112,"Fresno europeo","15/04/2011 11:38","Medio (4 - 8 mts)",120,"Grande",-68.8447604339,-32.8792801105,1,"Parque Central",1655357.93265,0,0.385409923129861,0
35165,"Pltano","30/03/2011 10:05","Alto (> 8 mts)",174,"Grande",-68.8515848093,-32.8816907427,1,"Parque Central",1655357.93265,0,0.998415720587061,0
38036,"Fresno europeo","07/12/2010 09:25","Alto (> 8 mts)",220,"Grande",-68.847110353,-32.8720533218,6,"Residencial Norte",2694682.37982,0,0.29020400262236,0
1683,"Morera","23/11/2011 07:57","Medio (4 - 8 mts)",70,"Grande",-68.8723131003,-32.879535641,7,"Residencial Parque",1786336.08966,0,0.0248095389677379,0
33098,"Pltano","28/06/2011 09:13","Alto (> 8 mts)",175,"Grande",-68.8527336436,-32.8911284321,5,"Residencial Sur",2423808.92355,0,0.441480102811509,0
4516,"Morera","01/08/2011 09:46","Alto (> 8 mts)",120,"Grande",-68.8403555654,-32.8683901155,4,"Cuarta Oeste",1173332.70145,1,0.0916714088087752,0
12322,"Paraiso","12/01/2011 13:33","Alto (> 8 mts)",195,"Grande",-68.846714387,-32.8671390971,6,"Residencial Norte",2694682.37982,0,0.0705167233667199,0
7987,"Fresno europeo","18/02/2011 13:38","Medio (4 - 8 mts)",55,"Mediano",-68.8402749745,-32.8884704383,3,"Parque O'Higgins",1531146.02653,0,0.184894466923285,0
18136,"Morera","27/07/2011 10:08","Alto (> 8 mts)",160,"Grande",-68.8416517429,-32.8688898887,4,"Cuarta Oeste",1173332.70145,0,0.323722250646164,0
16776,"Paraiso","11/08/2011 13:36","Medio (4 - 8 mts)",47,"Mediano",-68.8395942271,-32.8625207446,4,"Cuarta Oeste",1173332.70145,0,0.987985821604821,0
27499,"Morera","27/10/2011 09:53","Medio (4 - 8 mts)",115,"Grande",-68.8372113904,-32.891804123,3,"Parque O'Higgins",1531146.02653,1,0.425133230511945,0
23392,"Fresno europeo","27/01/2011 19:29","Medio (4 - 8 mts)",98,"Grande",-68.8493627785,-32.9017051263,2,"Barrio Civico",2366816.36021,0,0.577361211019272,0
13830,"Morera","25/01/2011 09:53","Alto (> 8 mts)",130,"Grande",-68.849168959,-32.8632853327,6,"Residencial Norte",2694682.37982,0,0.687983026450294,0
22668,"Fresno europeo","12/05/2011 12:13","Bajo (2 - 4 mts)",8,"Chico",-68.8539205961,-32.9007071832,5,"Residencial Sur",2423808.92355,0,0.315893663466926,0
44624,"Morera","25/08/2011 13:31","Alto (> 8 mts)",128,"Grande",-68.8240441893,-32.8671369872,4,"Cuarta Este Área Fundacional",1822015.85685,1,0.34394345580813,0
24818,"Morera","18/02/2011 09:07","Alto (> 8 mts)",117,"Grande",-68.8399922834,-32.8967947838,2,"Barrio Civico",2366816.36021,0,0.000785861561658385,0
2246,"Morera","31/10/2011 09:49","Medio (4 - 8 mts)",78,"Grande",-68.8359550554,-32.8932662766,3,"Parque O'Higgins",1531146.02653,0,0.770951535900077,0
21861,"Fresno europeo","07/06/2011 09:29","Alto (> 8 mts)",107,"Grande",-68.8581993368,-32.8958353992,5,"Residencial Sur",2423808.92355,1,0.220782159259137,0
44698,"Paraiso","19/08/2011 09:50","Medio (4 - 8 mts)",60,"Mediano",-68.8231579652,-32.8673155111,4,"Cuarta Este Área Fundacional",1822015.85685,1,0.309742846277452,0
29152,"Paraiso","10/03/2011 12:47","Medio (4 - 8 mts)",112,"Grande",-68.8468525237,-32.8887010846,2,"Barrio Civico",2366816.36021,0,0.801055922647495,0
12930,"Paraiso sombrilla","12/01/2011 13:30","Alto (> 8 mts)",150,"Grande",-68.8440602564,-32.8642209082,4,"Cuarta Oeste",1173332.70145,0,0.294141752251351,0
14653,"Aguaribay","15/12/2011 17:51","Bajo (2 - 4 mts)",22,"Mediano",-68.8824751656,-32.8674284465,8,"Aeroparque",2203364.73622,0,0.284200969770627,0
11319,"Fresno europeo","21/01/2011 09:35","Medio (4 - 8 mts)",86,"Grande",-68.8477338178,-32.8999493652,2,"Barrio Civico",2366816.36021,0,0.9918613631036,0
28511,"Morera","21/02/2011 12:56","Alto (> 8 mts)",210,"Grande",-68.8495266484,-32.8898625312,5,"Residencial Sur",2423808.92355,0,0.960457350286305,0
19650,"Morera","13/07/2011 10:01","Alto (> 8 mts)",150,"Grande",-68.8346748548,-32.8703992304,4,"Cuarta Oeste",1173332.70145,1,0.186791086582428,0
11356,"Caducifolio","25/01/2011 10:09","Medio (4 - 8 mts)",40,"Mediano",-68.8485940034,-32.9005892905,2,"Barrio Civico",2366816.36021,0,0.159631454743493,0
15027,"Acer","19/12/2011 10:10","Muy bajo (1 - 2 mts)",10,"Chico",-68.8803867401,-32.8726172718,8,"Aeroparque",2203364.73622,0,0.914508340498538,0
24366,"Acer","26/01/2011 09:42","Alto (> 8 mts)",60,"Mediano",-68.8452287679,-32.9024116009,2,"Barrio Civico",2366816.36021,0,0.291868962755461,0
30160,"Pltano","31/03/2011 15:04","Alto (> 8 mts)",92,"Grande",-68.8400415031,-32.887577594,3,"Parque O'Higgins",1531146.02653,0,0.0670551346402084,0
31328,"Acer","25/02/2011 12:08","Medio (4 - 8 mts)",124,"Grande",-68.8484741631,-32.86572854,6,"Residencial Norte",2694682.37982,0,0.25545076867498,0
11427,"Morera","31/01/2011 16:59","Alto (> 8 mts)",116,"Grande",-68.8510350309,-32.9022520382,2,"Barrio Civico",2366816.36021,1,0.589578597509858,0
13343,"Fresno europeo","12/01/2011 10:42","Alto (> 8 mts)",200,"Grande",-68.8461725399,-32.8666959234,4,"Cuarta Oeste",1173332.70145,0,0.863368375185781,0
42573,"Pltano","26/09/2011 10:59","Alto (> 8 mts)",300,"Grande",-68.8277839997,-32.8757717221,4,"Cuarta Este Área Fundacional",1822015.85685,0,0.100365749019743,0
34462,"Morera","11/03/2011 10:03","Medio (4 - 8 mts)",70,"Grande",-68.8501162323,-32.8742141661,6,"Residencial Norte",2694682.37982,0,0.162767930643908,0
25486,"Pltano","08/02/2011 09:32","Alto (> 8 mts)",254,"Grande",-68.8418516945,-32.9004620693,2,"Barrio Civico",2366816.36021,0,0.502887583285898,0
46679,"Morera","02/09/2011 10:25","Alto (> 8 mts)",170,"Grande",-68.8305182594,-32.870513835,4,"Cuarta Este Área Fundacional",1822015.85685,0,0.718130162759412,0
44019,"Morera","19/10/2011 09:55","Alto (> 8 mts)",123,"Grande",-68.8313075376,-32.8854162899,3,"Parque O'Higgins",1531146.02653,1,0.712817056738069,0
2418,"Fresno europeo","19/10/2011 12:39","Muy bajo (1 - 2 mts)",6,"Chico",-68.8314963578,-32.8887519229,3,"Parque O'Higgins",1531146.02653,0,0.413966948557861,0
44971,"Morera","29/08/2011 11:38","Medio (4 - 8 mts)",220,"Grande",-68.8247306868,-32.8694305952,4,"Cuarta Este Área Fundacional",1822015.85685,1,0.221546476966964,0
4018,"Paraiso","26/09/2011 11:11","Muy bajo (1 - 2 mts)",8,"Chico",-68.8272163324,-32.8755654344,4,"Cuarta Este Área Fundacional",1822015.85685,0,0.350340862620903,0
8994,"Paraiso","14/01/2011 13:35","Alto (> 8 mts)",210,"Grande",-68.8459827588,-32.8677918281,4,"Cuarta Oeste",1173332.70145,0,0.10416052037275,0
12250,"Paraiso","14/01/2011 13:36","Alto (> 8 mts)",180,"Grande",-68.8459819455,-32.86782594,4,"Cuarta Oeste",1173332.70145,0,0.329373123121806,0
5286,"Morera","28/04/2011 09:41","Medio (4 - 8 mts)",110,"Grande",-68.8448144945,-32.8769631028,1,"Parque Central",1655357.93265,0,0.65359222437035,0
13964,"Paraiso sombrilla","29/11/2011 12:30","Muy bajo (1 - 2 mts)",15,"Chico",-68.8779663584,-32.8647380606,8,"Aeroparque",2203364.73622,0,0.690673880204001,0
24645,"Morera","17/01/2011 11:17","Alto (> 8 mts)",140,"Grande",-68.8431818257,-32.9001914342,2,"Barrio Civico",2366816.36021,1,0.680185138593509,0
2787,"Pltano","20/10/2011 17:35","Alto (> 8 mts)",140,"Grande",-68.8351735124,-32.8801172165,1,"Parque Central",1655357.93265,0,0.838822654344941,0
26378,"Pltano","25/10/2011 09:47","Alto (> 8 mts)",300,"Grande",-68.8339144549,-32.8898964014,3,"Parque O'Higgins",1531146.02653,0,0.673039691771082,0
7615,"Morera","07/06/2011 09:31","Bajo (2 - 4 mts)",30,"Mediano",-68.8598164941,-32.8834605714,7,"Residencial Parque",1786336.08966,0,0.763568796401884,0
21857,"Fresno europeo","07/06/2011 09:41","Alto (> 8 mts)",100,"Grande",-68.8578999198,-32.8958290649,5,"Residencial Sur",2423808.92355,0,0.4011564034463,0
39938,"Morera","28/04/2011 12:25","Bajo (2 - 4 mts)",34,"Mediano",-68.8443935746,-32.8761048827,1,"Parque Central",1655357.93265,0,0.919506460507743,0
43673,"Morera","13/10/2011 17:18","Medio (4 - 8 mts)",64,"Grande",-68.8352057389,-32.8821236379,3,"Parque O'Higgins",1531146.02653,0,0.871610090264638,0
38342,"Paraiso","09/11/2010 12:45","Alto (> 8 mts)",160,"Grande",-68.8537567779,-32.869611206,6,"Residencial Norte",2694682.37982,0,0.294888248140005,0
11560,"Paraiso","10/05/2010 11:15","Medio (4 - 8 mts)",118,"Grande",-68.8521790369,-32.8677807769,6,"Residencial Norte",2694682.37982,0,0.261429402256914,0
31703,"Morera","18/05/2011 10:29","Muy bajo (1 - 2 mts)",8,"Chico",-68.8618024459,-32.8902241591,5,"Residencial Sur",2423808.92355,0,0.310297518813279,0
15443,"Acacia SP","18/11/2011 12:12","Medio (4 - 8 mts)",70,"Grande",-68.8595004345,-32.8710482091,6,"Residencial Norte",2694682.37982,0,0.986493687252066,0
3548,"Acacia SP","05/09/2011 11:16","Medio (4 - 8 mts)",50,"Mediano",-68.8325745035,-32.8684268075,4,"Cuarta Oeste",1173332.70145,0,0.242009809522689,0
9028,"Morera","10/01/2011 11:11","Bajo (2 - 4 mts)",35,"Mediano",-68.8449876723,-32.8671673647,4,"Cuarta Oeste",1173332.70145,0,0.327741778655402,0
44134,"Fresno europeo","04/10/2011 10:13","Muy bajo (1 - 2 mts)",18,"Chico",-68.8353256397,-32.8787267432,1,"Parque Central",1655357.93265,0,0.990753347522555,0
12637,"Paraiso","17/01/2011 08:38","Alto (> 8 mts)",180,"Grande",-68.846382003,-32.8628156417,4,"Cuarta Oeste",1173332.70145,0,0.6238288572172,0
36354,"Morera","17/03/2011 13:27","Alto (> 8 mts)",140,"Grande",-68.8513536421,-32.8784150103,6,"Residencial Norte",2694682.37982,1,0.993681609066289,0
34437,"Morera","09/03/2011 12:55","Alto (> 8 mts)",140,"Grande",-68.8503695099,-32.8738759734,6,"Residencial Norte",2694682.37982,0,0.423504985583863,0
38484,"Catalpa","02/11/2010 11:04","Bajo (2 - 4 mts)",27,"Mediano",-68.8507381072,-32.870333026,6,"Residencial Norte",2694682.37982,0,0.992798744964241,0
13235,"Paraiso sombrilla","21/02/2011 12:18","Muy bajo (1 - 2 mts)",8,"Chico",-68.8475531254,-32.8657372992,6,"Residencial Norte",2694682.37982,0,0.555681442610082,0
46519,"Morera","16/08/2011 14:04","Alto (> 8 mts)",190,"Grande",-68.8317005541,-32.8669461732,4,"Cuarta Oeste",1173332.70145,0,0.0432714050491716,0
40100,"Morera","15/04/2011 08:54","Medio (4 - 8 mts)",120,"Grande",-68.8449524767,-32.8802532755,1,"Parque Central",1655357.93265,0,0.698328566906721,0
17556,"Morera","28/07/2011 10:11","Alto (> 8 mts)",200,"Grande",-68.8405563009,-32.8670694032,4,"Cuarta Oeste",1173332.70145,0,0.686666362886307,0
40012,"Fresno americano","20/04/2011 11:57","Medio (4 - 8 mts)",130,"Grande",-68.8450806783,-32.8780600659,1,"Parque Central",1655357.93265,0,0.958096762395577,0
26267,"Fresno europeo","25/10/2011 10:40","Medio (4 - 8 mts)",65,"Grande",-68.8303533533,-32.8889145035,3,"Parque O'Higgins",1531146.02653,0,0.89780138665012,0
39466,"Morera","11/11/2010 13:30","Alto (> 8 mts)",120,"Grande",-68.8555742161,-32.8698026454,6,"Residencial Norte",2694682.37982,0,0.0688184620495095,0
48231,"Fresno europeo","02/09/2011 13:49","Alto (> 8 mts)",191,"Grande",-68.8294679085,-32.8709144819,4,"Cuarta Este Área Fundacional",1822015.85685,0,0.559839797170531,0
13008,"Acer","15/02/2011 10:00","Medio (4 - 8 mts)",132,"Grande",-68.8439111108,-32.865864461,4,"Cuarta Oeste",1173332.70145,0,0.825788393730924,0
18453,"Acer","11/07/2011 09:45","Alto (> 8 mts)",180,"Grande",-68.8397795958,-32.8733928947,4,"Cuarta Oeste",1173332.70145,0,0.555226166174801,0
6770,"Morera","23/05/2011 10:15","Medio (4 - 8 mts)",79,"Grande",-68.8573205315,-32.894985077,5,"Residencial Sur",2423808.92355,0,0.359910304228093,0
33761,"Fresno europeo","12/05/2011 09:35","Medio (4 - 8 mts)",110,"Grande",-68.8576807112,-32.8853995791,5,"Residencial Sur",2423808.92355,0,0.480094887654262,0
44821,"Morera","26/08/2011 10:19","Alto (> 8 mts)",168,"Grande",-68.8239218857,-32.8695524541,4,"Cuarta Este Área Fundacional",1822015.85685,0,0.902632783217238,0
26733,"Morera","02/11/2011 08:37","Medio (4 - 8 mts)",80,"Grande",-68.8329138185,-32.8942242918,3,"Parque O'Higgins",1531146.02653,0,0.422171612881568,0
21998,"Fresno europeo","27/05/2011 10:48","Alto (> 8 mts)",113,"Grande",-68.8589038356,-32.8942091703,5,"Residencial Sur",2423808.92355,1,0.059250605891784,0
18159,"Morera","26/07/2011 09:46","Alto (> 8 mts)",195,"Grande",-68.8399836844,-32.8686925466,4,"Cuarta Oeste",1173332.70145,0,0.436859097209031,0
16469,"Conifera","12/08/2011 09:36","Medio (4 - 8 mts)",57,"Mediano",-68.8414572788,-32.8626530537,4,"Cuarta Oeste",1173332.70145,0,0.171666425509645,0
40350,"Olmo comun","08/04/2011 09:59","Medio (4 - 8 mts)",100,"Grande",-68.8446582552,-32.8814360217,1,"Parque Central",1655357.93265,0,0.954538209314415,0
44710,"Fresno europeo","24/08/2011 09:35","Alto (> 8 mts)",170,"Grande",-68.8228225176,-32.8681104463,4,"Cuarta Este Área Fundacional",1822015.85685,0,0.109346503579866,0
8833,"Fresno europeo","31/01/2011 13:22","Bajo (2 - 4 mts)",43,"Mediano",-68.8537735616,-32.8681243067,6,"Residencial Norte",2694682.37982,0,0.435149823205238,0
23100,"Prunas","17/01/2011 16:05","Bajo (2 - 4 mts)",38,"Mediano",-68.84783177,-32.9016971238,2,"Barrio Civico",2366816.36021,0,0.504578842806072,0
7948,"Fresno americano","25/02/2011 18:45","Alto (> 8 mts)",180,"Grande",-68.8465143041,-32.8873818148,1,"Parque Central",1655357.93265,0,0.703733932561975,0
16136,"Morera","21/07/2011 09:45","Alto (> 8 mts)",136,"Grande",-68.844924476,-32.8725969739,6,"Residencial Norte",2694682.37982,0,0.306567385589675,0
10172,"Fresno europeo","21/12/2010 13:19","Medio (4 - 8 mts)",50,"Mediano",-68.8532481869,-32.8712990623,6,"Residencial Norte",2694682.37982,0,0.90174398573678,0
13757,"Fresno europeo","27/01/2011 13:26","Alto (> 8 mts)",160,"Grande",-68.849736547,-32.8643139368,6,"Residencial Norte",2694682.37982,0,0.200164742514371,0
28042,"Morera","16/03/2011 19:35","Alto (> 8 mts)",145,"Grande",-68.8468361616,-32.8937081199,2,"Barrio Civico",2366816.36021,0,0.45551568082676,0
3739,"Morera","25/08/2011 11:58","Alto (> 8 mts)",180,"Grande",-68.8203798145,-32.8701108175,4,"Cuarta Este Área Fundacional",1822015.85685,0,0.255860566083608,0
6653,"Pltano","12/05/2011 11:24","Alto (> 8 mts)",155,"Grande",-68.8603502697,-32.8919858994,5,"Residencial Sur",2423808.92355,0,0.547654464395855,0
13148,"Jacarand","18/02/2011 13:14","Bajo (2 - 4 mts)",40,"Mediano",-68.8468165873,-32.8645049796,4,"Cuarta Oeste",1173332.70145,0,0.817070659903117,0
21926,"Morera","06/06/2011 10:37","Alto (> 8 mts)",155,"Grande",-68.8579923453,-32.8957111385,5,"Residencial Sur",2423808.92355,0,0.79535791573995,0
22140,"Morera","13/05/2011 13:59","Alto (> 8 mts)",98,"Grande",-68.8555666213,-32.8987005306,5,"Residencial Sur",2423808.92355,0,0.577208577343908,0
24177,"Fresno europeo","24/01/2011 09:10","Medio (4 - 8 mts)",45,"Mediano",-68.8458006864,-32.9023100559,2,"Barrio Civico",2366816.36021,0,0.472022730512413,0
24197,"Morera","26/01/2011 12:51","Alto (> 8 mts)",100,"Grande",-68.845489685,-32.9006857285,2,"Barrio Civico",2366816.36021,0,0.751366908916701,0
44283,"Fresno americano","21/10/2011 16:28","Medio (4 - 8 mts)",120,"Grande",-68.8352689067,-32.8798644399,1,"Parque Central",1655357.93265,0,0.536244872108968,0
3057,"Morera","15/09/2011 14:00","Alto (> 8 mts)",90,"Grande",-68.8268452683,-32.8721606621,4,"Cuarta Este Área Fundacional",1822015.85685,1,0.604017324907006,0
26019,"Morera","09/11/2011 17:12","Medio (4 - 8 mts)",124,"Grande",-68.8325742785,-32.8864102761,3,"Parque O'Higgins",1531146.02653,1,0.365364067437191,0
7873,"Paraiso","17/06/2011 10:57","Alto (> 8 mts)",150,"Grande",-68.8531253409,-32.8900667325,5,"Residencial Sur",2423808.92355,0,0.674757215918843,0
24078,"Fresno europeo","11/01/2011 11:55","Alto (> 8 mts)",120,"Grande",-68.8465328084,-32.9006085661,2,"Barrio Civico",2366816.36021,0,0.315608984416302,0
20703,"Acacia SP","31/05/2011 11:38","Alto (> 8 mts)",140,"Grande",-68.8620840211,-32.8978495697,5,"Residencial Sur",2423808.92355,0,0.00938732968357059,0
30823,"Conifera","14/02/2011 12:47","Alto (> 8 mts)",60,"Mediano",-68.8551035336,-32.866219707,6,"Residencial Norte",2694682.37982,0,0.27358399012391,0
20192,"Pltano","12/05/2011 10:45","Medio (4 - 8 mts)",115,"Grande",-68.8596581638,-32.8915249581,5,"Residencial Sur",2423808.92355,0,0.0667582487397055,0
31253,"Morera","03/02/2011 09:52","Bajo (2 - 4 mts)",50,"Mediano",-68.8530529611,-32.8638110565,6,"Residencial Norte",2694682.37982,0,0.485286789230749,0
12418,"Morera","24/01/2011 09:27","Alto (> 8 mts)",160,"Grande",-68.8484514597,-32.8668681451,6,"Residencial Norte",2694682.37982,0,0.825742691223787,0
47073,"Morera","23/09/2011 11:56","Alto (> 8 mts)",145,"Grande",-68.8335340741,-32.8736716194,4,"Cuarta Este Área Fundacional",1822015.85685,0,0.929443856363808,0
18317,"Pltano","03/08/2011 08:57","Alto (> 8 mts)",240,"Grande",-68.837655201,-32.8683792608,4,"Cuarta Oeste",1173332.70145,0,0.771113940829541,0
45799,"Fresno europeo","01/09/2011 11:13","Alto (> 8 mts)",280,"Grande",-68.8192951639,-32.8707011065,4,"Cuarta Este Área Fundacional",1822015.85685,0,0.790766032674909,0
45710,"Morera","24/08/2011 12:13","Medio (4 - 8 mts)",190,"Grande",-68.8224477975,-32.8694142148,4,"Cuarta Este Área Fundacional",1822015.85685,0,0.161394654671027,0
17662,"Morera","15/07/2011 08:36","Alto (> 8 mts)",168,"Grande",-68.8411581002,-32.8665039044,4,"Cuarta Oeste",1173332.70145,0,0.868458341906128,0
10494,"Morera","09/03/2011 12:14","Medio (4 - 8 mts)",76,"Grande",-68.850381793,-32.8746506252,6,"Residencial Norte",2694682.37982,0,0.0916213111924137,0
44661,"Morera","19/08/2011 10:31","Medio (4 - 8 mts)",130,"Grande",-68.8240706346,-32.867866946,4,"Cuarta Este Área Fundacional",1822015.85685,0,0.141343513776848,0
5511,"Morera","27/04/2011 13:37","Alto (> 8 mts)",75,"Grande",-68.8383491795,-32.8767308319,1,"Parque Central",1655357.93265,0,0.489631582222841,0
22179,"Fresno europeo","13/05/2011 14:13","Alto (> 8 mts)",62,"Grande",-68.8552432918,-32.8993635132,5,"Residencial Sur",2423808.92355,0,0.95033544088442,0
27976,"Morera","31/10/2011 09:31","Alto (> 8 mts)",200,"Grande",-68.8366501497,-32.8930519546,3,"Parque O'Higgins",1531146.02653,1,0.454505815077107,0
47588,"Morera","16/09/2011 08:47","Alto (> 8 mts)",130,"Grande",-68.8259713507,-32.8714673497,4,"Cuarta Este Área Fundacional",1822015.85685,1,0.407950076187431,0
31518,"Fresno europeo","18/05/2011 12:22","Alto (> 8 mts)",95,"Grande",-68.8594500522,-32.8913955778,5,"Residencial Sur",2423808.92355,0,0.990772129399459,0
28724,"Fresno europeo","14/03/2011 09:05","Muy bajo (1 - 2 mts)",10,"Chico",-68.8483005414,-32.8877812834,5,"Residencial Sur",2423808.92355,0,0.756831297571289,0
19874,"Morera","29/06/2011 10:55","Alto (> 8 mts)",90,"Grande",-68.8345010536,-32.8624116784,4,"Cuarta Oeste",1173332.70145,1,0.8600824046802,0
37860,"Fresno europeo","24/11/2010 12:27","Medio (4 - 8 mts)",50,"Mediano",-68.8526154891,-32.8732792839,6,"Residencial Norte",2694682.37982,0,0.832855686049314,0
37622,"Morera","13/12/2010 11:34","Alto (> 8 mts)",150,"Grande",-68.8504219139,-32.8721941963,6,"Residencial Norte",2694682.37982,1,0.162910014446042,0
31189,"Morera","04/02/2011 10:26","Medio (4 - 8 mts)",94,"Grande",-68.8537467587,-32.8634391537,6,"Residencial Norte",2694682.37982,0,0.62884282864358,0
17945,"Morera","03/08/2011 09:21","Alto (> 8 mts)",150,"Grande",-68.8383758056,-32.86736182,4,"Cuarta Oeste",1173332.70145,0,0.662871219851336,0
15806,"Paraiso sombrilla","21/11/2011 17:11","Bajo (2 - 4 mts)",104,"Grande",-68.8734656705,-32.8785403245,7,"Residencial Parque",1786336.08966,0,0.889309451131174,0
2516,"Pltano","21/10/2011 13:52","Alto (> 8 mts)",180,"Grande",-68.8354774478,-32.8881833835,3,"Parque O'Higgins",1531146.02653,0,0.600988189720867,0
27261,"Fresno europeo","26/10/2011 09:07","Alto (> 8 mts)",125,"Grande",-68.8368864307,-32.8886870935,3,"Parque O'Higgins",1531146.02653,0,0.255974921678032,0
18289,"Morera","04/08/2011 11:08","Alto (> 8 mts)",180,"Grande",-68.8395699905,-32.8687426793,4,"Cuarta Oeste",1173332.70145,0,0.111280905000043,0
44780,"Fresno europeo","23/08/2011 12:14","Medio (4 - 8 mts)",55,"Mediano",-68.8242298432,-32.8694335931,4,"Cuarta Este Área Fundacional",1822015.85685,0,0.285756477570504,0
4154,"Fresno europeo","03/10/2011 09:52","Medio (4 - 8 mts)",58,"Mediano",-68.8321886298,-32.8788383205,4,"Cuarta Este Área Fundacional",1822015.85685,0,0.0248727719267995,0
28258,"Morera","28/02/2011 16:20","Alto (> 8 mts)",112,"Grande",-68.848451196,-32.8934219261,2,"Barrio Civico",2366816.36021,0,0.411235349480071,0
38332,"Morera","10/11/2010 09:41","Alto (> 8 mts)",180,"Grande",-68.8533366104,-32.8690452857,6,"Residencial Norte",2694682.37982,0,0.861568986450775,0
17744,"Paraiso","18/07/2011 10:02","Medio (4 - 8 mts)",145,"Grande",-68.8423589067,-32.866636169,4,"Cuarta Oeste",1173332.70145,0,0.402384495878083,0
7648,"Caducifolio","27/05/2011 10:58","Bajo (2 - 4 mts)",22,"Mediano",-68.8548287316,-32.884636234,5,"Residencial Sur",2423808.92355,0,0.450042730641536,0
20235,"Morera","26/05/2011 12:14","Muy bajo (1 - 2 mts)",6,"Chico",-68.8597306418,-32.893728519,5,"Residencial Sur",2423808.92355,0,0.0786659053186101,0
36380,"Fresno europeo","17/03/2011 09:55","Medio (4 - 8 mts)",140,"Grande",-68.8530635084,-32.8785346114,6,"Residencial Norte",2694682.37982,1,0.989123002162856,0
43555,"Paraiso","12/10/2011 08:17","Alto (> 8 mts)",120,"Grande",-68.8310582298,-32.883099867,3,"Parque O'Higgins",1531146.02653,0,0.983167888513752,0
34669,"Morera","31/03/2011 09:04","Alto (> 8 mts)",120,"Grande",-68.8503376703,-32.8761001434,6,"Residencial Norte",2694682.37982,0,0.666992565654585,0
22537,"Fresno americano","16/06/2011 12:08","Bajo (2 - 4 mts)",35,"Mediano",-68.8608479876,-32.9003722854,5,"Residencial Sur",2423808.92355,0,0.252830245738972,0
4587,"Morera","16/08/2011 07:36","Alto (> 8 mts)",145,"Grande",-68.8346066969,-32.8671829144,4,"Cuarta Oeste",1173332.70145,0,0.868070604634235,0
2956,"Prunas","16/09/2011 08:44","Muy bajo (1 - 2 mts)",10,"Chico",-68.8259641378,-32.8713817554,4,"Cuarta Este Área Fundacional",1822015.85685,0,0.0642792646346487,0
23328,"Morera","31/01/2011 15:28","Alto (> 8 mts)",300,"Grande",-68.8501730324,-32.9016112421,2,"Barrio Civico",2366816.36021,1,0.433661506287951,0
35428,"Fresno europeo","23/03/2011 12:26","Medio (4 - 8 mts)",74,"Grande",-68.8554086499,-32.8813573898,6,"Residencial Norte",2694682.37982,0,0.143570230731531,0
17598,"Morera","19/07/2011 10:49","Alto (> 8 mts)",208,"Grande",-68.8426829188,-32.8661339541,4,"Cuarta Oeste",1173332.70145,0,0.946940533619227,0
9487,"Morera","02/02/2011 09:30","Medio (4 - 8 mts)",100,"Grande",-68.852068828,-32.8643463117,6,"Residencial Norte",2694682.37982,1,0.332446820216786,0
43287,"Morera","07/10/2011 11:53","Alto (> 8 mts)",140,"Grande",-68.8326095246,-32.8799531253,3,"Parque O'Higgins",1531146.02653,1,0.683114949997764,0
31902,"Morera","31/05/2011 13:43","Medio (4 - 8 mts)",160,"Grande",-68.8583790211,-32.8836955417,5,"Residencial Sur",2423808.92355,0,0.708928347699204,0
41437,"Morera","07/04/2011 13:52","Alto (> 8 mts)",135,"Grande",-68.8416007024,-32.8817973723,1,"Parque Central",1655357.93265,0,0.311086679617495,0
31744,"Pltano","28/06/2011 12:21","Alto (> 8 mts)",170,"Grande",-68.8584799773,-32.8894301483,5,"Residencial Sur",2423808.92355,0,0.113384123620767,0
2056,"Fresno europeo","11/10/2011 17:01","Muy bajo (1 - 2 mts)",14,"Chico",-68.8291261381,-32.8814400011,3,"Parque O'Higgins",1531146.02653,0,0.271340227195858,0
1951,"Acacia SP","18/11/2011 16:56","Muy bajo (1 - 2 mts)",16,"Chico",-68.8591323344,-32.8702740204,6,"Residencial Norte",2694682.37982,1,0.708891284355539,0
26702,"Morera","09/11/2011 10:26","Alto (> 8 mts)",145,"Grande",-68.8325787349,-32.8929072642,3,"Parque O'Higgins",1531146.02653,1,0.157336280649597,0
3500,"Morera","26/08/2011 07:28","Alto (> 8 mts)",170,"Grande",-68.8241479368,-32.8681814205,4,"Cuarta Este Área Fundacional",1822015.85685,0,0.734221847638722,0
16223,"Morera","20/07/2011 10:50","Alto (> 8 mts)",165,"Grande",-68.8434512749,-32.8656212953,4,"Cuarta Oeste",1173332.70145,0,0.397913625372142,0
6046,"Pltano","20/04/2011 12:11","Alto (> 8 mts)",155,"Grande",-68.8452746594,-32.8871094506,1,"Parque Central",1655357.93265,0,0.972482633927918,0
18814,"Morera","10/08/2011 10:23","Alto (> 8 mts)",160,"Grande",-68.8353448047,-32.8695606168,4,"Cuarta Oeste",1173332.70145,0,0.731262870627659,0
8788,"Fresno europeo","03/02/2011 14:16","Bajo (2 - 4 mts)",35,"Mediano",-68.8557217642,-32.8671114531,6,"Residencial Norte",2694682.37982,0,0.372553209432146,0
23468,"Fresno americano","24/01/2011 15:36","Bajo (2 - 4 mts)",120,"Grande",-68.8492624269,-32.9019485518,2,"Barrio Civico",2366816.36021,0,0.596948097909441,0
6256,"Prunas","14/07/2011 09:21","Medio (4 - 8 mts)",75,"Grande",-68.854516732,-32.8852215225,5,"Residencial Sur",2423808.92355,0,0.76011667199945,0
44762,"Morera","24/08/2011 09:42","Alto (> 8 mts)",189,"Grande",-68.8237770516,-32.8687698501,4,"Cuarta Este Área Fundacional",1822015.85685,0,0.00871371026262335,0
43546,"Fresno europeo","19/10/2011 16:45","Medio (4 - 8 mts)",100,"Grande",-68.8297356222,-32.8823447997,3,"Parque O'Higgins",1531146.02653,0,0.693475449545949,0
2126,"Fresno europeo","10/11/2011 17:01","Muy bajo (1 - 2 mts)",4,"Chico",-68.8309577912,-32.887686696,3,"Parque O'Higgins",1531146.02653,0,0.891642451363357,0
47922,"Fresno europeo","29/08/2011 12:08","Medio (4 - 8 mts)",97,"Grande",-68.8277761565,-32.8710790678,4,"Cuarta Este Área Fundacional",1822015.85685,0,0.562869712387968,0
23197,"Paraiso","18/01/2011 12:34","Medio (4 - 8 mts)",130,"Grande",-68.8485844343,-32.9011362117,2,"Barrio Civico",2366816.36021,0,0.708795125113994,0
40696,"Fresno americano","19/04/2011 09:51","Alto (> 8 mts)",155,"Grande",-68.8421668568,-32.8843929787,1,"Parque Central",1655357.93265,0,0.610244044303698,0
22339,"Fresno europeo","17/06/2011 10:50","Alto (> 8 mts)",100,"Grande",-68.8583012838,-32.8985583854,5,"Residencial Sur",2423808.92355,0,0.150281521006366,0
38428,"Paraiso","04/11/2010 09:34","Alto (> 8 mts)",95,"Grande",-68.8515694544,-32.8690142949,6,"Residencial Norte",2694682.37982,0,0.437894369617581,0
46071,"Morera","21/09/2011 07:45","Alto (> 8 mts)",170,"Grande",-68.8228487181,-32.874107716,4,"Cuarta Este Área Fundacional",1822015.85685,1,0.915770547210471,0
80,"Fresno europeo","29/02/2012 11:08","Bajo (2 - 4 mts)",32,"Mediano",-68.8569717785,-32.9018553116,5,"Residencial Sur",2423808.92355,0,0.0451218599853426,0
20734,"Morera","31/05/2011 10:17","Medio (4 - 8 mts)",105,"Grande",-68.8632203172,-32.8971343343,5,"Residencial Sur",2423808.92355,0,0.923249196242987,0
44505,"Fresno americano","18/10/2011 10:21","Medio (4 - 8 mts)",182,"Grande",-68.8362783477,-32.8859049522,3,"Parque O'Higgins",1531146.02653,0,0.340441435364929,0
21129,"Paraiso","21/06/2011 09:31","Alto (> 8 mts)",138,"Grande",-68.8623958873,-32.8990351856,5,"Residencial Sur",2423808.92355,0,0.0768104109645883,0
26241,"Fresno europeo","19/10/2011 09:36","Medio (4 - 8 mts)",43,"Mediano",-68.8312318421,-32.8887602017,3,"Parque O'Higgins",1531146.02653,0,0.634231822479642,0
18848,"Conifera","08/08/2011 10:17","Muy bajo (1 - 2 mts)",30,"Mediano",-68.8394993743,-32.8702792564,4,"Cuarta Oeste",1173332.70145,0,0.626790709367249,0
36205,"Pltano","30/03/2011 13:01","Alto (> 8 mts)",240,"Grande",-68.8550663725,-32.8774157826,6,"Residencial Norte",2694682.37982,0,0.995983100695176,0
25213,"Morera","09/02/2011 19:32","Alto (> 8 mts)",76,"Grande",-68.8369327007,-32.8977872415,2,"Barrio Civico",2366816.36021,1,0.86983747716741,0
14601,"Aguaribay","14/12/2011 10:00","Alto (> 8 mts)",70,"Grande",-68.8802260243,-32.8664742853,8,"Aeroparque",2203364.73622,1,0.767163828407765,0
46691,"Fresno europeo","05/09/2011 10:42","Medio (4 - 8 mts)",90,"Grande",-68.8326646455,-32.8701171929,4,"Cuarta Este Área Fundacional",1822015.85685,0,0.571843924287522,0
16149,"Morera","21/07/2011 09:17","Alto (> 8 mts)",142,"Grande",-68.8454282726,-32.8733899033,6,"Residencial Norte",2694682.37982,0,0.865207537049921,0
19494,"Morera","18/07/2011 10:09","Alto (> 8 mts)",135,"Grande",-68.8386066441,-32.8721695916,4,"Cuarta Oeste",1173332.70145,0,0.556579928080386,0
34057,"Morera","30/05/2011 12:39","Medio (4 - 8 mts)",110,"Grande",-68.8563532518,-32.8849732742,5,"Residencial Sur",2423808.92355,0,0.772161668588973,0
6792,"Fresno europeo","27/05/2011 10:07","Alto (> 8 mts)",92,"Grande",-68.8584743663,-32.8949234718,5,"Residencial Sur",2423808.92355,0,0.361708558977475,0
20722,"Aguaribay","31/05/2011 10:40","Alto (> 8 mts)",220,"Grande",-68.8631137614,-32.8979983007,5,"Residencial Sur",2423808.92355,0,0.301402260621918,0
4491,"Caducifolio","29/07/2011 10:47","Medio (4 - 8 mts)",48,"Mediano",-68.8388542684,-32.8674543154,4,"Cuarta Oeste",1173332.70145,0,0.120478635494743,0
35781,"Morera","18/03/2011 11:46","Alto (> 8 mts)",190,"Grande",-68.8545902369,-32.8751765951,6,"Residencial Norte",2694682.37982,1,0.0760153079767752,0
20058,"Morera","09/08/2011 10:00","Alto (> 8 mts)",150,"Grande",-68.8340743219,-32.8651435091,4,"Cuarta Oeste",1173332.70145,1,0.392273499819845,0
21865,"Fresno europeo","07/06/2011 09:20","Medio (4 - 8 mts)",50,"Mediano",-68.8584590966,-32.8958407899,5,"Residencial Sur",2423808.92355,0,0.16361222960972,0
23800,"Olmo comun","27/01/2011 18:12","Alto (> 8 mts)",190,"Grande",-68.8502021431,-32.9007635982,2,"Barrio Civico",2366816.36021,0,0.329114621389297,0
37800,"Morera","10/12/2010 10:40","Alto (> 8 mts)",260,"Grande",-68.8495942716,-32.8721768832,6,"Residencial Norte",2694682.37982,0,0.700796104363925,0
32204,"Fresno americano","10/05/2011 10:14","Medio (4 - 8 mts)",140,"Grande",-68.8589392839,-32.8854695336,5,"Residencial Sur",2423808.92355,0,0.492977899830406,0
6940,"Acer","08/06/2011 09:25","Alto (> 8 mts)",100,"Grande",-68.8551374601,-32.8960682543,5,"Residencial Sur",2423808.92355,0,0.848627460736853,0
48117,"Caducifolio","19/08/2011 09:30","Bajo (2 - 4 mts)",22,"Mediano",-68.8296150599,-32.868530658,4,"Cuarta Este Área Fundacional",1822015.85685,0,0.0116508594448927,0
41264,"Pltano","11/04/2011 09:27","Alto (> 8 mts)",140,"Grande",-68.8408372852,-32.8811330279,1,"Parque Central",1655357.93265,0,0.756004406517715,0
24620,"Pltano","07/02/2011 08:47","Alto (> 8 mts)",310,"Grande",-68.8429424336,-32.903807541,2,"Barrio Civico",2366816.36021,0,0.82979352748238,0
43464,"Acacia SP","03/10/2011 09:49","Alto (> 8 mts)",190,"Grande",-68.8322624862,-32.8793554962,4,"Cuarta Este Área Fundacional",1822015.85685,0,0.646672879708182,0
12123,"Paraiso","20/01/2011 11:17","Alto (> 8 mts)",130,"Grande",-68.8475734451,-32.8678912423,6,"Residencial Norte",2694682.37982,0,0.0154735457191685,0
22395,"Tipa","16/06/2011 09:14","Alto (> 8 mts)",67,"Grande",-68.8605090727,-32.8981648607,5,"Residencial Sur",2423808.92355,0,0.148428230140627,0
4454,"Morera","02/08/2011 09:48","Alto (> 8 mts)",138,"Grande",-68.8387510962,-32.8680569716,4,"Cuarta Oeste",1173332.70145,0,0.256617828618553,0
41372,"Pltano","19/04/2011 09:35","Alto (> 8 mts)",80,"Grande",-68.8417061708,-32.8833020241,1,"Parque Central",1655357.93265,0,0.59606896569171,0
781,"Morera","14/12/2011 10:37","Bajo (2 - 4 mts)",20,"Chico",-68.879605833,-32.867526496,8,"Aeroparque",2203364.73622,0,0.662794440404103,0
37060,"Fresno europeo","05/04/2011 12:51","Medio (4 - 8 mts)",130,"Grande",-68.8563834681,-32.8767073082,6,"Residencial Norte",2694682.37982,0,0.59858020220913,0
39674,"Fresno europeo","21/10/2010 13:22","Medio (4 - 8 mts)",75,"Grande",-68.8475507522,-32.8693585983,6,"Residencial Norte",2694682.37982,0,0.809206420872021,0
32677,"Acacia visco","24/06/2011 10:27","Alto (> 8 mts)",150,"Grande",-68.8512551972,-32.8902662883,5,"Residencial Sur",2423808.92355,0,0.161513939353598,0
26261,"Acacia SP","25/10/2011 10:54","Bajo (2 - 4 mts)",70,"Grande",-68.830384035,-32.8893756313,3,"Parque O'Higgins",1531146.02653,0,0.774533129472618,0
31775,"Olmo comun","27/06/2011 11:21","Medio (4 - 8 mts)",115,"Grande",-68.8588910177,-32.8902503823,5,"Residencial Sur",2423808.92355,0,0.219517434860134,0
22385,"Fresno europeo","16/06/2011 11:14","Bajo (2 - 4 mts)",33,"Mediano",-68.8583246114,-32.8982097399,5,"Residencial Sur",2423808.92355,0,0.333277762689234,0
6527,"Morera","08/06/2011 12:08","Medio (4 - 8 mts)",66,"Grande",-68.8546305459,-32.8921568865,5,"Residencial Sur",2423808.92355,1,0.524564917024058,0
38862,"Pltano","09/12/2010 13:14","Alto (> 8 mts)",180,"Grande",-68.8483193388,-32.8708480498,6,"Residencial Norte",2694682.37982,0,0.169986324387256,0
19916,"Morera","28/06/2011 13:41","Alto (> 8 mts)",182,"Grande",-68.8336624635,-32.8633302954,4,"Cuarta Oeste",1173332.70145,0,0.498298978390985,0
19016,"Morera","12/07/2011 10:01","Medio (4 - 8 mts)",85,"Grande",-68.8397770903,-32.8708649923,4,"Cuarta Oeste",1173332.70145,0,0.407972225221202,0
22854,"Fresno europeo","10/05/2011 10:42","Alto (> 8 mts)",98,"Grande",-68.8570568434,-32.9011314735,5,"Residencial Sur",2423808.92355,0,0.0619600478078867,0
12427,"Morera","24/01/2011 10:28","Alto (> 8 mts)",160,"Grande",-68.8487483517,-32.8663586716,6,"Residencial Norte",2694682.37982,0,0.0718533873359197,0
3088,"Morera","09/09/2011 08:46","Medio (4 - 8 mts)",100,"Grande",-68.8320447982,-32.8715201908,4,"Cuarta Este Área Fundacional",1822015.85685,0,0.734004640216227,0
7139,"Paraiso","15/06/2011 09:31","Alto (> 8 mts)",120,"Grande",-68.8528996043,-32.8982793834,5,"Residencial Sur",2423808.92355,0,0.276751383450089,0
15692,"Aguaribay","15/11/2011 16:44","Muy bajo (1 - 2 mts)",22,"Mediano",-68.8622340517,-32.871212633,7,"Residencial Parque",1786336.08966,0,0.131161094088356,0
40901,"Pltano","26/04/2011 16:05","Bajo (2 - 4 mts)",22,"Mediano",-68.8381044803,-32.8841408126,3,"Parque O'Higgins",1531146.02653,0,0.567600810673616,0
34427,"Fresno europeo","10/03/2011 08:54","Medio (4 - 8 mts)",140,"Grande",-68.8509852591,-32.8739682304,6,"Residencial Norte",2694682.37982,0,0.859510534640285,0
23939,"Morera","19/01/2012 08:38","Alto (> 8 mts)",138,"Grande",-68.8515488688,-32.8967191707,2,"Barrio Civico",2366816.36021,0,0.870238991645013,0
47591,"Morera","15/09/2011 10:28","Bajo (2 - 4 mts)",100,"Grande",-68.8303679263,-32.8718573446,4,"Cuarta Este Área Fundacional",1822015.85685,0,0.718175958915992,0
31483,"Morera","19/05/2011 11:10","Bajo (2 - 4 mts)",18,"Chico",-68.8588809779,-32.8912752238,5,"Residencial Sur",2423808.92355,0,0.510753952132918,0
5913,"Fresno europeo","25/04/2011 12:46","Alto (> 8 mts)",80,"Grande",-68.8428191322,-32.886709058,1,"Parque Central",1655357.93265,0,0.006359172241439,0
46594,"Morera","05/09/2011 11:18","Medio (4 - 8 mts)",45,"Mediano",-68.8326194509,-32.8684233628,4,"Cuarta Oeste",1173332.70145,0,0.562855957312418,0
34365,"Morera","23/03/2011 12:26","Alto (> 8 mts)",170,"Grande",-68.8517112962,-32.8757210844,6,"Residencial Norte",2694682.37982,0,0.396392261152341,0
14737,"Prunas","05/12/2011 12:06","Muy bajo (1 - 2 mts)",10,"Chico",-68.8789524244,-32.869880105,8,"Aeroparque",2203364.73622,0,0.927561396441713,0
44059,"Morera","14/10/2011 11:55","Alto (> 8 mts)",200,"Grande",-68.8299225983,-32.8857200878,3,"Parque O'Higgins",1531146.02653,0,0.492886547610799,0
8445,"Fresno europeo","09/02/2011 17:26","Alto (> 8 mts)",38,"Mediano",-68.8363436164,-32.8984190058,2,"Barrio Civico",2366816.36021,0,0.46652238984292,0
4176,"Morera","07/07/2011 10:03","Alto (> 8 mts)",89,"Grande",-68.8364405729,-32.8739198396,4,"Cuarta Oeste",1173332.70145,0,0.680106869093071,0
22708,"Morera","12/05/2011 12:23","Alto (> 8 mts)",98,"Grande",-68.8540745213,-32.9001029104,5,"Residencial Sur",2423808.92355,1,0.897214245982741,0
35999,"Morera","21/03/2011 11:34","Alto (> 8 mts)",197,"Grande",-68.8558628939,-32.8752569013,6,"Residencial Norte",2694682.37982,0,0.0161369927306366,0
34095,"Paraiso sombrilla","31/05/2011 08:49","Bajo (2 - 4 mts)",110,"Grande",-68.8574153548,-32.8843348289,5,"Residencial Sur",2423808.92355,0,0.555327439822902,0
40724,"Pltano","18/04/2011 09:19","Alto (> 8 mts)",195,"Grande",-68.8431050838,-32.8853352554,1,"Parque Central",1655357.93265,0,0.5255742356073,0
12345,"Morera","18/01/2011 09:31","Medio (4 - 8 mts)",120,"Grande",-68.8471820894,-32.8662654255,6,"Residencial Norte",2694682.37982,0,0.876049155259843,0
8706,"Fresno europeo","10/02/2011 13:30","Medio (4 - 8 mts)",61,"Grande",-68.8381992153,-32.9007062564,2,"Barrio Civico",2366816.36021,0,0.0456419994184821,0
27186,"Fresno europeo","26/10/2011 12:39","Bajo (2 - 4 mts)",50,"Mediano",-68.8358185117,-32.8909995841,3,"Parque O'Higgins",1531146.02653,0,0.628999941152333,0
18646,"Pltano","04/07/2011 13:29","Alto (> 8 mts)",220,"Grande",-68.8368415204,-32.8759860648,1,"Parque Central",1655357.93265,0,0.00496684698213257,0
29284,"Pltano","22/02/2011 13:38","Alto (> 8 mts)",240,"Grande",-68.8428359728,-32.8878186697,3,"Parque O'Higgins",1531146.02653,0,0.49949915823697,0
33817,"Acacia visco","12/05/2011 12:24","Medio (4 - 8 mts)",130,"Grande",-68.8551805342,-32.8860005724,5,"Residencial Sur",2423808.92355,0,0.0434013335468597,0
23029,"Morera","10/06/2011 18:42","Bajo (2 - 4 mts)",18,"Chico",-68.8625042991,-32.901643354,5,"Residencial Sur",2423808.92355,0,0.279408041803035,0
6768,"Morera","23/05/2011 10:22","Alto (> 8 mts)",97,"Grande",-68.8572770686,-32.8947941421,5,"Residencial Sur",2423808.92355,0,0.845583890529483,0
12095,"Morera","05/05/2010 12:10","Medio (4 - 8 mts)",92,"Grande",-68.8529353795,-32.8683835217,6,"Residencial Norte",2694682.37982,0,0.0286509540978045,0
40804,"Pltano","26/04/2011 16:48","Alto (> 8 mts)",142,"Grande",-68.840348907,-32.884302035,1,"Parque Central",1655357.93265,0,0.30151253272396,0
43425,"Fresno americano","26/10/2011 16:13","Medio (4 - 8 mts)",14,"Chico",-68.8323078849,-32.8801572323,3,"Parque O'Higgins",1531146.02653,0,0.1160242540556,0
22696,"Morera","10/05/2011 12:02","Alto (> 8 mts)",132,"Grande",-68.8535210585,-32.8995045878,5,"Residencial Sur",2423808.92355,0,0.469091717262325,0
40067,"Morera","20/04/2011 10:11","Medio (4 - 8 mts)",100,"Grande",-68.8443515979,-32.8785894835,1,"Parque Central",1655357.93265,0,0.957167192909413,0
34850,"Morera","30/03/2011 10:01","Alto (> 8 mts)",80,"Grande",-68.8510494492,-32.8769420378,6,"Residencial Norte",2694682.37982,0,0.195096008093801,0
15886,"Paraiso sombrilla","28/11/2011 20:28","Medio (4 - 8 mts)",90,"Grande",-68.8721340857,-32.8763597081,7,"Residencial Parque",1786336.08966,0,0.843607084909042,0
45242,"Paraiso","29/09/2011 11:34","Alto (> 8 mts)",120,"Grande",-68.8233240724,-32.8732120418,4,"Cuarta Este Área Fundacional",1822015.85685,1,0.294737046641813,0
29376,"Morera","03/03/2011 09:35","Alto (> 8 mts)",155,"Grande",-68.8459895081,-32.8906655646,2,"Barrio Civico",2366816.36021,0,0.35055316672845,0
5894,"Morera","14/04/2011 12:10","Alto (> 8 mts)",145,"Grande",-68.8456875931,-32.8836693674,1,"Parque Central",1655357.93265,1,0.971408846195336,0
13715,"Caducifolio","31/01/2011 11:32","Muy bajo (1 - 2 mts)",4,"Chico",-68.8512690749,-32.8634831723,6,"Residencial Norte",2694682.37982,0,0.841016839343561,0
7891,"Olmo bola","15/06/2011 10:16","Medio (4 - 8 mts)",30,"Mediano",-68.8572823519,-32.8895312989,5,"Residencial Sur",2423808.92355,0,0.65668190700204,0
8583,"Morera","11/02/2011 10:13","Alto (> 8 mts)",130,"Grande",-68.8367218963,-32.8989037431,2,"Barrio Civico",2366816.36021,0,0.837226466906076,0
42081,"Fresno europeo","12/04/2011 10:41","Bajo (2 - 4 mts)",52,"Mediano",-68.8429179252,-32.8795390306,1,"Parque Central",1655357.93265,0,0.348167288094945,0
35912,"Morera","28/03/2011 09:18","Alto (> 8 mts)",155,"Grande",-68.8537878723,-32.8754581577,6,"Residencial Norte",2694682.37982,0,0.126127582839605,0
4371,"Fresno americano","09/08/2011 11:08","Bajo (2 - 4 mts)",18,"Chico",-68.8364370776,-32.8693323692,4,"Cuarta Oeste",1173332.70145,0,0.474551405624175,0
14240,"Morera","07/12/2011 10:07","Bajo (2 - 4 mts)",22,"Mediano",-68.8775548402,-32.8667270541,8,"Aeroparque",2203364.73622,0,0.486576439766247,0
43653,"Morera","14/10/2011 16:56","Muy bajo (1 - 2 mts)",17,"Chico",-68.8343829436,-32.881161657,3,"Parque O'Higgins",1531146.02653,0,0.359662994138209,0
9361,"Tilo","16/02/2011 10:26","Medio (4 - 8 mts)",34,"Mediano",-68.845418647,-32.8651013122,4,"Cuarta Oeste",1173332.70145,0,0.509480348353863,0
35758,"Morera","21/03/2011 11:30","Alto (> 8 mts)",180,"Grande",-68.8538707492,-32.8743497148,6,"Residencial Norte",2694682.37982,0,0.848873514930133,0
5673,"Pltano","02/05/2011 11:17","Bajo (2 - 4 mts)",27,"Mediano",-68.8402937921,-32.8753215033,1,"Parque Central",1655357.93265,0,0.0526836921123185,0
18048,"Fresno europeo","01/08/2011 09:31","Alto (> 8 mts)",138,"Grande",-68.8409233215,-32.8685142915,4,"Cuarta Oeste",1173332.70145,0,0.0572947794536478,0
5697,"Morera","29/04/2011 14:11","Alto (> 8 mts)",170,"Grande",-68.8392517953,-32.8746562615,1,"Parque Central",1655357.93265,0,0.978173063214832,0
37831,"Fresno europeo","10/12/2010 10:21","Medio (4 - 8 mts)",87,"Grande",-68.8492174287,-32.8724162802,6,"Residencial Norte",2694682.37982,0,0.235235954207841,0
29208,"Fresno americano","03/03/2011 09:02","Alto (> 8 mts)",50,"Mediano",-68.8456829704,-32.8882800058,2,"Barrio Civico",2366816.36021,1,0.271502760910747,0
4928,"Morera","18/07/2011 10:32","Medio (4 - 8 mts)",23,"Mediano",-68.8430294402,-32.8676040357,4,"Cuarta Oeste",1173332.70145,0,0.47682938468018,0
31234,"Paraiso sombrilla","04/02/2011 12:14","Bajo (2 - 4 mts)",70,"Grande",-68.8540207974,-32.8644225923,6,"Residencial Norte",2694682.37982,0,0.952163715033698,0
31291,"Acer","25/02/2011 13:10","Alto (> 8 mts)",80,"Grande",-68.8484544554,-32.86466079,6,"Residencial Norte",2694682.37982,0,0.768584881275957,0
2641,"Fresno europeo","21/10/2011 18:46","Muy bajo (1 - 2 mts)",9,"Chico",-68.8342306122,-32.8810591374,3,"Parque O'Higgins",1531146.02653,0,0.301393607462416,0
37373,"Paraiso","29/11/2010 10:40","Alto (> 8 mts)",140,"Grande",-68.8582253692,-32.8723381773,6,"Residencial Norte",2694682.37982,0,0.353421855539812,0
24202,"Morera","26/01/2011 12:22","Alto (> 8 mts)",78,"Grande",-68.8449498156,-32.9013546551,2,"Barrio Civico",2366816.36021,0,0.527140232368157,0
41417,"Pltano","19/04/2011 09:22","Alto (> 8 mts)",186,"Grande",-68.8425610792,-32.8831389825,1,"Parque Central",1655357.93265,0,0.430810528486714,0
12133,"Morera","20/01/2011 12:58","Bajo (2 - 4 mts)",38,"Mediano",-68.8481851565,-32.8677098835,6,"Residencial Norte",2694682.37982,0,0.99344150177596,0
4995,"Fresno europeo","30/06/2011 10:09","Medio (4 - 8 mts)",70,"Grande",-68.8345448805,-32.8636032978,4,"Cuarta Oeste",1173332.70145,0,0.910755794321258,0
36418,"Fresno europeo","21/03/2011 09:22","Bajo (2 - 4 mts)",36,"Mediano",-68.8532027519,-32.879043706,6,"Residencial Norte",2694682.37982,0,0.577963023495004,0
32525,"Acacia visco","23/06/2011 13:40","Alto (> 8 mts)",137,"Grande",-68.8505504845,-32.8900699614,5,"Residencial Sur",2423808.92355,0,0.813693185519557,0
47613,"Fresno europeo","08/09/2011 11:01","Medio (4 - 8 mts)",60,"Mediano",-68.8294335005,-32.8710273271,4,"Cuarta Este Área Fundacional",1822015.85685,0,0.929865870362469,0
41179,"Morera","18/04/2011 13:29","Alto (> 8 mts)",120,"Grande",-68.8372848903,-32.8811196202,1,"Parque Central",1655357.93265,0,0.615636825164368,0
6898,"Fresno europeo","24/05/2011 12:43","Bajo (2 - 4 mts)",30,"Mediano",-68.8607353507,-32.8948590705,5,"Residencial Sur",2423808.92355,0,0.95636873549663,0
9805,"Paraiso sombrilla","12/01/2011 13:37","Alto (> 8 mts)",120,"Grande",-68.8442175102,-32.8642235441,4,"Cuarta Oeste",1173332.70145,0,0.767339736472701,0
24070,"Prunas","20/01/2011 13:30","Bajo (2 - 4 mts)",75,"Grande",-68.8463977374,-32.9012090196,2,"Barrio Civico",2366816.36021,0,0.256924503182397,0
24071,"Caducifolio","20/01/2011 13:17","Bajo (2 - 4 mts)",22,"Mediano",-68.8463986747,-32.9012852099,2,"Barrio Civico",2366816.36021,0,0.525654822444121,0
33644,"Fresno europeo","11/05/2011 13:52","Alto (> 8 mts)",102,"Grande",-68.8565195548,-32.8863711316,5,"Residencial Sur",2423808.92355,0,0.630993386148776,0
28891,"Fresno americano","01/03/2011 12:37","Alto (> 8 mts)",145,"Grande",-68.847841552,-32.8874261904,1,"Parque Central",1655357.93265,0,0.366807316478522,0
23991,"Morera","13/01/2011 12:31","Medio (4 - 8 mts)",56,"Mediano",-68.8463115037,-32.8998957788,2,"Barrio Civico",2366816.36021,0,0.959297016347115,0
46885,"Morera","08/09/2011 12:42","Alto (> 8 mts)",170,"Grande",-68.8341840483,-32.8712182045,4,"Cuarta Oeste",1173332.70145,0,0.992348870617731,0
7193,"Fresno europeo","17/06/2011 10:48","Medio (4 - 8 mts)",70,"Grande",-68.8583116199,-32.8986688651,5,"Residencial Sur",2423808.92355,0,0.649079922548639,0
44685,"Morera","19/08/2011 10:12","Bajo (2 - 4 mts)",16,"Chico",-68.8239289814,-32.8672871502,4,"Cuarta Este Área Fundacional",1822015.85685,0,0.352931199031727,0
18163,"Fresno europeo","26/07/2011 09:53","Alto (> 8 mts)",155,"Grande",-68.839683759,-32.8687559899,4,"Cuarta Oeste",1173332.70145,0,0.842719871107298,0
20728,"Morera","31/05/2011 10:28","Medio (4 - 8 mts)",97,"Grande",-68.8633269059,-32.8976729406,5,"Residencial Sur",2423808.92355,0,0.264385478490095,0
46348,"Morera","19/09/2011 14:12","Medio (4 - 8 mts)",110,"Grande",-68.8260941235,-32.8739941383,4,"Cuarta Este Área Fundacional",1822015.85685,0,0.617956537779988,0
16224,"Fresno americano","20/07/2011 10:46","Bajo (2 - 4 mts)",22,"Mediano",-68.8434721942,-32.8657074298,4,"Cuarta Oeste",1173332.70145,0,0.522942327420233,0
34389,"Fresno americano","28/03/2011 09:17","Bajo (2 - 4 mts)",90,"Grande",-68.8504741896,-32.8749799523,6,"Residencial Norte",2694682.37982,0,0.934220032628159,0
38627,"Fresno europeo","17/12/2010 10:03","Medio (4 - 8 mts)",45,"Mediano",-68.8520541237,-32.8718403288,6,"Residencial Norte",2694682.37982,0,0.826487596204713,0
6039,"Morera","25/04/2011 09:39","Muy bajo (1 - 2 mts)",20,"Chico",-68.8462528609,-32.8864042723,1,"Parque Central",1655357.93265,0,0.035589169732314,0
6765,"Fresno europeo","23/05/2011 11:15","Muy bajo (1 - 2 mts)",10,"Chico",-68.8572215777,-32.894496701,5,"Residencial Sur",2423808.92355,0,0.0132138241334969,0
147,"Fresno europeo","28/02/2012 18:11","Muy bajo (1 - 2 mts)",7,"Chico",-68.8580028841,-32.8642039579,6,"Residencial Norte",2694682.37982,0,0.852918567803345,0
28677,"Pltano","02/03/2011 09:04","Medio (4 - 8 mts)",136,"Grande",-68.8465140146,-32.8915323697,2,"Barrio Civico",2366816.36021,0,0.482432537557514,0
43976,"Fresno europeo","14/10/2011 12:01","Medio (4 - 8 mts)",50,"Mediano",-68.8340102004,-32.885531294,3,"Parque O'Higgins",1531146.02653,0,0.281186559369968,0
8961,"Morera","19/01/2011 12:38","Alto (> 8 mts)",130,"Grande",-68.8474057225,-32.8684905034,6,"Residencial Norte",2694682.37982,0,0.574029462273482,0
8048,"Morera","09/03/2011 10:20","Alto (> 8 mts)",94,"Grande",-68.8429505162,-32.8892260018,2,"Barrio Civico",2366816.36021,0,0.446698861260405,0
46261,"Fresno europeo","19/09/2011 13:31","Alto (> 8 mts)",168,"Grande",-68.8227139596,-32.873525188,4,"Cuarta Este Área Fundacional",1822015.85685,0,0.430683414480952,0
15575,"Acacia SP","16/11/2011 16:48","Medio (4 - 8 mts)",120,"Grande",-68.8611601105,-32.8708598046,7,"Residencial Parque",1786336.08966,0,0.798547797128542,0
10872,"Fresno americano","30/03/2011 12:54","Alto (> 8 mts)",32,"Mediano",-68.8504018712,-32.878711933,6,"Residencial Norte",2694682.37982,0,0.938510445176976,0
27022,"Fresno europeo","28/10/2011 10:21","Bajo (2 - 4 mts)",33,"Mediano",-68.838376407,-32.8910676215,3,"Parque O'Higgins",1531146.02653,0,0.750150696007163,0
41103,"Fresno europeo","27/04/2011 12:57","Medio (4 - 8 mts)",42,"Mediano",-68.8390326025,-32.8821318857,1,"Parque Central",1655357.93265,0,0.729474970431982,0
3332,"Morera","05/10/2011 11:36","Alto (> 8 mts)",105,"Grande",-68.8308460175,-32.8800854638,4,"Cuarta Este Área Fundacional",1822015.85685,0,0.758749164601906,0
36684,"Morera","07/06/2011 09:46","Medio (4 - 8 mts)",150,"Grande",-68.8589155911,-32.8834935693,5,"Residencial Sur",2423808.92355,1,0.107967539634977,0
41800,"Jacarand","26/04/2011 13:04","Medio (4 - 8 mts)",120,"Grande",-68.8419908829,-32.8777487234,1,"Parque Central",1655357.93265,0,0.322680229974141,0
47830,"Morera","21/09/2011 10:08","Alto (> 8 mts)",140,"Grande",-68.8283345725,-32.8741540159,4,"Cuarta Este Área Fundacional",1822015.85685,1,0.361580832907284,0
47260,"Pltano","20/09/2011 11:57","Alto (> 8 mts)",168,"Grande",-68.8320007785,-32.8732411235,4,"Cuarta Este Área Fundacional",1822015.85685,1,0.148407411516976,0
4982,"Fresno europeo","28/06/2011 13:13","Alto (> 8 mts)",108,"Grande",-68.8336392689,-32.8635635025,4,"Cuarta Oeste",1173332.70145,0,0.993020128445745,0
9349,"Jacarand","18/02/2011 13:23","Bajo (2 - 4 mts)",14,"Chico",-68.8468764354,-32.8645090519,4,"Cuarta Oeste",1173332.70145,0,0.692930975985633,0
7960,"Morera","23/02/2011 12:49","Muy bajo (1 - 2 mts)",11,"Chico",-68.8429357384,-32.8885957485,3,"Parque O'Higgins",1531146.02653,0,0.676522036555267,0
46852,"Pltano","15/09/2011 13:20","Alto (> 8 mts)",250,"Grande",-68.8342765662,-32.8726457952,4,"Cuarta Este Área Fundacional",1822015.85685,1,0.0371634654979093,0
37097,"Fresno europeo","06/04/2011 12:12","Medio (4 - 8 mts)",38,"Mediano",-68.85842573,-32.8766636302,7,"Residencial Parque",1786336.08966,0,0.846885130642386,0
45408,"Morera","15/09/2011 15:06","Alto (> 8 mts)",190,"Grande",-68.8258842607,-32.8719579447,4,"Cuarta Este Área Fundacional",1822015.85685,0,0.642170561893912,0
10580,"Ailanthus","29/03/2011 11:12","Alto (> 8 mts)",44,"Mediano",-68.8527916595,-32.8766115783,6,"Residencial Norte",2694682.37982,0,0.445080716218831,0
45695,"Morera","26/08/2011 10:46","Alto (> 8 mts)",87,"Grande",-68.8222453256,-32.8701436682,4,"Cuarta Este Área Fundacional",1822015.85685,1,0.555098996134277,0
34423,"Fresno europeo","10/03/2011 09:07","Alto (> 8 mts)",150,"Grande",-68.851049494,-32.874214289,6,"Residencial Norte",2694682.37982,0,0.225345426163928,0
40079,"Morera","20/04/2011 09:20","Medio (4 - 8 mts)",170,"Grande",-68.8454144418,-32.8781927428,1,"Parque Central",1655357.93265,1,0.460956169171266,0
9690,"Fresno europeo","21/01/2011 13:05","Medio (4 - 8 mts)",70,"Grande",-68.8480393641,-32.8639114475,6,"Residencial Norte",2694682.37982,0,0.380204415952948,0
17692,"Olmo comun","14/07/2011 13:01","Alto (> 8 mts)",185,"Grande",-68.8420682303,-32.8699241024,4,"Cuarta Oeste",1173332.70145,0,0.903400251776678,0
7423,"Caducifolio","17/06/2011 17:39","Bajo (2 - 4 mts)",6,"Chico",-68.8575680498,-32.9004112619,5,"Residencial Sur",2423808.92355,0,0.816445518863667,0
12457,"Paraiso sombrilla","24/01/2011 14:12","Alto (> 8 mts)",87,"Grande",-68.8489333419,-32.8672934109,6,"Residencial Norte",2694682.37982,0,0.369327163865109,0
24853,"Morera","16/02/2011 12:55","Alto (> 8 mts)",146,"Grande",-68.8383340443,-32.8954897081,2,"Barrio Civico",2366816.36021,1,0.210398474329425,0
43977,"Morera","14/10/2011 12:02","Alto (> 8 mts)",190,"Grande",-68.8340129147,-32.885593866,3,"Parque O'Higgins",1531146.02653,0,0.237993401493038,0
21737,"Morera","24/05/2011 09:33","Alto (> 8 mts)",145,"Grande",-68.856154767,-32.8943816607,5,"Residencial Sur",2423808.92355,0,0.133903125847735,0
30592,"Fresno americano","11/02/2011 09:07","Medio (4 - 8 mts)",50,"Mediano",-68.8576292302,-32.8653146907,6,"Residencial Norte",2694682.37982,0,0.730525459745317,0
44278,"Fresno europeo","21/10/2011 16:50","Medio (4 - 8 mts)",160,"Grande",-68.8359719291,-32.8798138772,1,"Parque Central",1655357.93265,0,0.921874910134576,0
21891,"Morera","03/06/2011 10:09","Alto (> 8 mts)",128,"Grande",-68.858669602,-32.8968644056,5,"Residencial Sur",2423808.92355,0,0.180105974443249,0
9589,"Morera","28/01/2011 12:58","Alto (> 8 mts)",180,"Grande",-68.8511964412,-32.8642439356,6,"Residencial Norte",2694682.37982,0,0.553917890959504,0
7862,"Morera","21/06/2011 13:46","Alto (> 8 mts)",127,"Grande",-68.8528867632,-32.8897200222,5,"Residencial Sur",2423808.92355,0,0.809467387933881,0
26258,"Acacia SP","25/10/2011 11:00","Medio (4 - 8 mts)",55,"Mediano",-68.8304518309,-32.8896356809,3,"Parque O'Higgins",1531146.02653,0,0.0451307627839921,0
1341,"Fresno americano","29/11/2011 12:55","Bajo (2 - 4 mts)",20,"Chico",-68.8773663796,-32.865603668,8,"Aeroparque",2203364.73622,0,0.584076902175198,0
44618,"Paraiso","26/08/2011 07:52","Medio (4 - 8 mts)",120,"Grande",-68.8231166249,-32.8672108805,4,"Cuarta Este Área Fundacional",1822015.85685,0,0.131953230943541,0
22592,"Fresno americano","23/06/2011 12:14","Alto (> 8 mts)",108,"Grande",-68.8613298076,-32.9006951939,5,"Residencial Sur",2423808.92355,0,0.691087591541507,0
13094,"Morera","17/02/2011 09:22","Alto (> 8 mts)",120,"Grande",-68.8464191009,-32.8652526369,4,"Cuarta Oeste",1173332.70145,0,0.969395919514796,0
9802,"Paraiso sombrilla","14/01/2011 08:49","Medio (4 - 8 mts)",120,"Grande",-68.8446954522,-32.8642476419,4,"Cuarta Oeste",1173332.70145,0,0.387377080055369,0
23618,"Olmo comun","21/01/2011 09:30","Bajo (2 - 4 mts)",180,"Grande",-68.8476789364,-32.89980034,2,"Barrio Civico",2366816.36021,0,0.522530123044802,0
15410,"Tipa","17/11/2011 12:44","Medio (4 - 8 mts)",110,"Grande",-68.859288736,-32.8721735365,6,"Residencial Norte",2694682.37982,0,0.120313900228507,0
16424,"Morera","02/08/2011 09:40","Alto (> 8 mts)",200,"Grande",-68.8344753773,-32.8661690077,4,"Cuarta Oeste",1173332.70145,1,0.641223274843961,0
34035,"Fresno europeo","27/05/2011 10:51","Bajo (2 - 4 mts)",70,"Grande",-68.8548640184,-32.8848037499,5,"Residencial Sur",2423808.92355,0,0.287484954169157,0
36789,"Morera","08/06/2011 11:56","Alto (> 8 mts)",98,"Grande",-68.8576007745,-32.8805287394,7,"Residencial Parque",1786336.08966,1,0.167421829067362,0
30923,"Fresno europeo","14/02/2011 09:07","Muy bajo (1 - 2 mts)",26,"Mediano",-68.8560057213,-32.8641683386,6,"Residencial Norte",2694682.37982,0,0.719049943925279,0
4089,"Morera","30/09/2011 13:09","Medio (4 - 8 mts)",100,"Grande",-68.829503097,-32.8780959073,4,"Cuarta Este Área Fundacional",1822015.85685,0,0.923251417315595,0
21293,"Morera","13/06/2011 11:22","Alto (> 8 mts)",106,"Grande",-68.8524344163,-32.8981426944,5,"Residencial Sur",2423808.92355,0,0.114371512371982,0
3143,"Morera","09/09/2011 16:12","Bajo (2 - 4 mts)",45,"Mediano",-68.824761872,-32.8722185629,4,"Cuarta Este Área Fundacional",1822015.85685,0,0.554141179204513,0
46107,"Morera","05/10/2011 11:33","Bajo (2 - 4 mts)",28,"Mediano",-68.8253072326,-32.8746984691,4,"Cuarta Este Área Fundacional",1822015.85685,0,0.339502477995825,0
17063,"Morera","16/08/2011 09:29","Alto (> 8 mts)",185,"Grande",-68.8366643067,-32.8642927092,4,"Cuarta Oeste",1173332.70145,0,0.1490876782471,0
14364,"Acer","01/12/2011 13:20","Bajo (2 - 4 mts)",52,"Mediano",-68.878037796,-32.8657774643,8,"Aeroparque",2203364.73622,0,0.330467413782765,0
21602,"Caducifolio","12/05/2011 09:27","Muy bajo (1 - 2 mts)",15,"Chico",-68.855233053,-32.8944495746,5,"Residencial Sur",2423808.92355,0,0.737358589921172,0
12374,"Morera","21/01/2011 14:10","Medio (4 - 8 mts)",85,"Grande",-68.8476007602,-32.867432853,6,"Residencial Norte",2694682.37982,0,0.670207727011868,0
28193,"Fresno americano","14/03/2011 17:48","Bajo (2 - 4 mts)",22,"Mediano",-68.846895648,-32.8932535448,2,"Barrio Civico",2366816.36021,0,0.536351555953138,0
28077,"Morera","21/02/2011 18:15","Alto (> 8 mts)",132,"Grande",-68.850010618,-32.8919969709,5,"Residencial Sur",2423808.92355,1,0.752537408814039,0
21627,"Pltano","10/06/2011 10:56","Alto (> 8 mts)",270,"Grande",-68.8536389856,-32.8960728104,5,"Residencial Sur",2423808.92355,0,0.940077096352548,0
28878,"Pltano","26/04/2011 11:03","Alto (> 8 mts)",163,"Grande",-68.8464788912,-32.8848962606,1,"Parque Central",1655357.93265,0,0.477238272493691,0
17808,"Paraiso","21/07/2011 12:55","Medio (4 - 8 mts)",115,"Grande",-68.8431590006,-32.8692840093,4,"Cuarta Oeste",1173332.70145,0,0.0497313885123403,0
33841,"Morera","16/05/2011 13:19","Medio (4 - 8 mts)",150,"Grande",-68.853370753,-32.8860476961,5,"Residencial Sur",2423808.92355,1,0.0165195092530671,0
18560,"Morera","07/07/2011 11:10","Medio (4 - 8 mts)",110,"Grande",-68.8372225056,-32.8733309833,4,"Cuarta Oeste",1173332.70145,1,0.0037119937492327,0
32034,"Pltano","09/06/2011 13:57","Alto (> 8 mts)",160,"Grande",-68.8594822042,-32.8880211224,5,"Residencial Sur",2423808.92355,0,0.127883797060381,0
34908,"Morera","28/03/2011 12:28","Alto (> 8 mts)",138,"Grande",-68.851786317,-32.8805320681,1,"Parque Central",1655357.93265,0,0.781090971807089,0
26054,"Fresno europeo","08/11/2011 16:08","Medio (4 - 8 mts)",150,"Grande",-68.8320282826,-32.8876368889,3,"Parque O'Higgins",1531146.02653,0,0.851610761439383,0
1218,"Paraiso sombrilla","29/11/2011 12:15","Medio (4 - 8 mts)",122,"Grande",-68.8768372801,-32.8646817055,8,"Aeroparque",2203364.73622,0,0.0235795193549684,0
30673,"Paraiso","02/02/2011 13:25","Medio (4 - 8 mts)",190,"Grande",-68.854829662,-32.8673048247,6,"Residencial Norte",2694682.37982,0,0.51379233356623,0
39090,"Fresno europeo","22/12/2010 09:01","Muy bajo (1 - 2 mts)",2,"Chico",-68.8538944249,-32.8715764017,6,"Residencial Norte",2694682.37982,0,0.765975130843085,0
33647,"Morera","16/05/2011 10:03","Bajo (2 - 4 mts)",10,"Chico",-68.8567547868,-32.8864319399,5,"Residencial Sur",2423808.92355,0,0.928032455349595,0
33793,"Morera","13/05/2011 09:08","Bajo (2 - 4 mts)",82,"Grande",-68.8564960463,-32.8855248231,5,"Residencial Sur",2423808.92355,0,0.223751376137507,0
16342,"lamo blanco","12/08/2011 14:16","Alto (> 8 mts)",125,"Grande",-68.8418634443,-32.8630972019,4,"Cuarta Oeste",1173332.70145,0,0.623453682897249,0
35542,"Pltano","16/06/2011 14:39","Medio (4 - 8 mts)",120,"Grande",-68.856899892,-32.8824741113,7,"Residencial Parque",1786336.08966,0,0.258201037949877,0
21807,"Morera","13/05/2011 10:17","Alto (> 8 mts)",160,"Grande",-68.8568958994,-32.8941184372,5,"Residencial Sur",2423808.92355,1,0.968568378353586,0
46285,"Morera","21/09/2011 09:48","Alto (> 8 mts)",158,"Grande",-68.8230164626,-32.8740656866,4,"Cuarta Este Área Fundacional",1822015.85685,0,0.171634933824287,0
24665,"Olmo comun","18/01/2011 13:41","Medio (4 - 8 mts)",125,"Grande",-68.8425362351,-32.9011231308,2,"Barrio Civico",2366816.36021,0,0.619269347206152,0
37968,"Morera","27/08/2010 10:22","Alto (> 8 mts)",156,"Grande",-68.8483392356,-32.8741321396,6,"Residencial Norte",2694682.37982,0,0.510975752457816,0
41343,"Pltano","19/04/2011 10:19","Alto (> 8 mts)",158,"Grande",-68.8400790936,-32.8826826114,1,"Parque Central",1655357.93265,0,0.176031480957757,0
21676,"Morera","10/06/2011 08:44","Alto (> 8 mts)",108,"Grande",-68.8555449259,-32.8950941709,5,"Residencial Sur",2423808.92355,1,0.0963671624075185,0
46332,"Fresno europeo","26/09/2011 09:52","Alto (> 8 mts)",200,"Grande",-68.8252008105,-32.8733891516,4,"Cuarta Este Área Fundacional",1822015.85685,0,0.227901948768917,0
42662,"Fresno europeo","26/09/2011 10:46","Muy bajo (1 - 2 mts)",3,"Chico",-68.8294530374,-32.876744174,4,"Cuarta Este Área Fundacional",1822015.85685,0,0.235777512191673,0
26194,"Fresno americano","20/10/2011 10:57","Medio (4 - 8 mts)",200,"Grande",-68.8314998752,-32.8885908648,3,"Parque O'Higgins",1531146.02653,0,0.0759535011737992,0
5337,"Caducifolio","26/04/2011 13:06","Bajo (2 - 4 mts)",70,"Grande",-68.8420011215,-32.8777869528,1,"Parque Central",1655357.93265,0,0.702844819893847,0
31071,"Fresno europeo","16/02/2011 12:48","Medio (4 - 8 mts)",82,"Grande",-68.8555536096,-32.8653677179,6,"Residencial Norte",2694682.37982,0,0.198801048682658,0
3134,"Morera","09/09/2011 09:17","Medio (4 - 8 mts)",120,"Grande",-68.8256018565,-32.8732557044,4,"Cuarta Este Área Fundacional",1822015.85685,0,0.00790562637630976,0
30713,"Paraiso","03/02/2011 14:03","Alto (> 8 mts)",210,"Grande",-68.8557437012,-32.8669342349,6,"Residencial Norte",2694682.37982,0,0.179408830949547,0
28208,"Morera","14/03/2011 18:21","Alto (> 8 mts)",114,"Grande",-68.8480355753,-32.8934987679,2,"Barrio Civico",2366816.36021,0,0.436069267113919,0
36273,"Pltano","17/03/2011 09:53","Alto (> 8 mts)",300,"Grande",-68.8538643759,-32.877648103,6,"Residencial Norte",2694682.37982,0,0.0172190820592224,0
30764,"Morera","03/02/2011 13:14","Alto (> 8 mts)",200,"Grande",-68.8554550654,-32.8684944192,6,"Residencial Norte",2694682.37982,0,0.427044826127389,0
11322,"Prunas","13/01/2011 17:10","Medio (4 - 8 mts)",43,"Mediano",-68.8471597811,-32.900050903,2,"Barrio Civico",2366816.36021,0,0.668226420750284,0
45550,"Morera","08/09/2011 09:35","Alto (> 8 mts)",153,"Grande",-68.8205917735,-32.8704410308,4,"Cuarta Este Área Fundacional",1822015.85685,0,0.613073365238402,0
35270,"Fresno europeo","24/06/2011 10:00","Bajo (2 - 4 mts)",20,"Chico",-68.8523257638,-32.8826808434,1,"Parque Central",1655357.93265,0,0.396772832158804,0
16717,"Paraiso","21/07/2011 10:58","Alto (> 8 mts)",183,"Grande",-68.840351486,-32.8627715757,4,"Cuarta Oeste",1173332.70145,0,0.337782734391401,0
2993,"Fresno europeo","16/09/2011 09:15","Medio (4 - 8 mts)",128,"Grande",-68.8246547821,-32.8713723175,4,"Cuarta Este Área Fundacional",1822015.85685,0,0.252858748352595,0
18239,"Pltano","29/07/2011 10:38","Alto (> 8 mts)",150,"Grande",-68.839042247,-32.8673368907,4,"Cuarta Oeste",1173332.70145,0,0.671910002150374,0
35235,"Paraiso","22/03/2011 12:56","Alto (> 8 mts)",106,"Grande",-68.8539507404,-32.8818693002,6,"Residencial Norte",2694682.37982,0,0.754465205901956,0
34384,"Morera","28/03/2011 09:38","Alto (> 8 mts)",180,"Grande",-68.8509422668,-32.8748843903,6,"Residencial Norte",2694682.37982,0,0.656937433134148,0
438,"Morera","06/03/2012 11:17","Muy bajo (1 - 2 mts)",8,"Chico",-68.8176995362,-32.8680132915,4,"Cuarta Este Área Fundacional",1822015.85685,0,0.441980419142984,0
14665,"Aguaribay","15/12/2011 17:28","Bajo (2 - 4 mts)",64,"Grande",-68.8820527984,-32.8672398111,8,"Aeroparque",2203364.73622,0,0.757091202898998,0
47170,"Fresno europeo","21/09/2011 10:16","Medio (4 - 8 mts)",160,"Grande",-68.8335542702,-32.873948505,4,"Cuarta Este Área Fundacional",1822015.85685,0,0.788928201678507,0
47094,"Pltano","23/09/2011 10:39","Alto (> 8 mts)",155,"Grande",-68.8343918222,-32.8727233132,4,"Cuarta Este Área Fundacional",1822015.85685,0,0.174240325659767,0
14450,"Acer","02/12/2011 08:44","Muy bajo (1 - 2 mts)",18,"Chico",-68.8778407669,-32.8673738663,8,"Aeroparque",2203364.73622,0,0.273024723814721,0
27375,"Pltano","20/10/2011 12:55","Alto (> 8 mts)",190,"Grande",-68.8355822701,-32.8878828802,3,"Parque O'Higgins",1531146.02653,0,0.883152847298706,0
5559,"Caducifolio","12/04/2011 11:17","Muy bajo (1 - 2 mts)",20,"Chico",-68.840056737,-32.8798604433,1,"Parque Central",1655357.93265,0,0.380627009547568,0
2561,"Prunas","19/10/2011 09:48","Medio (4 - 8 mts)",80,"Grande",-68.8312913223,-32.8851987664,3,"Parque O'Higgins",1531146.02653,0,0.8584801666393,0
15843,"Paraiso","25/11/2011 11:22","Bajo (2 - 4 mts)",20,"Chico",-68.8725824907,-32.8775093872,7,"Residencial Parque",1786336.08966,0,0.68940786603226,0
29946,"Pltano","28/04/2011 12:32","Alto (> 8 mts)",260,"Grande",-68.8431432307,-32.8855198797,1,"Parque Central",1655357.93265,1,0.21939108383861,0
41188,"Morera","15/04/2011 14:15","Bajo (2 - 4 mts)",2,"Chico",-68.8383043444,-32.8815505286,1,"Parque Central",1655357.93265,0,0.120652753829666,0
787,"Aguaribay","14/12/2011 10:24","Alto (> 8 mts)",150,"Grande",-68.8794351697,-32.8668729776,8,"Aeroparque",2203364.73622,0,0.687772826471356,0
3107,"Paraiso sombrilla","16/09/2011 11:05","Bajo (2 - 4 mts)",100,"Grande",-68.8222691508,-32.8713080216,4,"Cuarta Este Área Fundacional",1822015.85685,0,0.203677856850413,0
9477,"Morera","01/02/2011 12:40","Alto (> 8 mts)",170,"Grande",-68.8513208603,-32.8643133671,6,"Residencial Norte",2694682.37982,0,0.455002586085282,0
11562,"Paraiso","10/05/2010 11:26","Bajo (2 - 4 mts)",90,"Grande",-68.8520123622,-32.8677775141,6,"Residencial Norte",2694682.37982,0,0.561993312275769,0
18236,"Paraiso","29/07/2011 10:51","Alto (> 8 mts)",150,"Grande",-68.8388789921,-32.8675561801,4,"Cuarta Oeste",1173332.70145,0,0.363169474128983,0
46465,"Ligustro","17/08/2011 09:24","Alto (> 8 mts)",200,"Grande",-68.8318874854,-32.8677642615,4,"Cuarta Oeste",1173332.70145,0,0.581348189070324,0
46530,"Paraiso","16/08/2011 13:08","Alto (> 8 mts)",140,"Grande",-68.83177266,-32.8682554405,4,"Cuarta Oeste",1173332.70145,0,0.722187324758155,0
27303,"Morera","25/10/2011 09:44","Medio (4 - 8 mts)",180,"Grande",-68.8344462489,-32.8905786112,3,"Parque O'Higgins",1531146.02653,1,0.257430197625974,0
46362,"Morera","19/09/2011 13:42","Alto (> 8 mts)",165,"Grande",-68.8249201584,-32.8742877476,4,"Cuarta Este Área Fundacional",1822015.85685,0,0.0374605500655764,0
8964,"Conifera","19/01/2011 11:26","Alto (> 8 mts)",197,"Grande",-68.846874433,-32.8676183591,6,"Residencial Norte",2694682.37982,0,0.695416538348982,0
28099,"Pltano","21/02/2011 19:20","Alto (> 8 mts)",128,"Grande",-68.8496924631,-32.8910729278,5,"Residencial Sur",2423808.92355,0,0.543527944064471,0
21029,"Paraiso","21/06/2011 12:01","Bajo (2 - 4 mts)",40,"Mediano",-68.864153133,-32.9015050336,5,"Residencial Sur",2423808.92355,0,0.27321176472342,0
35764,"Morera","21/03/2011 09:05","Medio (4 - 8 mts)",180,"Grande",-68.8543665301,-32.8742586151,6,"Residencial Norte",2694682.37982,0,0.462285872073326,0
1351,"Fresno americano","29/11/2011 13:07","Bajo (2 - 4 mts)",60,"Mediano",-68.8772567237,-32.8651942375,8,"Aeroparque",2203364.73622,0,0.275912172630198,0
20530,"Morera","03/06/2011 09:27","Alto (> 8 mts)",140,"Grande",-68.8594112574,-32.8977629334,5,"Residencial Sur",2423808.92355,0,0.387044712927773,0
46758,"Morera","05/09/2011 11:12","Medio (4 - 8 mts)",175,"Grande",-68.8332562013,-32.8700958011,4,"Cuarta Oeste",1173332.70145,0,0.681484320612656,0
38075,"Fresno europeo","06/12/2010 09:16","Medio (4 - 8 mts)",156,"Grande",-68.8474108684,-32.8721149075,6,"Residencial Norte",2694682.37982,0,0.752342788176106,0
28586,"Morera","22/02/2011 09:37","Alto (> 8 mts)",250,"Grande",-68.8490830649,-32.8900912716,5,"Residencial Sur",2423808.92355,0,0.0974477964207304,0
12265,"Morera","10/01/2011 09:41","Alto (> 8 mts)",110,"Grande",-68.8447556875,-32.8683985928,4,"Cuarta Oeste",1173332.70145,1,0.61964304711963,0
5292,"Acer","28/04/2011 13:35","Medio (4 - 8 mts)",120,"Grande",-68.8432728387,-32.877229373,1,"Parque Central",1655357.93265,0,0.130046798973753,0
33311,"Fresno europeo","24/06/2011 10:35","Medio (4 - 8 mts)",84,"Grande",-68.8577638806,-32.8903998268,5,"Residencial Sur",2423808.92355,1,0.932442726237083,0
36183,"Morera","31/03/2011 10:25","Alto (> 8 mts)",110,"Grande",-68.8563935797,-32.8772290443,6,"Residencial Norte",2694682.37982,0,0.723505867616933,0
23542,"Morera","01/02/2011 14:40","Medio (4 - 8 mts)",122,"Grande",-68.8502841391,-32.9025336236,2,"Barrio Civico",2366816.36021,0,0.207895395321312,0
38114,"Fresno europeo","03/12/2010 10:37","Alto (> 8 mts)",180,"Grande",-68.8466698177,-32.8728797542,6,"Residencial Norte",2694682.37982,0,0.937668463493663,0
31109,"Fresno europeo","08/02/2011 12:38","Medio (4 - 8 mts)",94,"Grande",-68.8548402684,-32.8645588903,6,"Residencial Norte",2694682.37982,0,0.51464015392329,0
38351,"Paraiso","09/11/2010 11:29","Alto (> 8 mts)",180,"Grande",-68.853846888,-32.8702667252,6,"Residencial Norte",2694682.37982,0,0.136364343576239,0
28491,"Morera","25/02/2011 10:16","Alto (> 8 mts)",160,"Grande",-68.8475011201,-32.8892519867,2,"Barrio Civico",2366816.36021,0,0.728945281837092,0
46873,"Morera","09/09/2011 11:05","Alto (> 8 mts)",126,"Grande",-68.833379317,-32.8707104697,4,"Cuarta Este Área Fundacional",1822015.85685,0,0.444666367242811,0
38736,"Fresno europeo","15/12/2010 09:21","Medio (4 - 8 mts)",40,"Mediano",-68.8512376095,-32.8719434159,6,"Residencial Norte",2694682.37982,0,0.568164470798719,0
44526,"Pltano","17/10/2011 12:16","Alto (> 8 mts)",195,"Grande",-68.8354469673,-32.8849366945,3,"Parque O'Higgins",1531146.02653,1,0.831414783606157,0
19558,"Paraiso","26/07/2011 09:43","Alto (> 8 mts)",160,"Grande",-68.8382257921,-32.8712466666,4,"Cuarta Oeste",1173332.70145,0,0.332276734458178,0
47369,"Morera","21/09/2011 12:07","Medio (4 - 8 mts)",210,"Grande",-68.8285714542,-32.8742374409,4,"Cuarta Este Área Fundacional",1822015.85685,0,0.824442975008813,0
13760,"Morera","27/01/2011 13:14","Alto (> 8 mts)",120,"Grande",-68.8498079954,-32.8645966779,6,"Residencial Norte",2694682.37982,0,0.278675219069466,0
40798,"Fresno europeo","26/04/2011 16:56","Bajo (2 - 4 mts)",18,"Chico",-68.8401847074,-32.8847486138,1,"Parque Central",1655357.93265,0,0.512743990470493,0
2384,"Fresno americano","31/10/2011 14:44","Bajo (2 - 4 mts)",46,"Mediano",-68.8378219972,-32.8859428273,3,"Parque O'Higgins",1531146.02653,1,0.932212854563382,0
19878,"Fresno europeo","29/06/2011 10:42","Alto (> 8 mts)",120,"Grande",-68.8348010654,-32.8625064995,4,"Cuarta Oeste",1173332.70145,0,0.969667979312908,0
27282,"Pltano","31/10/2011 09:14","Alto (> 8 mts)",130,"Grande",-68.8345348198,-32.8898458337,3,"Parque O'Higgins",1531146.02653,0,0.514380191682864,0
45179,"Fresno europeo","31/08/2011 10:09","Alto (> 8 mts)",86,"Grande",-68.8231152133,-32.8702903815,4,"Cuarta Este Área Fundacional",1822015.85685,0,0.830010577873449,0
17097,"Morera","15/08/2011 11:05","Alto (> 8 mts)",180,"Grande",-68.838075897,-32.8641242572,4,"Cuarta Oeste",1173332.70145,1,0.275890222557471,0
33322,"Jacarand","24/06/2011 09:49","Muy bajo (1 - 2 mts)",4,"Chico",-68.8568867537,-32.8907237218,5,"Residencial Sur",2423808.92355,1,0.617006799304618,0
35341,"Fresno europeo","22/06/2011 15:31","Bajo (2 - 4 mts)",70,"Grande",-68.8543408745,-32.8837126348,5,"Residencial Sur",2423808.92355,0,0.812332439682487,0
26766,"Morera","11/01/2012 08:54","Alto (> 8 mts)",145,"Grande",-68.8332976337,-32.8955677641,3,"Parque O'Higgins",1531146.02653,1,0.909483834290474,0
41658,"Fresno europeo","03/05/2011 12:04","Alto (> 8 mts)",98,"Grande",-68.8369556027,-32.8764573258,1,"Parque Central",1655357.93265,0,0.921132964615385,0
43278,"Morera","21/10/2011 17:57","Muy bajo (1 - 2 mts)",5,"Chico",-68.8338453286,-32.8804267461,1,"Parque Central",1655357.93265,0,0.0557559759352102,0
40474,"Morera","11/04/2011 09:47","Alto (> 8 mts)",117,"Grande",-68.8438001652,-32.8820968856,1,"Parque Central",1655357.93265,1,0.728139893235518,0
20503,"Morera","01/06/2011 12:14","Alto (> 8 mts)",75,"Grande",-68.8608908668,-32.8977911006,5,"Residencial Sur",2423808.92355,1,0.84575760690787,0
36008,"Fresno europeo","21/03/2011 09:07","Alto (> 8 mts)",150,"Grande",-68.8560450347,-32.8759188786,6,"Residencial Norte",2694682.37982,0,0.731324729120419,0
6668,"Fresno europeo","16/05/2011 10:27","Alto (> 8 mts)",116,"Grande",-68.8617931243,-32.8911073856,5,"Residencial Sur",2423808.92355,0,0.177946427898664,0
45409,"Morera","15/09/2011 15:00","Alto (> 8 mts)",110,"Grande",-68.8258891093,-32.8719963636,4,"Cuarta Este Área Fundacional",1822015.85685,0,0.0108533191387923,0
24527,"Morera","27/01/2011 13:37","Medio (4 - 8 mts)",88,"Grande",-68.8425215343,-32.9012534263,2,"Barrio Civico",2366816.36021,0,0.117390348711301,0
8430,"Olmo comun","08/02/2011 15:56","Medio (4 - 8 mts)",72,"Grande",-68.8387729559,-32.9012314375,2,"Barrio Civico",2366816.36021,0,0.313755853430811,0
17012,"Morera","10/08/2011 09:02","Medio (4 - 8 mts)",60,"Mediano",-68.8390513073,-32.8634685831,4,"Cuarta Oeste",1173332.70145,0,0.537043385993478,0
3179,"Caducifolio","21/09/2011 11:12","Muy bajo (1 - 2 mts)",2,"Chico",-68.8310451534,-32.8752910089,4,"Cuarta Este Área Fundacional",1822015.85685,0,0.90813613415865,0
6392,"Morera","19/05/2011 10:28","Medio (4 - 8 mts)",43,"Mediano",-68.8515040926,-32.887312262,5,"Residencial Sur",2423808.92355,0,0.310403632522531,0
34151,"Morera","10/03/2011 13:42","Alto (> 8 mts)",115,"Grande",-68.8562603353,-32.8728876815,6,"Residencial Norte",2694682.37982,0,0.968889553600054,0
1929,"Paraiso","18/11/2011 12:27","Bajo (2 - 4 mts)",18,"Chico",-68.8594160652,-32.8712935808,6,"Residencial Norte",2694682.37982,0,0.630710019935426,0
44853,"Morera","19/08/2011 13:37","Alto (> 8 mts)",145,"Grande",-68.8243670743,-32.8665416012,4,"Cuarta Este Área Fundacional",1822015.85685,0,0.472315935383651,0
17379,"Paraiso","22/07/2011 13:36","Alto (> 8 mts)",107,"Grande",-68.840510971,-32.8659786508,4,"Cuarta Oeste",1173332.70145,0,0.737151000128822,0
1983,"Morera","03/01/2012 10:34","Bajo (2 - 4 mts)",30,"Mediano",-68.860092286,-32.889545848,5,"Residencial Sur",2423808.92355,0,0.64837360196045,0
9603,"Morera","27/01/2011 09:56","Medio (4 - 8 mts)",100,"Grande",-68.8503868787,-32.8632313048,6,"Residencial Norte",2694682.37982,0,0.711817796014852,0
11188,"Paraiso sombrilla","27/01/2011 08:16","Medio (4 - 8 mts)",90,"Grande",-68.8445789981,-32.9018653483,2,"Barrio Civico",2366816.36021,0,0.0357158989553328,0
10706,"Morera","30/03/2011 10:20","Alto (> 8 mts)",200,"Grande",-68.8492644954,-32.8761899655,6,"Residencial Norte",2694682.37982,0,0.184590784535272,0
11515,"Paraiso","22/02/2011 10:37","Alto (> 8 mts)",180,"Grande",-68.8527748464,-32.8662276399,6,"Residencial Norte",2694682.37982,0,0.609478606509918,0
26774,"Morera","01/11/2011 10:21","Medio (4 - 8 mts)",100,"Grande",-68.833059971,-32.8948071415,3,"Parque O'Higgins",1531146.02653,0,0.00462545595527974,0
4762,"Morera","02/08/2011 10:33","Medio (4 - 8 mts)",60,"Mediano",-68.8365790681,-32.8669154309,4,"Cuarta Oeste",1173332.70145,0,0.359267129045503,0
22511,"Olmo comun","21/06/2011 10:25","Alto (> 8 mts)",170,"Grande",-68.859748296,-32.8999008423,5,"Residencial Sur",2423808.92355,0,0.965963892602209,0
27560,"Pltano","28/10/2011 11:43","Muy bajo (1 - 2 mts)",8,"Chico",-68.8398062661,-32.892662728,2,"Barrio Civico",2366816.36021,0,0.783110482144054,0
29641,"Morera","23/03/2011 18:38","Alto (> 8 mts)",148,"Grande",-68.8430054514,-32.8934133855,2,"Barrio Civico",2366816.36021,0,0.165285364153324,0
36478,"Fresno europeo","18/03/2011 10:17","Medio (4 - 8 mts)",65,"Grande",-68.8546553809,-32.8795867637,6,"Residencial Norte",2694682.37982,0,0.576073768553871,0
26826,"Fresno europeo","09/11/2011 12:01","Alto (> 8 mts)",100,"Grande",-68.8333287549,-32.894036458,3,"Parque O'Higgins",1531146.02653,0,0.210640817015279,0
2997,"Fresno europeo","16/09/2011 08:59","Medio (4 - 8 mts)",58,"Mediano",-68.8250955454,-32.8712602778,4,"Cuarta Este Área Fundacional",1822015.85685,0,0.965648357374959,0
45090,"Fresno europeo","01/09/2011 10:14","Alto (> 8 mts)",180,"Grande",-68.8250203779,-32.8711375505,4,"Cuarta Este Área Fundacional",1822015.85685,0,0.237773615726546,0
11468,"Acacia SP","06/01/2011 12:42","Medio (4 - 8 mts)",119,"Grande",-68.8432405029,-32.8628315732,4,"Cuarta Oeste",1173332.70145,0,0.82049176792819,0
47452,"Morera","20/09/2011 10:22","Alto (> 8 mts)",160,"Grande",-68.8306446529,-32.8752387101,4,"Cuarta Este Área Fundacional",1822015.85685,1,0.88847747723558,0
23652,"Morera","20/01/2011 19:51","Alto (> 8 mts)",140,"Grande",-68.8484405974,-32.8999250676,2,"Barrio Civico",2366816.36021,0,0.967310942927642,0
3360,"Pltano","04/10/2011 10:04","Alto (> 8 mts)",170,"Grande",-68.8351016769,-32.8790762978,1,"Parque Central",1655357.93265,0,0.0405060423715882,0
11374,"Fresno europeo","27/01/2011 19:26","Medio (4 - 8 mts)",38,"Mediano",-68.8500398195,-32.9016543247,2,"Barrio Civico",2366816.36021,0,0.277620641911367,0
2989,"Tilo","16/09/2011 09:21","Bajo (2 - 4 mts)",28,"Mediano",-68.8246881049,-32.8717782518,4,"Cuarta Este Área Fundacional",1822015.85685,0,0.622513066640955,0
29215,"Pltano","03/03/2011 09:50","Alto (> 8 mts)",222,"Grande",-68.8454845017,-32.8879105648,1,"Parque Central",1655357.93265,0,0.00732683524437661,0
22575,"Morera","16/06/2011 10:03","Alto (> 8 mts)",138,"Grande",-68.8612549808,-32.8999605623,5,"Residencial Sur",2423808.92355,0,0.589320465921667,0
8802,"Morera","02/02/2011 10:01","Medio (4 - 8 mts)",80,"Grande",-68.8547193817,-32.8684905671,6,"Residencial Norte",2694682.37982,0,0.464936687667735,0
41799,"Paraiso","26/04/2011 13:08","Medio (4 - 8 mts)",200,"Grande",-68.8420209194,-32.8778639076,1,"Parque Central",1655357.93265,0,0.291374441884368,0
47974,"Morera","29/08/2011 10:03","Alto (> 8 mts)",115,"Grande",-68.8272909035,-32.8700559679,4,"Cuarta Este Área Fundacional",1822015.85685,0,0.0496225082698146,0
16555,"Morera","27/07/2011 09:55","Alto (> 8 mts)",180,"Grande",-68.8408655317,-32.8654426885,4,"Cuarta Oeste",1173332.70145,1,0.519056202805122,0
1594,"Morera","24/11/2011 10:34","Bajo (2 - 4 mts)",22,"Mediano",-68.8721648349,-32.8796367858,7,"Residencial Parque",1786336.08966,0,0.840615740347351,0
31205,"Morera","07/02/2011 08:42","Medio (4 - 8 mts)",34,"Mediano",-68.8535456827,-32.8641205596,6,"Residencial Norte",2694682.37982,0,0.975831554105753,0
5332,"Paraiso","26/04/2011 12:11","Medio (4 - 8 mts)",140,"Grande",-68.8427363921,-32.8781416678,1,"Parque Central",1655357.93265,0,0.710291505095432,0
27473,"Paraiso","28/10/2011 08:39","Alto (> 8 mts)",148,"Grande",-68.8381954052,-32.89173606,3,"Parque O'Higgins",1531146.02653,0,0.144986911107428,0
45028,"Morera","29/08/2011 09:25","Alto (> 8 mts)",120,"Grande",-68.8253906825,-32.8701097103,4,"Cuarta Este Área Fundacional",1822015.85685,0,0.790709056349932,0
46154,"Morera","27/09/2011 10:41","Alto (> 8 mts)",145,"Grande",-68.8245107172,-32.8743286364,4,"Cuarta Este Área Fundacional",1822015.85685,1,0.258454085141015,0
24201,"Paraiso","26/01/2011 12:36","Alto (> 8 mts)",130,"Grande",-68.8457321792,-32.9007519477,2,"Barrio Civico",2366816.36021,0,0.441466290892338,0
31188,"Morera","04/02/2011 10:28","Medio (4 - 8 mts)",110,"Grande",-68.8538094707,-32.863441391,6,"Residencial Norte",2694682.37982,0,0.458922739979845,0
21545,"Morera","08/06/2011 11:48","Alto (> 8 mts)",120,"Grande",-68.8543096907,-32.8950215178,5,"Residencial Sur",2423808.92355,1,0.325394487977903,0
48012,"Morera","29/08/2011 08:49","Alto (> 8 mts)",110,"Grande",-68.82693514,-32.8689336785,4,"Cuarta Este Área Fundacional",1822015.85685,1,0.257318947871993,0
2672,"Acacia SP","12/10/2011 14:45","Medio (4 - 8 mts)",120,"Grande",-68.8325117137,-32.8847177427,3,"Parque O'Higgins",1531146.02653,0,0.0506436768922351,0
30813,"Morera","22/06/2011 12:26","Alto (> 8 mts)",60,"Mediano",-68.8556629526,-32.8664114156,6,"Residencial Norte",2694682.37982,0,0.57133185777658,0
14367,"Paraiso sombrilla","01/12/2011 13:25","Bajo (2 - 4 mts)",26,"Mediano",-68.8781570124,-32.8657587134,8,"Aeroparque",2203364.73622,0,0.945090714303575,0
22814,"Fresno americano","14/06/2011 12:20","Medio (4 - 8 mts)",46,"Mediano",-68.8588296426,-32.9022456457,5,"Residencial Sur",2423808.92355,0,0.259118109513915,0
28662,"Morera","01/03/2011 11:31","Alto (> 8 mts)",200,"Grande",-68.8474985565,-32.891127144,2,"Barrio Civico",2366816.36021,0,0.268143710851548,0
10575,"Paraiso sombrilla","28/03/2011 09:35","Medio (4 - 8 mts)",42,"Mediano",-68.8532511804,-32.8756365136,6,"Residencial Norte",2694682.37982,0,0.987816690129441,0
29572,"Morera","04/03/2011 10:17","Alto (> 8 mts)",190,"Grande",-68.844877321,-32.8915580573,2,"Barrio Civico",2366816.36021,0,0.973948291685826,0
19047,"Morera","26/07/2011 09:51","Bajo (2 - 4 mts)",45,"Mediano",-68.8414839712,-32.8725119471,4,"Cuarta Oeste",1173332.70145,0,0.71052280521319,0
48192,"Fresno europeo","02/09/2011 07:42","Medio (4 - 8 mts)",90,"Grande",-68.8290104108,-32.8693382371,4,"Cuarta Este Área Fundacional",1822015.85685,0,0.188828409625194,0
35076,"Fresno europeo","22/03/2011 09:41","Medio (4 - 8 mts)",47,"Mediano",-68.8550053527,-32.88030618,6,"Residencial Norte",2694682.37982,0,0.729973076063259,0
21383,"Fresno europeo","09/05/2011 13:04","Bajo (2 - 4 mts)",30,"Mediano",-68.8547241659,-32.8925096269,5,"Residencial Sur",2423808.92355,0,0.612618068012102,0
4520,"Paraiso","01/08/2011 09:14","Medio (4 - 8 mts)",40,"Mediano",-68.8415219397,-32.868383871,4,"Cuarta Oeste",1173332.70145,1,0.117430821296991,0
24651,"Morera","17/01/2011 13:34","Alto (> 8 mts)",160,"Grande",-68.8432784711,-32.900543485,2,"Barrio Civico",2366816.36021,1,0.441875155122713,0
20068,"Morera","15/08/2011 13:50","Alto (> 8 mts)",145,"Grande",-68.833866521,-32.8656843512,4,"Cuarta Oeste",1173332.70145,0,0.626338295587236,0
27555,"Pltano","28/10/2011 11:49","Alto (> 8 mts)",163,"Grande",-68.8397035061,-32.8922168904,2,"Barrio Civico",2366816.36021,0,0.609744466111083,0
29441,"Morera","09/03/2011 18:44","Alto (> 8 mts)",142,"Grande",-68.8454604083,-32.8927773852,2,"Barrio Civico",2366816.36021,0,0.0742855448125039,0
7208,"Morera","16/06/2011 09:30","Alto (> 8 mts)",111,"Grande",-68.8600729241,-32.8981723254,5,"Residencial Sur",2423808.92355,0,0.220785892354562,0
41582,"Braquiquito","05/05/2011 12:06","Medio (4 - 8 mts)",92,"Grande",-68.8411396107,-32.8774718172,1,"Parque Central",1655357.93265,0,0.850259016475504,0
12028,"Morera","03/05/2010 12:42","Alto (> 8 mts)",144,"Grande",-68.8532234802,-32.866629874,6,"Residencial Norte",2694682.37982,1,0.142331178306778,0
34084,"Olmo comun","31/05/2011 13:02","Medio (4 - 8 mts)",110,"Grande",-68.8564237795,-32.8837830309,5,"Residencial Sur",2423808.92355,0,0.424922206543633,0
27216,"Fresno europeo","26/10/2011 09:17","Medio (4 - 8 mts)",63,"Grande",-68.8369665666,-32.8898054758,3,"Parque O'Higgins",1531146.02653,0,0.739924766902208,0
44949,"Morera","23/08/2011 09:50","Medio (4 - 8 mts)",95,"Grande",-68.8244954838,-32.8679641215,4,"Cuarta Este Área Fundacional",1822015.85685,1,0.369039470439982,0
47286,"Fresno europeo","20/09/2011 11:00","Alto (> 8 mts)",95,"Grande",-68.830678243,-32.8737011878,4,"Cuarta Este Área Fundacional",1822015.85685,0,0.046925539333674,0
3703,"Prunas","26/08/2011 10:58","Bajo (2 - 4 mts)",18,"Chico",-68.8241702542,-32.8701259292,4,"Cuarta Este Área Fundacional",1822015.85685,0,0.292832620918137,0
13882,"Aguaribay","16/12/2011 12:26","Muy bajo (1 - 2 mts)",20,"Chico",-68.8761273964,-32.8684641272,8,"Aeroparque",2203364.73622,0,0.773226301966379,0
14339,"Paraiso sombrilla","01/12/2011 12:53","Bajo (2 - 4 mts)",36,"Mediano",-68.8777263151,-32.8669368678,8,"Aeroparque",2203364.73622,0,0.361042766848157,0
47528,"Morera","29/08/2011 12:55","Alto (> 8 mts)",112,"Grande",-68.8258889065,-32.8706742998,4,"Cuarta Este Área Fundacional",1822015.85685,0,0.245994543658494,0
5195,"Perenne","08/08/2011 09:40","Alto (> 8 mts)",86,"Grande",-68.8391387301,-32.8691806304,4,"Cuarta Oeste",1173332.70145,0,0.186566537049091,0
9480,"Ailanthus","02/02/2011 12:57","Alto (> 8 mts)",44,"Mediano",-68.8528277536,-32.8637461619,6,"Residencial Norte",2694682.37982,0,0.282942698031379,0
28914,"Morera","28/02/2011 13:20","Alto (> 8 mts)",144,"Grande",-68.8467017351,-32.8875495827,1,"Parque Central",1655357.93265,1,0.704044187928739,0
26067,"Morera","04/11/2011 18:01","Medio (4 - 8 mts)",124,"Grande",-68.8340777674,-32.8865755158,3,"Parque O'Higgins",1531146.02653,0,0.670662215522275,0
8688,"Morera","09/02/2011 09:25","Alto (> 8 mts)",70,"Grande",-68.839241262,-32.9005151077,2,"Barrio Civico",2366816.36021,0,0.947202926240534,0
2110,"Fresno europeo","18/10/2011 11:28","Bajo (2 - 4 mts)",18,"Chico",-68.830867851,-32.8877938712,3,"Parque O'Higgins",1531146.02653,0,0.921387065616947,0
18950,"Morera","04/08/2011 11:46","Alto (> 8 mts)",240,"Grande",-68.836568155,-32.8692452755,4,"Cuarta Oeste",1173332.70145,0,0.614480883943945,0
42226,"Morera","02/05/2011 10:11","Alto (> 8 mts)",139,"Grande",-68.8401787162,-32.8741902267,1,"Parque Central",1655357.93265,0,0.0142096560596472,0
27242,"Pltano","26/10/2011 09:46","Alto (> 8 mts)",125,"Grande",-68.8359565106,-32.8897283471,3,"Parque O'Higgins",1531146.02653,0,0.161562621438956,0
5508,"Ailanthus","28/04/2011 13:26","Medio (4 - 8 mts)",70,"Grande",-68.8387850321,-32.8783097164,1,"Parque Central",1655357.93265,0,0.657910642479364,0
31486,"Ailanthus","19/05/2011 11:02","Alto (> 8 mts)",78,"Grande",-68.8588825745,-32.8911094388,5,"Residencial Sur",2423808.92355,0,0.908836698179638,0
21145,"Paraiso","17/06/2011 11:16","Alto (> 8 mts)",128,"Grande",-68.8624794846,-32.8981268243,5,"Residencial Sur",2423808.92355,0,0.379468307472963,0
28811,"Fresno europeo","27/04/2011 10:32","Alto (> 8 mts)",130,"Grande",-68.8478426309,-32.8856386674,1,"Parque Central",1655357.93265,1,0.098373160688297,0
25336,"Morera","09/02/2011 10:17","Alto (> 8 mts)",180,"Grande",-68.8402716448,-32.9000246348,2,"Barrio Civico",2366816.36021,1,0.910521969957616,0
36641,"Morera","14/06/2011 18:38","Medio (4 - 8 mts)",120,"Grande",-68.8571883526,-32.8817412438,7,"Residencial Parque",1786336.08966,1,0.0118256670311137,0
4557,"Morera","08/08/2011 14:15","Alto (> 8 mts)",120,"Grande",-68.8384565541,-32.8649975631,4,"Cuarta Oeste",1173332.70145,0,0.0663573637155682,0
13533,"Morera","01/02/2011 12:37","Alto (> 8 mts)",140,"Grande",-68.8513154087,-32.8643507954,6,"Residencial Norte",2694682.37982,0,0.0380350913697955,0
35682,"Morera","18/03/2011 09:31","Medio (4 - 8 mts)",130,"Grande",-68.8549854529,-32.8741515574,6,"Residencial Norte",2694682.37982,0,0.917094393585464,0
1499,"Paraiso","24/11/2011 11:21","Medio (4 - 8 mts)",90,"Grande",-68.8719748881,-32.8763556833,7,"Residencial Parque",1786336.08966,0,0.433522156469395,0
36991,"Fresno americano","01/04/2011 11:59","Bajo (2 - 4 mts)",42,"Mediano",-68.8574359253,-32.8779609646,7,"Residencial Parque",1786336.08966,0,0.171989233469863,0
36279,"Morera","04/04/2011 09:30","Medio (4 - 8 mts)",134,"Grande",-68.8538776234,-32.8775196272,6,"Residencial Norte",2694682.37982,0,0.636876777229904,0
44774,"Fresno europeo","23/08/2011 13:53","Alto (> 8 mts)",152,"Grande",-68.8229274669,-32.8688629172,4,"Cuarta Este Área Fundacional",1822015.85685,0,0.316413472537649,0
32222,"Morera","10/05/2011 09:31","Alto (> 8 mts)",180,"Grande",-68.8602491855,-32.885588134,5,"Residencial Sur",2423808.92355,0,0.421481085433748,0
38286,"Pltano","01/12/2010 12:04","Alto (> 8 mts)",250,"Grande",-68.845915635,-32.8712859505,6,"Residencial Norte",2694682.37982,0,0.540608595893223,0
512,"Morera","08/03/2012 18:44","Bajo (2 - 4 mts)",32,"Mediano",-68.8203206305,-32.8684585828,4,"Cuarta Este Área Fundacional",1822015.85685,0,0.664443738992884,0
19882,"Morera","29/06/2011 10:10","Alto (> 8 mts)",158,"Grande",-68.8348567594,-32.8627610278,4,"Cuarta Oeste",1173332.70145,0,0.0746529700668204,0
15082,"Morera","17/11/2011 09:53","Alto (> 8 mts)",100,"Grande",-68.8589523715,-32.8691766842,6,"Residencial Norte",2694682.37982,0,0.924567916537984,0
48411,"Morera","01/09/2011 10:18","Muy bajo (1 - 2 mts)",10,"Chico",-68.8298056721,-32.8686753969,4,"Cuarta Este Área Fundacional",1822015.85685,0,0.807910148424882,0
41564,"Paraiso","06/05/2011 12:25","Medio (4 - 8 mts)",140,"Grande",-68.8415737483,-32.8795869185,1,"Parque Central",1655357.93265,0,0.916434871044546,0
38754,"Morera","01/11/2010 12:53","Alto (> 8 mts)",198,"Grande",-68.8492770575,-32.8703921385,6,"Residencial Norte",2694682.37982,1,0.263552991569246,0
30198,"Paraiso sombrilla","09/03/2011 09:49","Medio (4 - 8 mts)",150,"Grande",-68.8426600191,-32.8889545259,3,"Parque O'Higgins",1531146.02653,1,0.978001262296885,0
48330,"Caducifolio","19/08/2011 09:42","Medio (4 - 8 mts)",110,"Grande",-68.8273501441,-32.8676060562,4,"Cuarta Este Área Fundacional",1822015.85685,0,0.961897665062887,0
17934,"Morera","03/08/2011 13:14","Medio (4 - 8 mts)",35,"Mediano",-68.8376326889,-32.8662506911,4,"Cuarta Oeste",1173332.70145,0,0.00354235693586347,0
40639,"Pltano","15/04/2011 10:44","Alto (> 8 mts)",180,"Grande",-68.8444214982,-32.8850714679,1,"Parque Central",1655357.93265,0,0.238306133925356,0
45461,"Morera","16/09/2011 11:28","Alto (> 8 mts)",150,"Grande",-68.8229044397,-32.8712911069,4,"Cuarta Este Área Fundacional",1822015.85685,0,0.202750120641933,0
7897,"Prunas","16/06/2011 09:35","Medio (4 - 8 mts)",25,"Mediano",-68.8560896567,-32.8895315749,5,"Residencial Sur",2423808.92355,0,0.777440263115702,0
26942,"Fresno europeo","01/11/2011 17:15","Alto (> 8 mts)",130,"Grande",-68.8361311766,-32.8874651255,3,"Parque O'Higgins",1531146.02653,0,0.3245400809305,0
18540,"Morera","05/07/2011 12:34","Alto (> 8 mts)",117,"Grande",-68.8381742736,-32.8734321258,4,"Cuarta Oeste",1173332.70145,0,0.391066656042358,0
36521,"Morera","06/04/2011 10:16","Alto (> 8 mts)",130,"Grande",-68.8567181124,-32.8783874569,6,"Residencial Norte",2694682.37982,0,0.833564447022571,0
38261,"Olmo comun","17/01/2012 08:03","Medio (4 - 8 mts)",85,"Grande",-68.8461978034,-32.8737131172,6,"Residencial Norte",2694682.37982,0,0.969601970113755,0
12396,"Morera","21/01/2011 09:58","Alto (> 8 mts)",100,"Grande",-68.8483655406,-32.8665540554,6,"Residencial Norte",2694682.37982,0,0.513846021269183,0
41439,"Morera","07/04/2011 13:47","Alto (> 8 mts)",90,"Grande",-68.8414135602,-32.8818114721,1,"Parque Central",1655357.93265,0,0.164898979850237,0
20948,"Fresno europeo","27/05/2011 12:27","Muy bajo (1 - 2 mts)",8,"Chico",-68.8622759018,-32.8943787218,5,"Residencial Sur",2423808.92355,0,0.4250761494353,0
38799,"Paraiso","14/12/2010 09:59","Alto (> 8 mts)",80,"Grande",-68.8502638728,-32.8705459805,6,"Residencial Norte",2694682.37982,1,0.14642152316337,0
11710,"Fresno europeo","31/01/2011 11:21","Muy bajo (1 - 2 mts)",2,"Chico",-68.8503648241,-32.868746364,6,"Residencial Norte",2694682.37982,0,0.117700813010701,0
8912,"Paraiso","28/01/2011 09:55","Bajo (2 - 4 mts)",50,"Mediano",-68.8495061773,-32.8669165012,6,"Residencial Norte",2694682.37982,0,0.569499877900866,0
43435,"Fresno europeo","26/10/2011 15:24","Medio (4 - 8 mts)",90,"Grande",-68.8323603656,-32.8811176252,3,"Parque O'Higgins",1531146.02653,1,0.40745517986069,0
27266,"Fresno europeo","26/10/2011 09:00","Bajo (2 - 4 mts)",20,"Chico",-68.8369197028,-32.8890809678,3,"Parque O'Higgins",1531146.02653,0,0.192687103858462,0
34679,"Morera","31/03/2011 09:59","Alto (> 8 mts)",90,"Grande",-68.8494722778,-32.8763320125,6,"Residencial Norte",2694682.37982,0,0.645735864196569,0
16476,"Paraiso","05/08/2011 08:58","Medio (4 - 8 mts)",90,"Grande",-68.8423062183,-32.8656177283,4,"Cuarta Oeste",1173332.70145,0,0.141212803900114,0
20603,"Acacia SP","30/05/2011 10:14","Alto (> 8 mts)",144,"Grande",-68.8621600571,-32.8973389359,5,"Residencial Sur",2423808.92355,0,0.242414715683248,0
20933,"Fresno europeo","24/05/2011 12:30","Bajo (2 - 4 mts)",65,"Grande",-68.8607920392,-32.8954508125,5,"Residencial Sur",2423808.92355,0,0.273354202283117,0
32361,"Pltano","06/05/2011 10:17","Alto (> 8 mts)",240,"Grande",-68.8514595748,-32.8918458439,5,"Residencial Sur",2423808.92355,1,0.753903695485973,0
31161,"Morera","07/02/2011 12:58","Alto (> 8 mts)",120,"Grande",-68.8548361035,-32.86350178,6,"Residencial Norte",2694682.37982,0,0.876796095536569,0
14643,"Aguaribay","12/12/2011 12:27","Bajo (2 - 4 mts)",15,"Chico",-68.8797616695,-32.8654532106,8,"Aeroparque",2203364.73622,0,0.525732547060207,0
37096,"Morera","06/04/2011 12:10","Alto (> 8 mts)",150,"Grande",-68.8583357488,-32.8766819535,7,"Residencial Parque",1786336.08966,1,0.0256632181687283,0
35847,"Morera","03/03/2011 12:10","Alto (> 8 mts)",149,"Grande",-68.8541289586,-32.8741887031,6,"Residencial Norte",2694682.37982,0,0.714820477348563,0
431,"Morera","06/03/2012 11:32","Bajo (2 - 4 mts)",24,"Mediano",-68.8174425301,-32.867849023,4,"Cuarta Este Área Fundacional",1822015.85685,0,0.768712570991618,0
40408,"Pltano","12/04/2011 10:26","Alto (> 8 mts)",160,"Grande",-68.8446513993,-32.8829396244,1,"Parque Central",1655357.93265,0,0.609256051308792,0
26381,"Pltano","25/10/2011 09:52","Alto (> 8 mts)",240,"Grande",-68.8336080906,-32.8899197565,3,"Parque O'Higgins",1531146.02653,0,0.1151214108548,0
4022,"Fresno americano","21/09/2011 10:57","Medio (4 - 8 mts)",35,"Mediano",-68.8305388828,-32.8731154221,4,"Cuarta Este Área Fundacional",1822015.85685,0,0.618105388131455,0
27775,"Fresno europeo","03/11/2011 10:40","Alto (> 8 mts)",115,"Grande",-68.8350335561,-32.8938392484,3,"Parque O'Higgins",1531146.02653,0,0.673616752772638,0
22420,"Morera","15/06/2011 09:53","Alto (> 8 mts)",150,"Grande",-68.8603101283,-32.899302298,5,"Residencial Sur",2423808.92355,1,0.804222790985064,0
20956,"Fresno europeo","27/05/2011 12:18","Medio (4 - 8 mts)",80,"Grande",-68.861789149,-32.8944667309,5,"Residencial Sur",2423808.92355,0,0.443086455495674,0
23621,"Morera","13/01/2011 15:49","Alto (> 8 mts)",125,"Grande",-68.8477502878,-32.9002029414,2,"Barrio Civico",2366816.36021,0,0.101082142502933,0
12242,"Morera","14/01/2011 11:45","Alto (> 8 mts)",103,"Grande",-68.8460125842,-32.8673013852,4,"Cuarta Oeste",1173332.70145,0,0.430784361729502,0
22628,"Fresno europeo","22/06/2011 10:07","Medio (4 - 8 mts)",90,"Grande",-68.8612002805,-32.9008458028,5,"Residencial Sur",2423808.92355,0,0.023615785571268,0
16844,"Paraiso","05/08/2011 14:06","Alto (> 8 mts)",160,"Grande",-68.839567302,-32.8641517489,4,"Cuarta Oeste",1173332.70145,0,0.854352367966979,0
18254,"Fresno europeo","28/07/2011 13:51","Alto (> 8 mts)",143,"Grande",-68.8395192543,-32.8681404626,4,"Cuarta Oeste",1173332.70145,0,0.928872301304376,0
26723,"Morera","02/11/2011 08:20","Medio (4 - 8 mts)",110,"Grande",-68.8325962326,-32.8945756888,3,"Parque O'Higgins",1531146.02653,0,0.790179485150704,0
22106,"Morera","13/06/2011 13:55","Alto (> 8 mts)",120,"Grande",-68.855447411,-32.8973865756,5,"Residencial Sur",2423808.92355,1,0.0830529588122686,0
39774,"Fresno europeo","13/07/2011 13:00","Medio (4 - 8 mts)",130,"Grande",-68.8512957153,-32.8828362128,1,"Parque Central",1655357.93265,0,0.484540201778512,0
21949,"Perenne","02/06/2011 13:11","Muy bajo (1 - 2 mts)",100,"Grande",-68.8576913855,-32.8940983924,5,"Residencial Sur",2423808.92355,0,0.326757076736618,0
46739,"Morera","07/09/2011 10:43","Medio (4 - 8 mts)",120,"Grande",-68.8330997364,-32.8700590738,4,"Cuarta Oeste",1173332.70145,0,0.763653555162656,0
12820,"Fresno europeo","20/01/2011 12:31","Alto (> 8 mts)",110,"Grande",-68.8470676617,-32.8636592955,4,"Cuarta Oeste",1173332.70145,0,0.479212596546328,0
23845,"Perenne","28/01/2011 13:09","Bajo (2 - 4 mts)",28,"Mediano",-68.8510490847,-32.9010974634,2,"Barrio Civico",2366816.36021,0,0.520848291934791,0
43307,"Morera","07/10/2011 11:11","Alto (> 8 mts)",130,"Grande",-68.833678705,-32.8795256434,1,"Parque Central",1655357.93265,0,0.248572069633858,0
44877,"Morera","23/08/2011 10:35","Medio (4 - 8 mts)",269,"Grande",-68.8245835488,-32.867840345,4,"Cuarta Este Área Fundacional",1822015.85685,0,0.598094254256404,0
2127,"Morera","11/11/2011 13:12","Bajo (2 - 4 mts)",60,"Mediano",-68.8313091418,-32.8875849583,3,"Parque O'Higgins",1531146.02653,0,0.920998916771027,0
40156,"Morera","14/04/2011 11:49","Alto (> 8 mts)",200,"Grande",-68.8444565939,-32.8795460932,1,"Parque Central",1655357.93265,0,0.643025436375468,0
19762,"Morera","11/08/2011 09:59","Alto (> 8 mts)",168,"Grande",-68.8352110475,-32.8695613415,4,"Cuarta Oeste",1173332.70145,0,0.419276177695368,0
39708,"Morera","09/08/2010 11:26","Medio (4 - 8 mts)",120,"Grande",-68.845095825,-32.8698421369,4,"Cuarta Oeste",1173332.70145,0,0.7213336615773,0
10119,"Morera","30/12/2010 10:22","Alto (> 8 mts)",160,"Grande",-68.8564985891,-32.8713289742,6,"Residencial Norte",2694682.37982,0,0.864074969772169,0
34103,"Fresno americano","30/05/2011 13:31","Medio (4 - 8 mts)",80,"Grande",-68.8574793925,-32.8849869158,5,"Residencial Sur",2423808.92355,0,0.993624544539902,0
33266,"Pltano","29/06/2011 11:49","Alto (> 8 mts)",190,"Grande",-68.8560141065,-32.8908894267,5,"Residencial Sur",2423808.92355,0,0.638376849491101,0
41912,"Pltano","18/04/2011 11:36","Alto (> 8 mts)",280,"Grande",-68.8429908534,-32.8790890493,1,"Parque Central",1655357.93265,0,0.0729964857670564,0
42663,"Morera","26/09/2011 10:45","Alto (> 8 mts)",230,"Grande",-68.8295165417,-32.8766920616,4,"Cuarta Este Área Fundacional",1822015.85685,1,0.358797837914749,0
22011,"Fresno americano","17/05/2011 12:16","Alto (> 8 mts)",115,"Grande",-68.858889166,-32.893356125,5,"Residencial Sur",2423808.92355,0,0.337052347848077,0
29860,"Pltano","14/03/2011 09:01","Alto (> 8 mts)",133,"Grande",-68.8421056672,-32.8923470913,2,"Barrio Civico",2366816.36021,0,0.870249068976165,0
25715,"Morera","04/02/2011 08:53","Alto (> 8 mts)",142,"Grande",-68.8412383943,-32.9021600749,2,"Barrio Civico",2366816.36021,0,0.248774982767403,0
19332,"Morera","19/07/2011 12:30","Alto (> 8 mts)",110,"Grande",-68.8356186919,-32.8706419281,4,"Cuarta Oeste",1173332.70145,0,0.921611545182154,0
43133,"Fresno europeo","04/10/2011 08:41","Alto (> 8 mts)",186,"Grande",-68.8292333214,-32.8779084181,4,"Cuarta Este Área Fundacional",1822015.85685,0,0.272752303256533,0
34681,"Morera","31/03/2011 10:05","Alto (> 8 mts)",85,"Grande",-68.8494937141,-32.8764200436,6,"Residencial Norte",2694682.37982,1,0.0410699894551145,0
32047,"Pltano","09/06/2011 13:24","Alto (> 8 mts)",196,"Grande",-68.8608811073,-32.887767778,5,"Residencial Sur",2423808.92355,0,0.56951508493385,0
25443,"Morera","11/02/2011 09:02","Alto (> 8 mts)",111,"Grande",-68.8375556046,-32.9000772208,2,"Barrio Civico",2366816.36021,0,0.327563446313466,0
19899,"Paraiso","29/06/2011 09:18","Alto (> 8 mts)",146,"Grande",-68.8329973105,-32.8623072431,4,"Cuarta Oeste",1173332.70145,0,0.58232627773788,0
7942,"Fresno europeo","01/03/2011 11:47","Bajo (2 - 4 mts)",35,"Mediano",-68.8473568169,-32.8879589036,2,"Barrio Civico",2366816.36021,0,0.663527485094393,0
6788,"Fresno americano","27/05/2011 10:28","Bajo (2 - 4 mts)",32,"Mediano",-68.8589431268,-32.8947239739,5,"Residencial Sur",2423808.92355,0,0.470104751074136,0
1006,"Aguaribay","14/12/2011 11:22","Bajo (2 - 4 mts)",36,"Mediano",-68.8802257504,-32.8653705122,8,"Aeroparque",2203364.73622,0,0.957810608950525,0
26749,"Morera","11/01/2012 12:36","Alto (> 8 mts)",120,"Grande",-68.834585722,-32.894986272,3,"Parque O'Higgins",1531146.02653,1,0.363776961353796,0
46602,"Morera","05/09/2011 10:18","Bajo (2 - 4 mts)",70,"Grande",-68.8317919185,-32.8686377848,4,"Cuarta Este Área Fundacional",1822015.85685,0,0.0923871039225932,0
33591,"Acacia SP","16/05/2011 10:34","Medio (4 - 8 mts)",145,"Grande",-68.8552206198,-32.8867172838,5,"Residencial Sur",2423808.92355,0,0.662255565401704,0
27313,"Pltano","25/10/2011 09:32","Alto (> 8 mts)",172,"Grande",-68.8345592177,-32.8899441503,3,"Parque O'Higgins",1531146.02653,0,0.565817960694109,0
19232,"Paraiso","05/07/2011 12:19","Medio (4 - 8 mts)",88,"Grande",-68.8396859766,-32.8726566923,4,"Cuarta Oeste",1173332.70145,1,0.324425982430033,0
18786,"Morera","07/07/2011 12:14","Alto (> 8 mts)",80,"Grande",-68.8379782165,-32.8730667681,4,"Cuarta Oeste",1173332.70145,0,0.692201492211563,0
2177,"Fresno europeo","04/11/2011 16:03","Bajo (2 - 4 mts)",70,"Grande",-68.8329956152,-32.8875866672,3,"Parque O'Higgins",1531146.02653,0,0.0911560452276632,0
27533,"Morera","27/10/2011 08:34","Medio (4 - 8 mts)",145,"Grande",-68.8364582288,-32.8910552776,3,"Parque O'Higgins",1531146.02653,1,0.589057195222986,0
24800,"Pltano","18/02/2011 08:42","Alto (> 8 mts)",250,"Grande",-68.8410055499,-32.8972539547,2,"Barrio Civico",2366816.36021,0,0.587906995050159,0
21698,"Fresno europeo","09/06/2011 11:57","Alto (> 8 mts)",92,"Grande",-68.8573660533,-32.89569672,5,"Residencial Sur",2423808.92355,0,0.307112097763017,0
1518,"Fresno americano","24/11/2011 10:23","Bajo (2 - 4 mts)",14,"Chico",-68.873389326,-32.8778849306,7,"Residencial Parque",1786336.08966,0,0.164098649537892,0
43716,"Morera","11/10/2011 09:08","Muy bajo (1 - 2 mts)",6,"Chico",-68.8324498858,-32.8834622357,3,"Parque O'Higgins",1531146.02653,0,0.767111191635634,0
9195,"Fresno europeo","02/03/2011 12:59","Muy bajo (1 - 2 mts)",4,"Chico",-68.85046202,-32.8653850083,6,"Residencial Norte",2694682.37982,0,0.427012914157389,0
1448,"Conifera","25/11/2011 10:10","Muy bajo (1 - 2 mts)",28,"Mediano",-68.8711414723,-32.8756541734,7,"Residencial Parque",1786336.08966,0,0.551274797154697,0
13955,"Paraiso sombrilla","29/11/2011 12:13","Medio (4 - 8 mts)",90,"Grande",-68.8769003675,-32.8646700175,8,"Aeroparque",2203364.73622,0,0.751181349183465,0
23752,"Morera","25/01/2011 11:03","Alto (> 8 mts)",107,"Grande",-68.8492863541,-32.9003188364,2,"Barrio Civico",2366816.36021,0,0.574920897781463,0
36039,"Morera","18/03/2011 09:52","Alto (> 8 mts)",195,"Grande",-68.8568660868,-32.8748790461,6,"Residencial Norte",2694682.37982,0,0.487063494179988,0
29857,"Pltano","14/03/2011 09:10","Alto (> 8 mts)",220,"Grande",-68.8419000183,-32.8923825249,2,"Barrio Civico",2366816.36021,0,0.53736381898952,0
33734,"Fresno europeo","11/05/2011 11:23","Alto (> 8 mts)",141,"Grande",-68.8589176759,-32.8868361665,5,"Residencial Sur",2423808.92355,0,0.164706729843087,0
34800,"Morera","30/03/2011 10:24","Alto (> 8 mts)",180,"Grande",-68.8507368347,-32.876066356,6,"Residencial Norte",2694682.37982,0,0.781809386558186,0
32490,"Olmo comun","27/05/2011 10:50","Medio (4 - 8 mts)",140,"Grande",-68.8528535559,-32.8890598221,5,"Residencial Sur",2423808.92355,0,0.350486772216532,0
12334,"Morera","13/01/2011 13:54","Alto (> 8 mts)",195,"Grande",-68.8468318026,-32.8671372545,6,"Residencial Norte",2694682.37982,0,0.780193168673046,0
31672,"Fresno europeo","14/06/2011 10:23","Alto (> 8 mts)",86,"Grande",-68.8589184214,-32.8887888194,5,"Residencial Sur",2423808.92355,0,0.591689852309073,0
44809,"Fresno europeo","26/08/2011 10:35","Medio (4 - 8 mts)",180,"Grande",-68.8230768024,-32.8700470132,4,"Cuarta Este Área Fundacional",1822015.85685,0,0.869502415103879,0
16806,"Paraiso","09/08/2011 10:01","Alto (> 8 mts)",176,"Grande",-68.8398914189,-32.8650980801,4,"Cuarta Oeste",1173332.70145,0,0.144012142639346,0
42390,"Pltano","29/09/2011 11:29","Alto (> 8 mts)",220,"Grande",-68.833632347,-32.8756825656,4,"Cuarta Este Área Fundacional",1822015.85685,1,0.194361975584114,0
23436,"Paraiso","18/01/2011 14:43","Medio (4 - 8 mts)",122,"Grande",-68.8487397268,-32.9032188524,2,"Barrio Civico",2366816.36021,0,0.71336078198623,0
30842,"Fresno europeo","14/02/2011 13:29","Medio (4 - 8 mts)",50,"Mediano",-68.8556501822,-32.8665224293,6,"Residencial Norte",2694682.37982,0,0.993929535444014,0
24732,"Morera","17/02/2011 10:03","Alto (> 8 mts)",142,"Grande",-68.8398214805,-32.8989365305,2,"Barrio Civico",2366816.36021,0,0.424196310027126,0
21557,"Pltano","08/06/2011 09:57","Alto (> 8 mts)",170,"Grande",-68.8545448814,-32.8950368535,5,"Residencial Sur",2423808.92355,0,0.503200862837599,0
20418,"Liquidambar","17/05/2011 11:40","Medio (4 - 8 mts)",40,"Mediano",-68.8606265038,-32.8934431777,5,"Residencial Sur",2423808.92355,0,0.831694600567373,0
46673,"Morera","02/09/2011 10:37","Medio (4 - 8 mts)",48,"Mediano",-68.8309788903,-32.8707549626,4,"Cuarta Este Área Fundacional",1822015.85685,0,0.712765961074402,0
19803,"Fresno europeo","08/08/2011 10:33","Medio (4 - 8 mts)",118,"Grande",-68.8351440783,-32.8640522601,4,"Cuarta Oeste",1173332.70145,0,0.895717941522227,0
14071,"Paraiso","02/12/2011 10:29","Medio (4 - 8 mts)",45,"Mediano",-68.8762300952,-32.8682621861,8,"Aeroparque",2203364.73622,0,0.961325085721472,0
47769,"Morera","15/09/2011 13:53","Medio (4 - 8 mts)",50,"Mediano",-68.8273409727,-32.8721350728,4,"Cuarta Este Área Fundacional",1822015.85685,0,0.74366475326406,0
6490,"Fresno europeo","02/06/2011 13:47","Bajo (2 - 4 mts)",10,"Chico",-68.8570724256,-32.8884703944,5,"Residencial Sur",2423808.92355,0,0.0531897659625117,0
14291,"Fresno americano","06/12/2011 10:18","Alto (> 8 mts)",180,"Grande",-68.8772266562,-32.8685686263,8,"Aeroparque",2203364.73622,0,0.658974712694106,0
30637,"lamo blanco","07/02/2011 12:36","Alto (> 8 mts)",180,"Grande",-68.8582422831,-32.8671478614,6,"Residencial Norte",2694682.37982,0,0.162534779985081,0
11164,"Ailanthus","19/01/2011 12:01","Bajo (2 - 4 mts)",10,"Chico",-68.8440005088,-32.9005437631,2,"Barrio Civico",2366816.36021,0,0.857057641339707,0
20492,"Fresno europeo","01/06/2011 12:48","Alto (> 8 mts)",85,"Grande",-68.8600057157,-32.8980402219,5,"Residencial Sur",2423808.92355,0,0.668103490602897,0
45465,"Fresno europeo","19/09/2011 11:04","Medio (4 - 8 mts)",65,"Grande",-68.8231343548,-32.8714622797,4,"Cuarta Este Área Fundacional",1822015.85685,0,0.379979636607514,0
4570,"Morera","11/08/2011 10:05","Alto (> 8 mts)",102,"Grande",-68.8336505972,-32.8666162292,4,"Cuarta Oeste",1173332.70145,0,0.31282826181309,0
36186,"Fresno europeo","31/03/2011 10:07","Muy bajo (1 - 2 mts)",8,"Chico",-68.8564314335,-32.8773632634,6,"Residencial Norte",2694682.37982,0,0.205344338678967,0
1386,"Acer","23/11/2011 11:12","Muy bajo (1 - 2 mts)",8,"Chico",-68.8708085716,-32.8789680399,7,"Residencial Parque",1786336.08966,0,0.0140316984591006,0
24947,"Morera","09/02/2011 10:04","Alto (> 8 mts)",160,"Grande",-68.8369009487,-32.896902201,2,"Barrio Civico",2366816.36021,1,0.517187470809734,0
21744,"Morera","24/05/2011 09:19","Alto (> 8 mts)",140,"Grande",-68.8567482329,-32.8942704366,5,"Residencial Sur",2423808.92355,0,0.191496398798515,0
24486,"Fresno europeo","19/01/2011 12:14","Alto (> 8 mts)",130,"Grande",-68.8457291285,-32.9030787483,2,"Barrio Civico",2366816.36021,0,0.671419254970785,0
14340,"Morera","01/12/2011 12:54","Medio (4 - 8 mts)",100,"Grande",-68.8777075667,-32.8668568763,8,"Aeroparque",2203364.73622,0,0.206237470949808,0
28570,"Pltano","23/02/2011 08:28","Alto (> 8 mts)",190,"Grande",-68.8490375255,-32.8910591608,5,"Residencial Sur",2423808.92355,0,0.613337744012552,0
37992,"Liquidambar","10/01/2012 13:36","Medio (4 - 8 mts)",70,"Grande",-68.8478735745,-32.8733930985,6,"Residencial Norte",2694682.37982,0,0.303043909655954,0
34570,"Prunas","30/03/2011 12:55","Bajo (2 - 4 mts)",50,"Mediano",-68.8486801975,-32.8753221968,6,"Residencial Norte",2694682.37982,0,0.636203952313733,0
15749,"Paraiso","22/11/2011 09:42","Medio (4 - 8 mts)",120,"Grande",-68.872962202,-32.879186508,7,"Residencial Parque",1786336.08966,0,0.472247295348574,0
34653,"Morera","01/04/2011 09:38","Alto (> 8 mts)",97,"Grande",-68.8494739619,-32.876853013,6,"Residencial Norte",2694682.37982,0,0.3942905823259,0
16703,"Paraiso","20/07/2011 12:42","Alto (> 8 mts)",145,"Grande",-68.8402233078,-32.8639465889,4,"Cuarta Oeste",1173332.70145,1,0.217939054859401,0
25037,"Fresno europeo","15/02/2011 08:26","Medio (4 - 8 mts)",83,"Grande",-68.8364522404,-32.8968155413,2,"Barrio Civico",2366816.36021,0,0.00756462800413671,0
32498,"Paraiso","27/05/2011 12:51","Medio (4 - 8 mts)",55,"Mediano",-68.8526902863,-32.8884601851,5,"Residencial Sur",2423808.92355,0,0.70348596248042,0
22080,"Fresno europeo","10/06/2011 11:35","Medio (4 - 8 mts)",74,"Grande",-68.8541698219,-32.8967224487,5,"Residencial Sur",2423808.92355,0,0.0122057802138142,0
45870,"Morera","25/08/2011 13:31","Alto (> 8 mts)",190,"Grande",-68.8192041286,-32.8699910759,4,"Cuarta Este Área Fundacional",1822015.85685,0,0.0954799216617408,0
6238,"Fresno americano","05/04/2011 09:23","Bajo (2 - 4 mts)",28,"Mediano",-68.8395806707,-32.8864380731,3,"Parque O'Higgins",1531146.02653,0,0.193104254181292,0
19450,"Perenne","08/08/2011 10:39","Alto (> 8 mts)",80,"Grande",-68.8396560228,-32.8709280459,4,"Cuarta Oeste",1173332.70145,0,0.269517185994937,0
15888,"Morera","28/11/2011 12:51","Medio (4 - 8 mts)",100,"Grande",-68.8720461425,-32.8761018572,7,"Residencial Parque",1786336.08966,0,0.920117433795811,0
6006,"Morera","02/05/2011 11:47","Alto (> 8 mts)",160,"Grande",-68.8453360978,-32.8773426557,1,"Parque Central",1655357.93265,1,0.702264917454395,0
6289,"Morera","30/06/2011 09:53","Alto (> 8 mts)",67,"Grande",-68.8616937434,-32.8894342217,5,"Residencial Sur",2423808.92355,0,0.6842336277082,0
5082,"Morera","15/08/2011 10:40","Alto (> 8 mts)",70,"Grande",-68.8382202546,-32.8628957841,4,"Cuarta Oeste",1173332.70145,0,0.485855494949738,0
11052,"Pltano","06/04/2011 10:04","Alto (> 8 mts)",149,"Grande",-68.8562819901,-32.8794893813,6,"Residencial Norte",2694682.37982,0,0.0209713337360219,0
11894,"Paraiso","02/03/2011 09:18","Alto (> 8 mts)",128,"Grande",-68.8510274555,-32.8660512881,6,"Residencial Norte",2694682.37982,0,0.658513879345633,0
28283,"Morera","10/03/2011 17:18","Medio (4 - 8 mts)",122,"Grande",-68.8504813991,-32.8923240173,5,"Residencial Sur",2423808.92355,0,0.65352769141526,0
44709,"Fresno europeo","24/08/2011 09:38","Alto (> 8 mts)",155,"Grande",-68.8228236094,-32.8681524668,4,"Cuarta Este Área Fundacional",1822015.85685,0,0.3883658478672,0
44632,"Fresno europeo","25/08/2011 13:11","Alto (> 8 mts)",120,"Grande",-68.8239896348,-32.8666281744,4,"Cuarta Este Área Fundacional",1822015.85685,0,0.139158029421106,0
40096,"Morera","15/04/2011 09:08","Alto (> 8 mts)",140,"Grande",-68.8453175927,-32.8802081921,1,"Parque Central",1655357.93265,0,0.282448254931012,0
10526,"Morera","17/03/2011 09:38","Alto (> 8 mts)",50,"Mediano",-68.8575674108,-32.8754488885,6,"Residencial Norte",2694682.37982,0,0.103005443454561,0
33659,"Morera","16/05/2011 09:33","Alto (> 8 mts)",160,"Grande",-68.856925301,-32.8872857788,5,"Residencial Sur",2423808.92355,0,0.810502960922248,0
29360,"Morera","20/04/2011 10:49","Alto (> 8 mts)",104,"Grande",-68.8426088179,-32.887376243,3,"Parque O'Higgins",1531146.02653,0,0.864223082495242,0
45942,"Morera","29/08/2011 09:58","Alto (> 8 mts)",140,"Grande",-68.8183527186,-32.8696685644,4,"Cuarta Este Área Fundacional",1822015.85685,0,0.894865620976596,0
1443,"Aguaribay","25/11/2011 09:41","Medio (4 - 8 mts)",100,"Grande",-68.8714995127,-32.8755415063,7,"Residencial Parque",1786336.08966,0,0.961284051233251,0
47506,"Morera","29/08/2011 14:19","Alto (> 8 mts)",125,"Grande",-68.8271899405,-32.8711028035,4,"Cuarta Este Área Fundacional",1822015.85685,0,0.608261693457428,0
35100,"Morera","29/03/2011 09:21","Alto (> 8 mts)",120,"Grande",-68.8532901859,-32.8811406535,6,"Residencial Norte",2694682.37982,1,0.171299979151897,0
8754,"Fresno europeo","15/02/2011 09:16","Medio (4 - 8 mts)",64,"Grande",-68.8395871827,-32.8954400338,2,"Barrio Civico",2366816.36021,0,0.318057833448846,0
30686,"Morera","03/02/2011 10:01","Alto (> 8 mts)",140,"Grande",-68.8553080715,-32.8667470566,6,"Residencial Norte",2694682.37982,0,0.910821657722376,0
31733,"Morera","18/05/2011 09:30","Alto (> 8 mts)",104,"Grande",-68.8603619222,-32.890908153,5,"Residencial Sur",2423808.92355,0,0.155229945268846,0
506,"Morera","08/03/2012 19:19","Medio (4 - 8 mts)",120,"Grande",-68.8202872534,-32.8681742704,4,"Cuarta Este Área Fundacional",1822015.85685,0,0.435083954544282,0
24852,"Fresno europeo","16/02/2011 12:57","Alto (> 8 mts)",195,"Grande",-68.8380890761,-32.8955488125,2,"Barrio Civico",2366816.36021,0,0.765935776328731,0
46771,"Paraiso sombrilla","05/09/2011 10:37","Bajo (2 - 4 mts)",88,"Grande",-68.8338604391,-32.8700346587,4,"Cuarta Oeste",1173332.70145,0,0.943366893007468,0
21903,"Fresno europeo","03/06/2011 09:38","Alto (> 8 mts)",113,"Grande",-68.8575374121,-32.8968793927,5,"Residencial Sur",2423808.92355,0,0.81310632602179,0
22568,"Fresno americano","16/06/2011 10:50","Alto (> 8 mts)",108,"Grande",-68.8616814752,-32.90035839,5,"Residencial Sur",2423808.92355,0,0.0801908600252452,0
47433,"Morera","26/09/2011 09:24","Medio (4 - 8 mts)",70,"Grande",-68.8271939263,-32.8743309446,4,"Cuarta Este Área Fundacional",1822015.85685,0,0.534316953409623,0
34838,"Prunas","30/03/2011 09:34","Medio (4 - 8 mts)",35,"Mediano",-68.8520319569,-32.8767582315,6,"Residencial Norte",2694682.37982,0,0.16975263410862,0
11125,"Fresno europeo","27/01/2011 12:23","Medio (4 - 8 mts)",50,"Mediano",-68.8435981378,-32.9018047327,2,"Barrio Civico",2366816.36021,0,0.309261017548794,0
14091,"Acer","02/12/2011 09:26","Medio (4 - 8 mts)",78,"Grande",-68.8765449038,-32.8688609477,8,"Aeroparque",2203364.73622,0,0.424644897238626,0
36911,"Fresno europeo","07/04/2011 16:39","Muy bajo (1 - 2 mts)",12,"Chico",-68.8588505957,-32.878922602,7,"Residencial Parque",1786336.08966,0,0.827670595919833,0
20711,"Acacia SP","31/05/2011 11:18","Alto (> 8 mts)",128,"Grande",-68.8620109316,-32.8972864733,5,"Residencial Sur",2423808.92355,0,0.300767563457386,0
31213,"Morera","04/02/2011 13:08","Alto (> 8 mts)",184,"Grande",-68.8534754947,-32.8647822488,6,"Residencial Norte",2694682.37982,0,0.547945484634617,0
3449,"Morera","17/08/2011 09:50","Alto (> 8 mts)",140,"Grande",-68.828965625,-32.8682898841,4,"Cuarta Este Área Fundacional",1822015.85685,1,0.683093035269466,0
16481,"Paraiso","05/08/2011 09:08","Medio (4 - 8 mts)",50,"Mediano",-68.8422166025,-32.8652410675,4,"Cuarta Oeste",1173332.70145,0,0.62488487009515,0
9080,"Acer","18/02/2011 11:55","Alto (> 8 mts)",127,"Grande",-68.8548030082,-32.8655293318,6,"Residencial Norte",2694682.37982,0,0.384265875470087,0
16544,"Fresno europeo","19/07/2011 10:33","Alto (> 8 mts)",63,"Grande",-68.8405210689,-32.8649709997,4,"Cuarta Oeste",1173332.70145,0,0.856592429585737,0
45913,"Morera","25/08/2011 12:38","Medio (4 - 8 mts)",130,"Grande",-68.8197883948,-32.8687930221,4,"Cuarta Este Área Fundacional",1822015.85685,0,0.40101055143362,0
25960,"Morera","01/02/2011 11:19","Alto (> 8 mts)",190,"Grande",-68.8387825342,-32.9042670672,2,"Barrio Civico",2366816.36021,0,0.85925083587979,0
7012,"Fresno americano","10/06/2011 09:55","Bajo (2 - 4 mts)",25,"Mediano",-68.8540283102,-32.8982506853,5,"Residencial Sur",2423808.92355,0,0.584478685762389,0
31169,"Morera","07/02/2011 12:29","Muy bajo (1 - 2 mts)",5,"Chico",-68.854968948,-32.8637804931,6,"Residencial Norte",2694682.37982,0,0.931046840357214,0
23797,"Paraiso","27/01/2011 19:01","Alto (> 8 mts)",124,"Grande",-68.8501995531,-32.9005471894,2,"Barrio Civico",2366816.36021,1,0.682279565555541,0
31194,"Olmo bola","07/02/2011 09:08","Medio (4 - 8 mts)",80,"Grande",-68.853590565,-32.8637368046,6,"Residencial Norte",2694682.37982,0,0.448338573615069,0
14388,"Fresno europeo","02/12/2011 10:25","Muy bajo (1 - 2 mts)",12,"Chico",-68.8781140149,-32.8672226399,8,"Aeroparque",2203364.73622,0,0.700707399709537,0
11184,"Liquidambar","27/01/2011 09:19","Alto (> 8 mts)",78,"Grande",-68.8440933479,-32.9009900621,2,"Barrio Civico",2366816.36021,0,0.276473592646687,0
31960,"Acacia visco","02/06/2011 13:18","Bajo (2 - 4 mts)",80,"Grande",-68.8603596744,-32.8836197724,7,"Residencial Parque",1786336.08966,0,0.406821050209488,0
42956,"Morera","07/10/2011 16:08","Medio (4 - 8 mts)",120,"Grande",-68.8349071641,-32.8781455165,1,"Parque Central",1655357.93265,0,0.185281016705556,0
6504,"Tilo","09/06/2011 10:03","Medio (4 - 8 mts)",52,"Mediano",-68.8612486514,-32.887230611,5,"Residencial Sur",2423808.92355,0,0.183163940238686,0
42780,"Fresno europeo","30/09/2011 13:01","Muy bajo (1 - 2 mts)",8,"Chico",-68.8295187498,-32.8784056403,4,"Cuarta Este Área Fundacional",1822015.85685,0,0.0546131146983055,0
31127,"Paraiso","08/02/2011 10:34","Muy bajo (1 - 2 mts)",20,"Chico",-68.8542396972,-32.8640427829,6,"Residencial Norte",2694682.37982,0,0.390573629804956,0
31263,"Morera","04/02/2011 09:12","Alto (> 8 mts)",160,"Grande",-68.8535100243,-32.8637312515,6,"Residencial Norte",2694682.37982,0,0.476731096366175,0
29466,"Morera","22/03/2011 08:34","Alto (> 8 mts)",240,"Grande",-68.8442584216,-32.8936280219,2,"Barrio Civico",2366816.36021,0,0.630867194073068,0
46270,"Morera","30/09/2011 15:03","Medio (4 - 8 mts)",130,"Grande",-68.823361566,-32.8735439135,4,"Cuarta Este Área Fundacional",1822015.85685,1,0.073221343229505,0
1805,"Acer","24/11/2011 13:20","Medio (4 - 8 mts)",50,"Mediano",-68.8703353089,-32.8797295668,7,"Residencial Parque",1786336.08966,0,0.967469294563427,0
37906,"Morera","18/11/2010 10:45","Alto (> 8 mts)",150,"Grande",-68.8499880547,-32.8737420658,6,"Residencial Norte",2694682.37982,0,0.121458609767251,0
32884,"Morera","10/06/2011 09:14","Bajo (2 - 4 mts)",14,"Chico",-68.8510385263,-32.8857138251,5,"Residencial Sur",2423808.92355,0,0.262257868909473,0
8996,"Perenne","14/01/2011 11:52","Muy bajo (1 - 2 mts)",10,"Chico",-68.8460095832,-32.8673203838,4,"Cuarta Oeste",1173332.70145,0,0.359429786204414,0
40231,"Fresno europeo","14/04/2011 12:14","Muy bajo (1 - 2 mts)",20,"Chico",-68.8452551317,-32.8814692225,1,"Parque Central",1655357.93265,0,0.0357153671630887,0
4669,"Perenne","15/08/2011 11:09","Bajo (2 - 4 mts)",18,"Chico",-68.8380701167,-32.8640496606,4,"Cuarta Oeste",1173332.70145,0,0.935140796476343,0
21854,"Morera","07/06/2011 09:50","Alto (> 8 mts)",97,"Grande",-68.8575603701,-32.8958910756,5,"Residencial Sur",2423808.92355,0,0.644794561444917,0
23268,"Morera","26/01/2012 13:17","Medio (4 - 8 mts)",130,"Grande",-68.8521605936,-32.9011967648,2,"Barrio Civico",2366816.36021,0,0.874803753603094,0
29863,"Perenne","14/03/2011 08:50","Bajo (2 - 4 mts)",64,"Grande",-68.8422775887,-32.8923137374,2,"Barrio Civico",2366816.36021,0,0.344663803910606,0
21460,"Pltano","12/05/2011 09:47","Alto (> 8 mts)",128,"Grande",-68.8571863459,-32.8919891105,5,"Residencial Sur",2423808.92355,0,0.0255913436813447,0
35665,"Morera","18/03/2011 10:16","Medio (4 - 8 mts)",90,"Grande",-68.8557496589,-32.8748158821,6,"Residencial Norte",2694682.37982,0,0.834420833546812,0
41139,"Pltano","27/04/2011 18:34","Alto (> 8 mts)",170,"Grande",-68.8390921242,-32.8837753563,1,"Parque Central",1655357.93265,0,0.943600567277313,0
21668,"Morera","07/06/2011 12:42","Alto (> 8 mts)",64,"Grande",-68.8553881277,-32.8966895047,5,"Residencial Sur",2423808.92355,0,0.997526452821819,0
15138,"Paraiso","21/11/2011 12:57","Bajo (2 - 4 mts)",22,"Mediano",-68.8598146615,-32.8696147446,6,"Residencial Norte",2694682.37982,0,0.488284992543856,0
47902,"Morera","21/09/2011 10:31","Alto (> 8 mts)",220,"Grande",-68.8305943569,-32.873998909,4,"Cuarta Este Área Fundacional",1822015.85685,1,0.657349741711531,0
12790,"Fresno americano","21/01/2011 13:31","Alto (> 8 mts)",40,"Mediano",-68.8480561427,-32.8636293554,6,"Residencial Norte",2694682.37982,0,0.159647649208043,0
46750,"Morera","05/09/2011 11:23","Medio (4 - 8 mts)",140,"Grande",-68.8333272271,-32.8695971687,4,"Cuarta Oeste",1173332.70145,0,0.852634055023971,0
29260,"Fresno americano","23/02/2011 16:51","Medio (4 - 8 mts)",140,"Grande",-68.8449744006,-32.8884067658,2,"Barrio Civico",2366816.36021,0,0.953207313151046,0
25824,"Tipa","03/02/2011 18:16","Bajo (2 - 4 mts)",42,"Mediano",-68.8399954374,-32.902775523,2,"Barrio Civico",2366816.36021,0,0.856018099531508,0
12393,"Morera","21/01/2011 10:07","Alto (> 8 mts)",130,"Grande",-68.8481779306,-32.8663341101,6,"Residencial Norte",2694682.37982,0,0.902650877593939,0
27602,"Fresno europeo","07/11/2011 09:06","Alto (> 8 mts)",190,"Grande",-68.8394925004,-32.8942974142,2,"Barrio Civico",2366816.36021,0,0.380588824540915,0
41048,"Pltano","12/04/2011 10:55","Alto (> 8 mts)",207,"Grande",-68.839382857,-32.879959747,1,"Parque Central",1655357.93265,0,0.175517887491184,0
12989,"Morera","15/02/2011 12:17","Alto (> 8 mts)",140,"Grande",-68.8446060083,-32.8645711727,4,"Cuarta Oeste",1173332.70145,0,0.8199168526893,0
22390,"Morera","16/06/2011 09:23","Medio (4 - 8 mts)",78,"Grande",-68.8601316751,-32.8981711495,5,"Residencial Sur",2423808.92355,0,0.967772305614452,0
17297,"Fresno americano","04/08/2011 10:20","Alto (> 8 mts)",155,"Grande",-68.8359380811,-32.8659334281,4,"Cuarta Oeste",1173332.70145,0,0.160769743675979,0
21456,"Morera","12/05/2011 09:55","Alto (> 8 mts)",115,"Grande",-68.8567694896,-32.8921339062,5,"Residencial Sur",2423808.92355,1,0.0352163354853263,0
31640,"Fresno europeo","14/06/2011 14:34","Medio (4 - 8 mts)",60,"Mediano",-68.8574655871,-32.8886652263,5,"Residencial Sur",2423808.92355,0,0.180813698993431,0
22610,"Pltano","23/06/2011 10:26","Alto (> 8 mts)",130,"Grande",-68.8624602775,-32.900803291,5,"Residencial Sur",2423808.92355,0,0.434492606066476,0
21297,"Morera","13/06/2011 11:31","Alto (> 8 mts)",140,"Grande",-68.8523715386,-32.8979034919,5,"Residencial Sur",2423808.92355,0,0.591026408142934,0
4862,"Paraiso","18/07/2011 09:38","Medio (4 - 8 mts)",102,"Grande",-68.8413316261,-32.872729119,4,"Cuarta Oeste",1173332.70145,0,0.370236750321769,0
30025,"Pltano","03/05/2011 09:48","Alto (> 8 mts)",98,"Grande",-68.8408307239,-32.8861457412,3,"Parque O'Higgins",1531146.02653,0,0.843698006077119,0
30158,"Pltano","31/03/2011 15:01","Alto (> 8 mts)",102,"Grande",-68.8400051893,-32.887451225,3,"Parque O'Higgins",1531146.02653,0,0.0371901041271244,0
31966,"Fresno europeo","02/06/2011 13:07","Medio (4 - 8 mts)",130,"Grande",-68.8597544634,-32.8836409162,7,"Residencial Parque",1786336.08966,0,0.0295948563043695,0
48260,"Fresno europeo","02/09/2011 09:49","Alto (> 8 mts)",110,"Grande",-68.8303936957,-32.8707594905,4,"Cuarta Este Área Fundacional",1822015.85685,0,0.0956012825585323,0
26099,"Fresno europeo","04/11/2011 16:09","Muy bajo (1 - 2 mts)",7,"Chico",-68.8329051696,-32.8875926301,3,"Parque O'Higgins",1531146.02653,0,0.0588969104554277,0
21755,"Fresno europeo","23/05/2011 10:24","Alto (> 8 mts)",117,"Grande",-68.8572683907,-32.8947477591,5,"Residencial Sur",2423808.92355,0,0.593538527695489,0
25573,"Morera","07/02/2011 17:34","Medio (4 - 8 mts)",148,"Grande",-68.8383399033,-32.9013841547,2,"Barrio Civico",2366816.36021,0,0.604917970067401,0
5802,"Paraiso","03/05/2011 11:58","Alto (> 8 mts)",125,"Grande",-68.8429257313,-32.8760005958,1,"Parque Central",1655357.93265,0,0.1637703936879,0
33909,"Morera","13/07/2011 11:39","Alto (> 8 mts)",240,"Grande",-68.8534567968,-32.8857405922,5,"Residencial Sur",2423808.92355,0,0.742634028916354,0
31905,"Acer","31/05/2011 13:55","Medio (4 - 8 mts)",110,"Grande",-68.8579784578,-32.8837157363,5,"Residencial Sur",2423808.92355,0,0.812725020245697,0
35924,"Morera","23/03/2011 13:08","Alto (> 8 mts)",150,"Grande",-68.8540651413,-32.8762260961,6,"Residencial Norte",2694682.37982,0,0.380183923519243,0
34540,"Morera","30/03/2011 10:37","Medio (4 - 8 mts)",90,"Grande",-68.8492277356,-32.8759148794,6,"Residencial Norte",2694682.37982,0,0.574724479822701,0
44997,"Fresno europeo","31/08/2011 11:41","Medio (4 - 8 mts)",120,"Grande",-68.8244681055,-32.8697825289,4,"Cuarta Este Área Fundacional",1822015.85685,0,0.779113269324422,0
5917,"Fresno europeo","25/04/2011 09:30","Muy bajo (1 - 2 mts)",5,"Chico",-68.8434943975,-32.8865890601,1,"Parque Central",1655357.93265,0,0.904312918405824,0
26954,"Morera","01/11/2011 16:37","Medio (4 - 8 mts)",190,"Grande",-68.8367746027,-32.8871354969,3,"Parque O'Higgins",1531146.02653,1,0.0778185101508516,0
15554,"Paraiso","17/11/2011 16:48","Bajo (2 - 4 mts)",24,"Mediano",-68.8611856254,-32.8719368863,7,"Residencial Parque",1786336.08966,0,0.064307641769321,0
6431,"Jacarand","09/05/2011 13:52","Medio (4 - 8 mts)",42,"Mediano",-68.8609938227,-32.8865347508,5,"Residencial Sur",2423808.92355,0,0.197497366834358,0
20537,"Morera","03/06/2011 09:06","Alto (> 8 mts)",130,"Grande",-68.8593529365,-32.8971911788,5,"Residencial Sur",2423808.92355,1,0.444044969139991,0
14760,"Fresno europeo","05/12/2011 11:04","Bajo (2 - 4 mts)",18,"Chico",-68.8783339545,-32.8691786183,8,"Aeroparque",2203364.73622,0,0.318768934231891,0
41518,"Morera","03/05/2011 14:12","Medio (4 - 8 mts)",55,"Mediano",-68.8386649,-32.877348995,1,"Parque Central",1655357.93265,0,0.548378296184861,0
33056,"Fresno europeo","17/05/2011 11:50","Medio (4 - 8 mts)",79,"Grande",-68.8536797441,-32.8877819218,5,"Residencial Sur",2423808.92355,0,0.890002755593973,0
31325,"Acer","25/02/2011 12:18","Alto (> 8 mts)",150,"Grande",-68.8484704446,-32.8655647715,6,"Residencial Norte",2694682.37982,0,0.969589024095734,0
10813,"Jacarand","07/04/2011 17:16","Alto (> 8 mts)",38,"Mediano",-68.8575424985,-32.8769527699,7,"Residencial Parque",1786336.08966,0,0.50750090884063,0
11087,"Morera","23/03/2011 09:44","Medio (4 - 8 mts)",63,"Grande",-68.8544576475,-32.8809200522,6,"Residencial Norte",2694682.37982,0,0.18394147079567,0
29737,"Pltano","15/03/2011 09:40","Alto (> 8 mts)",228,"Grande",-68.8410897627,-32.8926645063,2,"Barrio Civico",2366816.36021,0,0.772778996442818,0
12406,"Morera","21/01/2011 09:06","Alto (> 8 mts)",90,"Grande",-68.8483088719,-32.8673312478,6,"Residencial Norte",2694682.37982,0,0.825756298415537,0
561,"Morera","09/03/2012 07:43","Alto (> 8 mts)",160,"Grande",-68.8190072511,-32.8684963857,4,"Cuarta Este Área Fundacional",1822015.85685,1,0.804282696162273,0
39661,"Paraiso","22/10/2010 09:36","Muy bajo (1 - 2 mts)",10,"Chico",-68.8470044366,-32.8686749879,6,"Residencial Norte",2694682.37982,0,0.304082144606402,0
10008,"Morera","04/11/2010 09:42","Alto (> 8 mts)",85,"Grande",-68.8515871097,-32.8691241044,6,"Residencial Norte",2694682.37982,0,0.841041921540773,0
21153,"Paraiso","06/05/2011 12:10","Medio (4 - 8 mts)",87,"Grande",-68.8530415389,-32.8928819529,5,"Residencial Sur",2423808.92355,0,0.680027679077107,0
44647,"Morera","25/08/2011 12:40","Alto (> 8 mts)",170,"Grande",-68.822970259,-32.8665561334,4,"Cuarta Este Área Fundacional",1822015.85685,0,0.963521030218288,0
23235,"Morera","31/01/2012 17:40","Medio (4 - 8 mts)",124,"Grande",-68.851908238,-32.9017762321,2,"Barrio Civico",2366816.36021,1,0.129274947413014,0
26339,"Morera","20/10/2011 11:23","Muy bajo (1 - 2 mts)",4,"Chico",-68.8327141004,-32.8893538832,3,"Parque O'Higgins",1531146.02653,0,0.83724499590781,0
17283,"Morera","04/08/2011 13:25","Medio (4 - 8 mts)",44,"Mediano",-68.8368479133,-32.8656191942,4,"Cuarta Oeste",1173332.70145,0,0.235531354733838,0
19703,"Fresno americano","12/07/2011 09:36","Alto (> 8 mts)",160,"Grande",-68.8344437803,-32.8713858993,4,"Cuarta Oeste",1173332.70145,0,0.314145209666572,0
15619,"Paraiso","17/11/2011 16:11","Bajo (2 - 4 mts)",50,"Mediano",-68.8617889384,-32.8718320642,7,"Residencial Parque",1786336.08966,0,0.812460456743571,0
2299,"Fresno americano","04/11/2011 10:22","Muy bajo (1 - 2 mts)",10,"Chico",-68.8384947983,-32.8941509889,2,"Barrio Civico",2366816.36021,0,0.574501513067382,0
41076,"Pltano","28/04/2011 11:54","Alto (> 8 mts)",158,"Grande",-68.8387303772,-32.8838375084,1,"Parque Central",1655357.93265,0,0.506346576077175,0
40471,"Pltano","11/04/2011 09:52","Alto (> 8 mts)",200,"Grande",-68.8438420713,-32.8822707843,1,"Parque Central",1655357.93265,0,0.28240321458781,0
47235,"Morera","16/09/2011 13:16","Alto (> 8 mts)",158,"Grande",-68.833466665,-32.8746813454,4,"Cuarta Este Área Fundacional",1822015.85685,0,0.500416957726159,0
36128,"Morera","04/04/2011 09:54","Alto (> 8 mts)",134,"Grande",-68.8524221785,-32.8778021322,6,"Residencial Norte",2694682.37982,0,0.0347624823958158,0
11878,"Morera","01/03/2011 13:27","Medio (4 - 8 mts)",106,"Grande",-68.8499779589,-32.8663013247,6,"Residencial Norte",2694682.37982,0,0.606107466206515,0
4069,"Fresno europeo","04/10/2011 09:02","Bajo (2 - 4 mts)",40,"Mediano",-68.8280858767,-32.8783819591,4,"Cuarta Este Área Fundacional",1822015.85685,0,0.139306601436904,0
17422,"Morera","03/08/2011 07:49","Alto (> 8 mts)",180,"Grande",-68.8354307377,-32.8678998087,4,"Cuarta Oeste",1173332.70145,1,0.0804236813525924,0
15858,"Fresno americano","30/11/2011 10:08","Bajo (2 - 4 mts)",30,"Mediano",-68.8728192309,-32.8766422807,7,"Residencial Parque",1786336.08966,0,0.0894987922955436,0
45985,"Morera","24/08/2011 11:31","Alto (> 8 mts)",168,"Grande",-68.8187677315,-32.8688229283,4,"Cuarta Este Área Fundacional",1822015.85685,0,0.966749905781888,0
27983,"Fresno americano","31/10/2011 09:23","Medio (4 - 8 mts)",110,"Grande",-68.8371447251,-32.8930757813,3,"Parque O'Higgins",1531146.02653,0,0.884636839437573,0
18555,"Paraiso","07/07/2011 11:22","Alto (> 8 mts)",150,"Grande",-68.83750378,-32.8735363995,4,"Cuarta Oeste",1173332.70145,0,0.907681512017737,0
31427,"Pltano","14/07/2011 10:01","Alto (> 8 mts)",275,"Grande",-68.8496602295,-32.8853135287,1,"Parque Central",1655357.93265,0,0.14886530427725,0
2523,"Fresno europeo","19/10/2011 12:57","Alto (> 8 mts)",138,"Grande",-68.8351012443,-32.8876004339,3,"Parque O'Higgins",1531146.02653,0,0.56895551584092,0
27162,"Acacia SP","27/10/2011 09:52","Bajo (2 - 4 mts)",77,"Grande",-68.8372201755,-32.8908929647,3,"Parque O'Higgins",1531146.02653,0,0.875383412737077,0
47688,"Morera","09/09/2011 14:35","Alto (> 8 mts)",160,"Grande",-68.829532058,-32.8720105783,4,"Cuarta Este Área Fundacional",1822015.85685,0,0.439658073659365,0
14400,"Jacarand","02/12/2011 10:12","Bajo (2 - 4 mts)",26,"Mediano",-68.8786335402,-32.8672144211,8,"Aeroparque",2203364.73622,0,0.496576476167997,0
9098,"Jacarand","17/02/2011 10:19","Muy bajo (1 - 2 mts)",10,"Chico",-68.8539613392,-32.8663049569,6,"Residencial Norte",2694682.37982,0,0.389567297283494,0
16929,"Morera","26/07/2011 15:32","Alto (> 8 mts)",163,"Grande",-68.8399179109,-32.8653173639,4,"Cuarta Oeste",1173332.70145,0,0.324521338419919,0
5883,"Fresno europeo","08/04/2011 12:33","Muy bajo (1 - 2 mts)",8,"Chico",-68.8427393181,-32.8825536025,1,"Parque Central",1655357.93265,0,0.783848879502907,0
3802,"Caducifolio","05/09/2011 10:11","Muy bajo (1 - 2 mts)",4,"Chico",-68.8321908052,-32.86970562,4,"Cuarta Este Área Fundacional",1822015.85685,0,0.690883198103505,0
920,"Jacarand","15/01/2012 10:46","Bajo (2 - 4 mts)",28,"Mediano",-68.8541010002,-32.8719491156,6,"Residencial Norte",2694682.37982,0,0.866329907893418,0
15908,"Fresno americano","24/11/2011 12:34","Muy bajo (1 - 2 mts)",20,"Chico",-68.8736918693,-32.8775212695,7,"Residencial Parque",1786336.08966,0,0.545188785151085,0
45746,"Perenne","23/08/2011 11:18","Muy bajo (1 - 2 mts)",15,"Chico",-68.8228421136,-32.8693192844,4,"Cuarta Este Área Fundacional",1822015.85685,0,0.593462269535308,0
40536,"Morera","11/04/2011 12:27","Muy bajo (1 - 2 mts)",5,"Chico",-68.843086804,-32.8838374882,1,"Parque Central",1655357.93265,0,0.467202213683075,0
33306,"Fresno europeo","24/06/2011 10:53","Alto (> 8 mts)",123,"Grande",-68.8576287758,-32.8898757901,5,"Residencial Sur",2423808.92355,0,0.763723148777044,0
41185,"Morera","18/04/2011 09:10","Alto (> 8 mts)",120,"Grande",-68.8378820365,-32.881178104,1,"Parque Central",1655357.93265,0,0.304825501222223,0
22652,"Morera","21/06/2011 11:20","Bajo (2 - 4 mts)",50,"Mediano",-68.8598511366,-32.9005683888,5,"Residencial Sur",2423808.92355,0,0.307590301952679,0
43888,"Pltano","11/10/2011 09:41","Alto (> 8 mts)",290,"Grande",-68.8332904097,-32.8837310713,3,"Parque O'Higgins",1531146.02653,0,0.173113518295242,0
20343,"Morera","13/05/2011 10:45","Alto (> 8 mts)",160,"Grande",-68.8604273895,-32.8918238939,5,"Residencial Sur",2423808.92355,1,0.740996437625921,0
14066,"Paraiso","02/12/2011 10:50","Bajo (2 - 4 mts)",25,"Mediano",-68.8761600989,-32.8680045548,8,"Aeroparque",2203364.73622,0,0.790678756406216,0
3414,"Morera","19/08/2011 12:28","Alto (> 8 mts)",140,"Grande",-68.8330601897,-32.8670356081,4,"Cuarta Oeste",1173332.70145,0,0.725802683526003,0
9172,"Morera","28/02/2011 14:12","Alto (> 8 mts)",60,"Mediano",-68.8514482329,-32.8648627049,6,"Residencial Norte",2694682.37982,0,0.44249830481182,0
29094,"Morera","27/04/2011 11:51","Alto (> 8 mts)",180,"Grande",-68.843692329,-32.8860601397,1,"Parque Central",1655357.93265,1,0.943649850613281,0
22655,"Fresno europeo","21/06/2011 11:13","Medio (4 - 8 mts)",60,"Mediano",-68.8600100845,-32.9004947184,5,"Residencial Sur",2423808.92355,0,0.699412331768788,0
33827,"Pltano","16/05/2011 13:56","Alto (> 8 mts)",220,"Grande",-68.8545712325,-32.8856367539,5,"Residencial Sur",2423808.92355,0,0.600813833088327,0
41580,"Pltano","04/05/2011 11:37","Alto (> 8 mts)",120,"Grande",-68.8412373364,-32.8777757704,1,"Parque Central",1655357.93265,0,0.846534794898573,0
32185,"Fresno europeo","10/05/2011 13:45","Bajo (2 - 4 mts)",7,"Chico",-68.8587955886,-32.8858477216,5,"Residencial Sur",2423808.92355,0,0.65208191847444,0
33754,"Morera","12/05/2011 11:26","Alto (> 8 mts)",170,"Grande",-68.857667045,-32.8860600533,5,"Residencial Sur",2423808.92355,0,0.227094719679359,0
36636,"Morera","14/06/2011 18:51","Medio (4 - 8 mts)",130,"Grande",-68.8577509562,-32.8816461576,7,"Residencial Parque",1786336.08966,0,0.242659609053957,0
6342,"Pltano","30/06/2011 14:34","Medio (4 - 8 mts)",120,"Grande",-68.8543389416,-32.8902176957,5,"Residencial Sur",2423808.92355,0,0.0217584073546485,0
35806,"Morera","04/03/2011 09:22","Alto (> 8 mts)",165,"Grande",-68.8536372002,-32.8741339369,6,"Residencial Norte",2694682.37982,0,0.805275224449314,0
448,"Paraiso sombrilla","05/03/2012 18:30","Medio (4 - 8 mts)",150,"Grande",-68.8186283429,-32.8678875405,4,"Cuarta Este Área Fundacional",1822015.85685,0,0.0834508618319326,0
32308,"Pltano","29/06/2011 08:59","Alto (> 8 mts)",170,"Grande",-68.8521355831,-32.8916122558,5,"Residencial Sur",2423808.92355,0,0.546601953693793,0
32292,"Acacia SP","28/06/2011 10:05","Alto (> 8 mts)",138,"Grande",-68.8511128565,-32.8908066109,5,"Residencial Sur",2423808.92355,1,0.895621116943487,0
46005,"Morera","27/09/2011 10:08","Bajo (2 - 4 mts)",36,"Mediano",-68.8217544317,-32.8735762588,4,"Cuarta Este Área Fundacional",1822015.85685,0,0.490685116865677,0
5370,"Acer","26/04/2011 09:28","Bajo (2 - 4 mts)",60,"Mediano",-68.8428968793,-32.8776204139,1,"Parque Central",1655357.93265,0,0.592276168635474,0
39842,"Morera","02/05/2011 10:48","Alto (> 8 mts)",180,"Grande",-68.8443855358,-32.8737379249,1,"Parque Central",1655357.93265,0,0.204461404345765,0
48270,"Morera","31/08/2011 10:45","Medio (4 - 8 mts)",55,"Mediano",-68.8280282037,-32.8694801699,4,"Cuarta Este Área Fundacional",1822015.85685,0,0.55453809534312,0
38973,"Morera","28/12/2010 12:20","Alto (> 8 mts)",180,"Grande",-68.8557721099,-32.8710503681,6,"Residencial Norte",2694682.37982,0,0.382184248076827,0
30249,"Morera","09/03/2011 13:51","Alto (> 8 mts)",147,"Grande",-68.8424138514,-32.8901726745,2,"Barrio Civico",2366816.36021,0,0.275003105446096,0
182,"Morera","24/02/2012 11:33","Bajo (2 - 4 mts)",50,"Mediano",-68.8572935648,-32.8646183608,6,"Residencial Norte",2694682.37982,0,0.497618019082536,0
24163,"Morera","24/01/2011 11:07","Alto (> 8 mts)",101,"Grande",-68.8452487979,-32.9021293688,2,"Barrio Civico",2366816.36021,0,0.531567728470155,0
6663,"Jacarand","16/05/2011 09:29","Alto (> 8 mts)",65,"Grande",-68.8615824673,-32.8925847131,5,"Residencial Sur",2423808.92355,1,0.180138218432773,0
5920,"Morera","02/05/2011 10:59","Medio (4 - 8 mts)",35,"Mediano",-68.8443470346,-32.8735935023,6,"Residencial Norte",2694682.37982,0,0.767217251582162,0
9662,"Morera","25/01/2011 11:14","Muy bajo (1 - 2 mts)",5,"Chico",-68.8490894141,-32.8642586197,6,"Residencial Norte",2694682.37982,0,0.199172226550604,0
19482,"Morera","18/07/2011 13:58","Alto (> 8 mts)",148,"Grande",-68.8395744457,-32.8717274735,4,"Cuarta Oeste",1173332.70145,0,0.646803317067745,0
44592,"Pltano","19/10/2011 13:15","Alto (> 8 mts)",180,"Grande",-68.8353673398,-32.8856943717,3,"Parque O'Higgins",1531146.02653,0,0.263358305522431,0
16888,"Paraiso","28/07/2011 13:12","Alto (> 8 mts)",197,"Grande",-68.8395529397,-32.8652765428,4,"Cuarta Oeste",1173332.70145,0,0.862594838111415,0
19502,"Morera","18/07/2011 09:39","Alto (> 8 mts)",70,"Grande",-68.8384845992,-32.87170948,4,"Cuarta Oeste",1173332.70145,0,0.709757364600192,0
16070,"Fresno americano","15/07/2011 08:38","Alto (> 8 mts)",200,"Grande",-68.8437630287,-32.8707465831,4,"Cuarta Oeste",1173332.70145,1,0.287502024683494,0
29040,"Morera","18/04/2011 12:31","Alto (> 8 mts)",195,"Grande",-68.843991407,-32.887245066,1,"Parque Central",1655357.93265,0,0.672243837611599,0
18900,"Paraiso","02/08/2011 10:17","Alto (> 8 mts)",360,"Grande",-68.840862274,-32.870317426,4,"Cuarta Oeste",1173332.70145,0,0.12127699038111,0
24096,"Acacia visco","11/01/2011 11:17","Alto (> 8 mts)",190,"Grande",-68.8465110946,-32.9010516299,2,"Barrio Civico",2366816.36021,0,0.961874778680978,0
26525,"Caducifolio","21/10/2011 15:21","Medio (4 - 8 mts)",100,"Grande",-68.8307542872,-32.8907559911,3,"Parque O'Higgins",1531146.02653,0,0.0105217684121507,0
42074,"Paraiso","12/04/2011 11:08","Medio (4 - 8 mts)",120,"Grande",-68.8421287993,-32.8796385759,1,"Parque Central",1655357.93265,0,0.761141664342539,0
30293,"Morera","11/03/2011 09:15","Alto (> 8 mts)",118,"Grande",-68.8409462399,-32.8904466809,3,"Parque O'Higgins",1531146.02653,0,0.668748517516168,0
45470,"Fresno europeo","19/09/2011 10:54","Medio (4 - 8 mts)",148,"Grande",-68.8231740217,-32.8717003351,4,"Cuarta Este Área Fundacional",1822015.85685,0,0.519515752408621,0
42499,"Morera","30/09/2011 08:53","Alto (> 8 mts)",210,"Grande",-68.831248154,-32.8753821664,4,"Cuarta Este Área Fundacional",1822015.85685,0,0.528180977660553,0
1086,"Fresno americano","13/12/2011 18:52","Bajo (2 - 4 mts)",14,"Chico",-68.8810057603,-32.8677921954,8,"Aeroparque",2203364.73622,0,0.339254271627381,0
33473,"Pltano","15/06/2011 09:57","Alto (> 8 mts)",150,"Grande",-68.8564520694,-32.8897004185,5,"Residencial Sur",2423808.92355,0,0.724622338174648,0
20753,"Paraiso","01/06/2011 10:27","Alto (> 8 mts)",140,"Grande",-68.8618890388,-32.8964218878,5,"Residencial Sur",2423808.92355,0,0.506872908377604,0
24072,"Tilo","20/01/2011 13:03","Medio (4 - 8 mts)",68,"Grande",-68.8464026629,-32.9013897207,2,"Barrio Civico",2366816.36021,0,0.202771246921495,0
48181,"Olmo bola","02/09/2011 14:29","Alto (> 8 mts)",115,"Grande",-68.8274654172,-32.8693786758,4,"Cuarta Este Área Fundacional",1822015.85685,0,0.833401383769494,0
6270,"Morera","13/07/2011 13:02","Muy bajo (1 - 2 mts)",5,"Chico",-68.8512233854,-32.8828483005,1,"Parque Central",1655357.93265,0,0.0105674726650988,0
1395,"Paraiso","23/11/2011 10:55","Muy bajo (1 - 2 mts)",12,"Chico",-68.8709643895,-32.8794308398,7,"Residencial Parque",1786336.08966,0,0.552659813531411,0
22910,"Olmo comun","19/05/2011 16:26","Medio (4 - 8 mts)",46,"Mediano",-68.8549958853,-32.8994794427,5,"Residencial Sur",2423808.92355,0,0.975718594920702,0
10814,"Morera","07/04/2011 17:31","Alto (> 8 mts)",68,"Grande",-68.8565225722,-32.877210144,6,"Residencial Norte",2694682.37982,0,0.35818215591527,0
18190,"Morera","22/07/2011 09:35","Alto (> 8 mts)",130,"Grande",-68.8405784088,-32.8697615307,4,"Cuarta Oeste",1173332.70145,0,0.773706149475928,0
20717,"Fresno europeo","31/05/2011 11:06","Medio (4 - 8 mts)",55,"Mediano",-68.8619098721,-32.8969460456,5,"Residencial Sur",2423808.92355,1,0.625721125655329,0
21461,"Pltano","12/05/2011 09:46","Alto (> 8 mts)",178,"Grande",-68.8573274701,-32.8919632795,5,"Residencial Sur",2423808.92355,0,0.139141223148549,0
1572,"Paraiso sombrilla","25/11/2011 10:12","Medio (4 - 8 mts)",80,"Grande",-68.8735692245,-32.876917357,7,"Residencial Parque",1786336.08966,0,0.467812815223221,0
35242,"Morera","22/03/2011 11:27","Alto (> 8 mts)",160,"Grande",-68.8537689821,-32.8822501432,1,"Parque Central",1655357.93265,0,0.811486370363356,0
31032,"Fresno europeo","16/02/2011 11:34","Medio (4 - 8 mts)",60,"Mediano",-68.8557563982,-32.8652073067,6,"Residencial Norte",2694682.37982,0,0.986657089440838,0
15,"Morera","02/03/2012 13:04","Bajo (2 - 4 mts)",56,"Mediano",-68.8567599137,-32.8958801479,5,"Residencial Sur",2423808.92355,1,0.0280230351529284,0
10274,"Conifera","06/12/2010 09:22","Bajo (2 - 4 mts)",20,"Chico",-68.8475076272,-32.8720995578,6,"Residencial Norte",2694682.37982,0,0.894908991191381,0
7100,"Morera","01/06/2011 11:59","Alto (> 8 mts)",81,"Grande",-68.860836276,-32.8973322497,5,"Residencial Sur",2423808.92355,0,0.493808058158237,0
47312,"Morera","21/09/2011 11:03","Alto (> 8 mts)",150,"Grande",-68.8316038611,-32.8752545224,4,"Cuarta Este Área Fundacional",1822015.85685,0,0.257610072769134,0
11608,"Ligustro","27/01/2011 13:42","Medio (4 - 8 mts)",37,"Mediano",-68.8494580992,-32.867500115,6,"Residencial Norte",2694682.37982,0,0.668068788069427,0
11936,"Fresno europeo","12/05/2010 11:28","Muy bajo (1 - 2 mts)",20,"Chico",-68.8514661104,-32.8677106562,6,"Residencial Norte",2694682.37982,0,0.712910716937108,0
33296,"Pltano","24/06/2011 11:24","Alto (> 8 mts)",185,"Grande",-68.8569949277,-32.8897160671,5,"Residencial Sur",2423808.92355,0,0.123641174519196,0
41616,"Fresno americano","06/05/2011 11:08","Alto (> 8 mts)",118,"Grande",-68.8362032656,-32.8763217426,1,"Parque Central",1655357.93265,0,0.730357315237076,0
14721,"Morera","30/11/2011 18:12","Bajo (2 - 4 mts)",22,"Mediano",-68.8775396977,-32.8697380439,8,"Aeroparque",2203364.73622,0,0.778403899755702,0
33505,"Pltano","16/06/2011 13:48","Alto (> 8 mts)",150,"Grande",-68.8544817204,-32.8900741981,5,"Residencial Sur",2423808.92355,0,0.0352104298649345,0
47781,"Morera","23/09/2011 13:52","Alto (> 8 mts)",125,"Grande",-68.8272975413,-32.8732458995,4,"Cuarta Este Área Fundacional",1822015.85685,0,0.737549601311482,0
25595,"Morera","08/02/2011 18:30","Alto (> 8 mts)",168,"Grande",-68.8385752976,-32.9018388203,2,"Barrio Civico",2366816.36021,0,0.465096444306464,0
23234,"Acer","31/01/2012 17:57","Bajo (2 - 4 mts)",60,"Mediano",-68.8518611343,-32.9019089176,2,"Barrio Civico",2366816.36021,0,0.457805962969979,0
18336,"Morera","02/08/2011 10:09","Alto (> 8 mts)",145,"Grande",-68.8386100226,-32.8674735718,4,"Cuarta Oeste",1173332.70145,0,0.624258267895173,0
30192,"Morera","09/03/2011 10:24","Alto (> 8 mts)",121,"Grande",-68.8429947004,-32.8893943977,2,"Barrio Civico",2366816.36021,1,0.901154545619484,0
13804,"Paraiso","26/01/2011 13:11","Alto (> 8 mts)",200,"Grande",-68.8492370408,-32.8639208062,6,"Residencial Norte",2694682.37982,0,0.507574057114741,0
26348,"Fresno europeo","21/10/2011 10:11","Medio (4 - 8 mts)",120,"Grande",-68.8330838989,-32.887689494,3,"Parque O'Higgins",1531146.02653,0,0.240860890947707,0
11906,"Paraiso","03/03/2011 09:06","Medio (4 - 8 mts)",160,"Grande",-68.8504457339,-32.8663271286,6,"Residencial Norte",2694682.37982,0,0.792012128225283,0
41005,"Pltano","12/04/2011 13:50","Alto (> 8 mts)",176,"Grande",-68.839343594,-32.8804065178,1,"Parque Central",1655357.93265,0,0.12018508439116,0
7718,"Morera","31/05/2011 13:32","Medio (4 - 8 mts)",110,"Grande",-68.8564950548,-32.8849790058,5,"Residencial Sur",2423808.92355,0,0.0955135194486243,0
34094,"Paraiso sombrilla","31/05/2011 08:50","Bajo (2 - 4 mts)",50,"Mediano",-68.8573978483,-32.8842559108,5,"Residencial Sur",2423808.92355,0,0.620048422791251,0
40554,"Morera","18/04/2011 09:29","Alto (> 8 mts)",200,"Grande",-68.8470367224,-32.8843439362,1,"Parque Central",1655357.93265,0,0.271523691096008,0
43283,"Morera","21/10/2011 17:22","Medio (4 - 8 mts)",100,"Grande",-68.8338314508,-32.8800182608,1,"Parque Central",1655357.93265,1,0.953062351499008,0
22300,"Pltano","09/06/2011 11:03","Alto (> 8 mts)",103,"Grande",-68.8580752198,-32.8973893938,5,"Residencial Sur",2423808.92355,0,0.724522837828651,0
15305,"Acer","17/11/2011 13:13","Medio (4 - 8 mts)",88,"Grande",-68.8592016608,-32.8699545901,6,"Residencial Norte",2694682.37982,0,0.956333010297439,0
995,"Morera","19/04/2011 10:21","Alto (> 8 mts)",123,"Grande",-68.8391674428,-32.8797153558,1,"Parque Central",1655357.93265,0,0.926295286100991,0
33443,"Pltano","15/06/2011 12:06","Alto (> 8 mts)",150,"Grande",-68.8561414132,-32.8887608593,5,"Residencial Sur",2423808.92355,0,0.318101681104369,0
25626,"Paraiso","15/02/2011 15:37","Alto (> 8 mts)",104,"Grande",-68.8378987592,-32.9014375741,2,"Barrio Civico",2366816.36021,1,0.165118281687299,0
13389,"Paraiso","10/01/2011 14:22","Alto (> 8 mts)",160,"Grande",-68.8442873724,-32.8670045731,4,"Cuarta Oeste",1173332.70145,0,0.45870997361529,0
30802,"Fresno europeo","14/02/2011 11:40","Medio (4 - 8 mts)",102,"Grande",-68.8559908348,-32.865472861,6,"Residencial Norte",2694682.37982,0,0.718622992389285,0
1103,"Aguaribay","13/12/2011 17:30","Medio (4 - 8 mts)",104,"Grande",-68.8797370048,-32.8676759032,8,"Aeroparque",2203364.73622,0,0.850411691966224,0
6489,"Morera","02/06/2011 13:43","Medio (4 - 8 mts)",60,"Mediano",-68.8572554173,-32.8883846469,5,"Residencial Sur",2423808.92355,0,0.383840302855337,0
12158,"Morera","19/01/2011 13:16","Alto (> 8 mts)",130,"Grande",-68.846758164,-32.8679806998,6,"Residencial Norte",2694682.37982,0,0.0320072024855935,0
15558,"Paraiso","17/11/2011 16:40","Bajo (2 - 4 mts)",40,"Mediano",-68.8611034778,-32.8718302716,7,"Residencial Parque",1786336.08966,0,0.220656606211831,0
21666,"Morera","07/06/2011 12:51","Alto (> 8 mts)",150,"Grande",-68.8553698966,-32.8964642006,5,"Residencial Sur",2423808.92355,1,0.464328493604335,0
36041,"Morera","18/03/2011 09:45","Alto (> 8 mts)",97,"Grande",-68.8570473664,-32.8748453497,6,"Residencial Norte",2694682.37982,0,0.0148229442067935,0
11017,"Morera","07/04/2011 15:07","Alto (> 8 mts)",94,"Grande",-68.8588470044,-32.8812915543,7,"Residencial Parque",1786336.08966,1,0.183282446857265,0
41999,"Morera","20/04/2011 13:04","Alto (> 8 mts)",160,"Grande",-68.8367411829,-32.8786295578,1,"Parque Central",1655357.93265,0,0.148262434645801,0
13375,"Jacarand","11/01/2011 09:41","Medio (4 - 8 mts)",60,"Mediano",-68.8452710566,-32.8663728922,4,"Cuarta Oeste",1173332.70145,0,0.176863279715593,0
27651,"Morera","01/11/2011 10:25","Alto (> 8 mts)",90,"Grande",-68.8362338621,-32.8943870929,3,"Parque O'Higgins",1531146.02653,0,0.40347393029826,0
8535,"Paraiso","17/02/2011 10:56","Bajo (2 - 4 mts)",21,"Mediano",-68.8411028449,-32.8992403136,2,"Barrio Civico",2366816.36021,0,0.251134656976004,0
12847,"Paraiso sombrilla","18/01/2011 12:01","Alto (> 8 mts)",200,"Grande",-68.8466277288,-32.8638748041,4,"Cuarta Oeste",1173332.70145,0,0.770839892676605,0
15621,"lamo blanco","15/11/2011 19:23","Muy bajo (1 - 2 mts)",4,"Chico",-68.8621352045,-32.8718533232,7,"Residencial Parque",1786336.08966,0,0.111155849019589,0
32248,"Morera","09/05/2011 10:51","Medio (4 - 8 mts)",100,"Grande",-68.859707607,-32.8846897125,5,"Residencial Sur",2423808.92355,0,0.671565652104454,0
41713,"Morera","28/04/2011 09:13","Bajo (2 - 4 mts)",54,"Mediano",-68.8382961324,-32.878409451,1,"Parque Central",1655357.93265,0,0.682155936504171,0
27238,"Pltano","26/10/2011 09:53","Alto (> 8 mts)",195,"Grande",-68.836293775,-32.8897071665,3,"Parque O'Higgins",1531146.02653,0,0.425881953572465,0
18180,"Morera","26/07/2011 09:02","Alto (> 8 mts)",165,"Grande",-68.8398277587,-32.8698777813,4,"Cuarta Oeste",1173332.70145,0,0.592461321542553,0
1109,"Jacarand","13/12/2011 17:13","Muy bajo (1 - 2 mts)",16,"Chico",-68.8797564439,-32.8679889959,8,"Aeroparque",2203364.73622,0,0.94429107237334,0
46470,"Morera","17/08/2011 14:02","Muy bajo (1 - 2 mts)",4,"Chico",-68.8314933189,-32.8683915811,4,"Cuarta Este Área Fundacional",1822015.85685,0,0.281332630485936,0
35226,"Pltano","22/03/2011 13:25","Alto (> 8 mts)",149,"Grande",-68.8537209065,-32.8812690181,6,"Residencial Norte",2694682.37982,1,0.275372108245388,0
42641,"Paraiso","26/09/2011 08:53","Alto (> 8 mts)",180,"Grande",-68.8292550689,-32.875482803,4,"Cuarta Este Área Fundacional",1822015.85685,0,0.519467102837684,0
40770,"Morera","19/04/2011 09:07","Alto (> 8 mts)",170,"Grande",-68.8415273006,-32.8837715352,1,"Parque Central",1655357.93265,0,0.532155178756933,0
10309,"Morera","01/12/2010 12:17","Alto (> 8 mts)",140,"Grande",-68.8462200677,-32.8712333398,6,"Residencial Norte",2694682.37982,1,0.617627118832199,0
45360,"Jacarand","16/09/2011 08:41","Medio (4 - 8 mts)",120,"Grande",-68.8235594687,-32.8733685041,4,"Cuarta Este Área Fundacional",1822015.85685,0,0.790723525779106,0
15436,"Perenne","18/11/2011 14:17","Bajo (2 - 4 mts)",120,"Grande",-68.8594380981,-32.8714633,6,"Residencial Norte",2694682.37982,0,0.725513488860406,0
42720,"Fresno europeo","30/09/2011 11:21","Alto (> 8 mts)",117,"Grande",-68.8279744953,-32.8768203334,4,"Cuarta Este Área Fundacional",1822015.85685,0,0.110852841309305,0
15650,"Tipa","15/11/2011 17:52","Muy bajo (1 - 2 mts)",12,"Chico",-68.8620956,-32.8712874483,7,"Residencial Parque",1786336.08966,0,0.115071030678357,0
42181,"Morera","06/05/2011 10:39","Alto (> 8 mts)",146,"Grande",-68.8403791851,-32.8740874245,1,"Parque Central",1655357.93265,0,0.272855125727116,0
12655,"Ailanthus","18/01/2011 09:02","Alto (> 8 mts)",170,"Grande",-68.8469529668,-32.8633667526,4,"Cuarta Oeste",1173332.70145,0,0.148851104507242,0
30146,"Pltano","15/03/2011 12:46","Alto (> 8 mts)",190,"Grande",-68.8397627932,-32.891564986,2,"Barrio Civico",2366816.36021,0,0.54264384252283,0
48217,"Morera","01/09/2011 13:00","Alto (> 8 mts)",155,"Grande",-68.8276928207,-32.8688881745,4,"Cuarta Este Área Fundacional",1822015.85685,0,0.359864193799556,0
30690,"Jacarand","03/02/2011 10:17","Bajo (2 - 4 mts)",40,"Mediano",-68.8556030296,-32.8669515935,6,"Residencial Norte",2694682.37982,0,0.611468170176745,0
5362,"Morera","26/04/2011 10:03","Bajo (2 - 4 mts)",60,"Mediano",-68.8429607485,-32.8781772356,1,"Parque Central",1655357.93265,0,0.334281325660917,0
46461,"Morera","17/08/2011 09:15","Alto (> 8 mts)",160,"Grande",-68.8319048341,-32.8681051389,4,"Cuarta Oeste",1173332.70145,0,0.772406360653661,0
19283,"Morera","13/07/2011 21:27","Alto (> 8 mts)",200,"Grande",-68.8364107684,-32.8698851826,4,"Cuarta Oeste",1173332.70145,0,0.843203283903312,0
31639,"Morera","14/06/2011 14:37","Medio (4 - 8 mts)",35,"Mediano",-68.8574569944,-32.8886253617,5,"Residencial Sur",2423808.92355,0,0.424709995174824,0
13011,"Morera","15/02/2011 09:52","Medio (4 - 8 mts)",106,"Grande",-68.8439011803,-32.8654951035,4,"Cuarta Oeste",1173332.70145,0,0.0677302177711746,0
22236,"Fresno europeo","14/06/2011 11:19","Medio (4 - 8 mts)",86,"Grande",-68.8556118481,-32.8976661635,5,"Residencial Sur",2423808.92355,0,0.090545952497576,0
22591,"Morera","24/06/2011 09:07","Medio (4 - 8 mts)",81,"Grande",-68.8613443237,-32.9008344832,5,"Residencial Sur",2423808.92355,0,0.619931262083772,0
8519,"Morera","09/02/2011 08:58","Bajo (2 - 4 mts)",25,"Mediano",-68.8387852314,-32.8977017532,2,"Barrio Civico",2366816.36021,0,0.209382579389826,0
7845,"Fresno europeo","10/06/2011 10:23","Alto (> 8 mts)",110,"Grande",-68.8509511403,-32.8854835171,5,"Residencial Sur",2423808.92355,0,0.916057070633652,0
38279,"Morera","02/12/2010 11:59","Alto (> 8 mts)",180,"Grande",-68.8455936013,-32.8717350651,6,"Residencial Norte",2694682.37982,0,0.299654488195981,0
18330,"Fresno europeo","02/08/2011 10:24","Alto (> 8 mts)",160,"Grande",-68.8380952794,-32.8675104172,4,"Cuarta Oeste",1173332.70145,0,0.502862270340415,0
27179,"Acacia SP","26/10/2011 12:50","Bajo (2 - 4 mts)",100,"Grande",-68.8369141098,-32.8909147358,3,"Parque O'Higgins",1531146.02653,0,0.942455584252997,0
33517,"Pltano","16/06/2011 12:05","Alto (> 8 mts)",177,"Grande",-68.8542792967,-32.8891104624,5,"Residencial Sur",2423808.92355,0,0.0955781030339176,0
30628,"Paraiso","07/02/2011 13:30","Medio (4 - 8 mts)",60,"Mediano",-68.858103645,-32.8675878216,6,"Residencial Norte",2694682.37982,0,0.568518127115254,0
39679,"Pltano","21/10/2010 13:01","Alto (> 8 mts)",190,"Grande",-68.8476571021,-32.8697748599,6,"Residencial Norte",2694682.37982,0,0.380783457490015,0
21142,"Paraiso","17/06/2011 11:22","Alto (> 8 mts)",150,"Grande",-68.8622695902,-32.8981817163,5,"Residencial Sur",2423808.92355,0,0.266597156992707,0
44834,"Morera","23/08/2011 09:27","Alto (> 8 mts)",90,"Grande",-68.8249705868,-32.8671124081,4,"Cuarta Este Área Fundacional",1822015.85685,1,0.62287827861857,0
38950,"Morera","03/01/2011 09:25","Medio (4 - 8 mts)",60,"Mediano",-68.8559323194,-32.8711570429,6,"Residencial Norte",2694682.37982,0,0.00221031304823716,0
11402,"Paraiso","26/01/2011 16:16","Medio (4 - 8 mts)",72,"Grande",-68.8509097484,-32.9011437137,2,"Barrio Civico",2366816.36021,1,0.255900085636127,0
16692,"Paraiso","20/07/2011 14:21","Alto (> 8 mts)",198,"Grande",-68.840889861,-32.8635452823,4,"Cuarta Oeste",1173332.70145,0,0.587029708134784,0
7824,"Fresno europeo","10/05/2011 12:51","Medio (4 - 8 mts)",110,"Grande",-68.8587726673,-32.8850070993,5,"Residencial Sur",2423808.92355,0,0.948993081949158,0
26615,"Pltano","03/11/2011 11:04","Alto (> 8 mts)",200,"Grande",-68.833256728,-32.8900363451,3,"Parque O'Higgins",1531146.02653,0,0.425792089445692,0
41282,"Fresno europeo","11/04/2011 13:14","Medio (4 - 8 mts)",60,"Mediano",-68.8398569398,-32.880976918,1,"Parque Central",1655357.93265,0,0.773048782359934,0
40415,"Pltano","12/04/2011 10:10","Alto (> 8 mts)",250,"Grande",-68.8442223559,-32.8831504088,1,"Parque Central",1655357.93265,0,0.27712717545305,0
27892,"Pltano","04/11/2011 10:40","Alto (> 8 mts)",175,"Grande",-68.8391766552,-32.8930199814,2,"Barrio Civico",2366816.36021,0,0.3286483574632,0
13659,"Olmo comun","25/02/2011 13:28","Medio (4 - 8 mts)",40,"Mediano",-68.8520216831,-32.8652906501,6,"Residencial Norte",2694682.37982,0,0.025131614168998,0
26907,"Fresno europeo","28/10/2011 16:33","Alto (> 8 mts)",180,"Grande",-68.8368705918,-32.886599386,3,"Parque O'Higgins",1531146.02653,0,0.911803554461792,0
13615,"Morera","28/02/2011 11:54","Alto (> 8 mts)",128,"Grande",-68.8517856584,-32.8660861591,6,"Residencial Norte",2694682.37982,0,0.32237796875966,0
19055,"Perenne","26/07/2011 10:01","Bajo (2 - 4 mts)",22,"Mediano",-68.8413086218,-32.8719752168,4,"Cuarta Oeste",1173332.70145,0,0.184278532207786,0
31150,"Fresno europeo","07/02/2011 09:37","Bajo (2 - 4 mts)",60,"Mediano",-68.8542393228,-32.8635531618,6,"Residencial Norte",2694682.37982,0,0.114583142503442,0
28152,"Morera","21/02/2011 19:46","Medio (4 - 8 mts)",62,"Grande",-68.8485887381,-32.8922577064,2,"Barrio Civico",2366816.36021,1,0.155588614196001,0
38338,"Paraiso","09/11/2010 13:13","Alto (> 8 mts)",180,"Grande",-68.8537082654,-32.8692351571,6,"Residencial Norte",2694682.37982,0,0.477125165246583,0
11344,"Morera","19/01/2011 19:06","Alto (> 8 mts)",134,"Grande",-68.8485903749,-32.9026092808,2,"Barrio Civico",2366816.36021,1,0.600522317178374,0
317,"lamo criollo","05/03/2012 12:41","Alto (> 8 mts)",280,"Grande",-68.8215088145,-32.8671385045,4,"Cuarta Este Área Fundacional",1822015.85685,0,0.339317103579406,0
33712,"Paraiso","11/05/2011 09:47","Alto (> 8 mts)",174,"Grande",-68.857106369,-32.8871659625,5,"Residencial Sur",2423808.92355,0,0.672135605603607,0
29026,"Fresno europeo","20/04/2011 11:06","Muy bajo (1 - 2 mts)",12,"Chico",-68.8461054984,-32.8860990748,1,"Parque Central",1655357.93265,0,0.494986277990287,0
35225,"Pltano","22/03/2011 13:27","Alto (> 8 mts)",228,"Grande",-68.8536494935,-32.8812859837,6,"Residencial Norte",2694682.37982,0,0.691162598044969,0
38886,"Jacarand","09/12/2010 10:01","Bajo (2 - 4 mts)",30,"Mediano",-68.8490717194,-32.871701061,6,"Residencial Norte",2694682.37982,0,0.627052624399953,0
21619,"Ailanthus","10/06/2011 11:12","Medio (4 - 8 mts)",25,"Mediano",-68.8543434112,-32.8961067953,5,"Residencial Sur",2423808.92355,0,0.968686882248996,0
47306,"Morera","20/09/2011 10:24","Alto (> 8 mts)",135,"Grande",-68.8319840391,-32.8739015916,4,"Cuarta Este Área Fundacional",1822015.85685,1,0.891505876105468,0
43120,"Morera","04/10/2011 09:01","Medio (4 - 8 mts)",130,"Grande",-68.8280788189,-32.8782733757,4,"Cuarta Este Área Fundacional",1822015.85685,1,0.53363254185593,0
13467,"Fresno europeo","03/02/2011 09:16","Bajo (2 - 4 mts)",70,"Grande",-68.8524628755,-32.8633796284,6,"Residencial Norte",2694682.37982,0,0.928048091922952,0
20909,"Acer","27/05/2011 09:09","Medio (4 - 8 mts)",76,"Grande",-68.8616618616,-32.8948764087,5,"Residencial Sur",2423808.92355,0,0.0123335219071598,0
31689,"Pltano","18/05/2011 12:38","Alto (> 8 mts)",170,"Grande",-68.8612581904,-32.8910482536,5,"Residencial Sur",2423808.92355,0,0.483180483055529,0
5844,"Paraiso","06/05/2011 12:45","Bajo (2 - 4 mts)",50,"Mediano",-68.8407133935,-32.8796919776,1,"Parque Central",1655357.93265,1,0.340398041686169,0
27394,"Pltano","21/10/2011 10:25","Alto (> 8 mts)",116,"Grande",-68.8354518433,-32.8876979556,3,"Parque O'Higgins",1531146.02653,1,0.433958652192209,0
17909,"Morera","01/08/2011 09:23","Alto (> 8 mts)",80,"Grande",-68.8367102464,-32.8670388341,4,"Cuarta Oeste",1173332.70145,0,0.374627042177237,0
40476,"Pltano","11/04/2011 09:43","Alto (> 8 mts)",180,"Grande",-68.8437651502,-32.8819544646,1,"Parque Central",1655357.93265,0,0.147777620462587,0
14468,"Morera","02/12/2011 10:00","Muy bajo (1 - 2 mts)",8,"Chico",-68.8785451312,-32.8664624836,8,"Aeroparque",2203364.73622,0,0.8984365212363,0
36980,"Morera","07/04/2011 16:41","Alto (> 8 mts)",90,"Grande",-68.8570757845,-32.878890663,7,"Residencial Parque",1786336.08966,0,0.3780883763531,0
21200,"Morera","10/05/2011 11:19","Alto (> 8 mts)",120,"Grande",-68.8528535897,-32.8958969255,5,"Residencial Sur",2423808.92355,0,0.171149953377978,0
527,"Morera","08/03/2012 18:12","Alto (> 8 mts)",200,"Grande",-68.8212348059,-32.8686191317,4,"Cuarta Este Área Fundacional",1822015.85685,0,0.771366445098,0
2969,"Paraiso","16/09/2011 09:44","Alto (> 8 mts)",190,"Grande",-68.8245348746,-32.8715838905,4,"Cuarta Este Área Fundacional",1822015.85685,0,0.0232840730141548,0
8443,"Morera","09/02/2011 17:47","Alto (> 8 mts)",108,"Grande",-68.8367421144,-32.8987575118,2,"Barrio Civico",2366816.36021,1,0.738776673098214,0
19261,"Pltano","03/08/2011 12:18","Alto (> 8 mts)",300,"Grande",-68.8374803084,-32.8704792603,4,"Cuarta Oeste",1173332.70145,0,0.385196035065617,0
18407,"Caducifolio","09/08/2011 09:51","Bajo (2 - 4 mts)",60,"Mediano",-68.8401196141,-32.8736241634,4,"Cuarta Oeste",1173332.70145,0,0.923970937812521,0
27095,"Fresno europeo","27/10/2011 09:31","Medio (4 - 8 mts)",45,"Mediano",-68.8370794612,-32.8896099559,3,"Parque O'Higgins",1531146.02653,0,0.467613156219083,0
23636,"Fresno europeo","20/01/2011 19:05","Alto (> 8 mts)",120,"Grande",-68.8479995451,-32.9007653583,2,"Barrio Civico",2366816.36021,0,0.418762326370211,0
13183,"Tilo","21/02/2011 10:49","Muy bajo (1 - 2 mts)",14,"Chico",-68.8469996101,-32.8657855954,4,"Cuarta Oeste",1173332.70145,0,0.754422039830835,0
15279,"Acacia SP","18/11/2011 12:22","Medio (4 - 8 mts)",100,"Grande",-68.8598954474,-32.8709049843,6,"Residencial Norte",2694682.37982,0,0.413598304116081,0
48380,"Morera","02/09/2011 07:42","Alto (> 8 mts)",130,"Grande",-68.8293830141,-32.8698461048,4,"Cuarta Este Área Fundacional",1822015.85685,0,0.177651006789199,0
34785,"Morera","29/03/2011 12:55","Alto (> 8 mts)",117,"Grande",-68.8507868106,-32.8792060807,6,"Residencial Norte",2694682.37982,0,0.0182149424226752,0
2151,"Morera","07/11/2011 09:52","Bajo (2 - 4 mts)",35,"Mediano",-68.8376922169,-32.8948353367,2,"Barrio Civico",2366816.36021,0,0.98784632741032,0
27256,"Pltano","26/10/2011 09:20","Alto (> 8 mts)",250,"Grande",-68.8356269246,-32.8888038915,3,"Parque O'Higgins",1531146.02653,0,0.49724012337547,0
28322,"Fresno americano","11/03/2011 12:49","Alto (> 8 mts)",180,"Grande",-68.8480472117,-32.8882191945,5,"Residencial Sur",2423808.92355,0,0.302836438781652,0
29740,"Pltano","15/03/2011 09:45","Alto (> 8 mts)",228,"Grande",-68.8408455388,-32.8927137607,2,"Barrio Civico",2366816.36021,0,0.826677557994624,0
25185,"Morera","09/02/2011 17:25","Alto (> 8 mts)",138,"Grande",-68.836328517,-32.8983603356,2,"Barrio Civico",2366816.36021,0,0.771546617757331,0
15364,"Fresno europeo","16/11/2011 12:24","Muy bajo (1 - 2 mts)",16,"Chico",-68.8608018349,-32.8706918112,7,"Residencial Parque",1786336.08966,0,0.857170712021582,0
38335,"Morera","10/11/2010 09:50","Alto (> 8 mts)",85,"Grande",-68.8536398672,-32.8690611852,6,"Residencial Norte",2694682.37982,0,0.296019022692275,0
30475,"Pltano","17/02/2011 10:01","Alto (> 8 mts)",290,"Grande",-68.8399788799,-32.8883455659,3,"Parque O'Higgins",1531146.02653,0,0.156804472407965,0
44378,"Fresno europeo","19/10/2011 09:32","Alto (> 8 mts)",175,"Grande",-68.8367985746,-32.885193464,3,"Parque O'Higgins",1531146.02653,0,0.30070420342535,0
42661,"Morera","26/09/2011 10:48","Alto (> 8 mts)",140,"Grande",-68.8294511445,-32.8768799737,4,"Cuarta Este Área Fundacional",1822015.85685,0,0.59904797916194,0
33587,"Acacia SP","16/05/2011 10:41","Alto (> 8 mts)",175,"Grande",-68.8553011017,-32.8870401828,5,"Residencial Sur",2423808.92355,0,0.172274730131086,0
219,"Pltano","06/03/2012 09:56","Alto (> 8 mts)",180,"Grande",-68.8386777703,-32.8699654865,4,"Cuarta Oeste",1173332.70145,0,0.226573252130673,0
21935,"Fresno europeo","06/06/2011 10:10","Medio (4 - 8 mts)",64,"Grande",-68.8575067245,-32.8954187087,5,"Residencial Sur",2423808.92355,0,0.294579688884265,0
18130,"Morera","28/07/2011 09:16","Alto (> 8 mts)",185,"Grande",-68.8417536845,-32.8692643435,4,"Cuarta Oeste",1173332.70145,1,0.643257586458716,0
1597,"Acacia SP","24/11/2011 10:31","Bajo (2 - 4 mts)",70,"Grande",-68.8719592647,-32.8796721428,7,"Residencial Parque",1786336.08966,0,0.440555239000389,0
31722,"Morera","18/05/2011 09:48","Alto (> 8 mts)",96,"Grande",-68.8602962584,-32.8902547138,5,"Residencial Sur",2423808.92355,0,0.391206728748306,0
13747,"Morera","27/01/2011 10:10","Alto (> 8 mts)",144,"Grande",-68.8504822284,-32.8634225097,6,"Residencial Norte",2694682.37982,0,0.169491942087696,0
31923,"Fresno americano","03/06/2011 15:41","Bajo (2 - 4 mts)",100,"Grande",-68.8588082715,-32.8838550387,5,"Residencial Sur",2423808.92355,0,0.897812039276956,0
2302,"Morera","04/11/2011 07:37","Medio (4 - 8 mts)",120,"Grande",-68.8382930639,-32.893349978,2,"Barrio Civico",2366816.36021,1,0.777162985487529,0
22773,"Fresno europeo","29/06/2011 16:28","Alto (> 8 mts)",108,"Grande",-68.8544081451,-32.9019657222,5,"Residencial Sur",2423808.92355,0,0.475401157987023,0
36040,"Morera","18/03/2011 09:50","Alto (> 8 mts)",150,"Grande",-68.8569528201,-32.8748634766,6,"Residencial Norte",2694682.37982,0,0.356585431740809,0
4692,"Morera","04/08/2011 10:32","Alto (> 8 mts)",96,"Grande",-68.8366369395,-32.8660163148,4,"Cuarta Oeste",1173332.70145,0,0.175016841599197,0
13155,"Morera","18/02/2011 12:48","Alto (> 8 mts)",160,"Grande",-68.8466278589,-32.8648557342,4,"Cuarta Oeste",1173332.70145,0,0.563905636800419,0
47847,"Morera","21/09/2011 09:24","Alto (> 8 mts)",130,"Grande",-68.8285293391,-32.8731643082,4,"Cuarta Este Área Fundacional",1822015.85685,0,0.202776429035766,0
30901,"Fresno europeo","17/02/2011 10:44","Medio (4 - 8 mts)",65,"Grande",-68.8540615267,-32.8665499102,6,"Residencial Norte",2694682.37982,0,0.224698942857483,0
8249,"Morera","18/02/2011 12:21","Alto (> 8 mts)",142,"Grande",-68.8438932934,-32.8922644558,2,"Barrio Civico",2366816.36021,1,0.418900628589456,0
2768,"Acacia SP","14/10/2011 19:00","Alto (> 8 mts)",120,"Grande",-68.8335039503,-32.8824073143,3,"Parque O'Higgins",1531146.02653,0,0.416764304642364,0
15838,"lamo criollo","25/11/2011 11:20","Medio (4 - 8 mts)",70,"Grande",-68.8723079236,-32.8774945466,7,"Residencial Parque",1786336.08966,0,0.30609173600934,0
28118,"Morera","14/03/2011 17:06","Medio (4 - 8 mts)",44,"Mediano",-68.8466386386,-32.8922894275,2,"Barrio Civico",2366816.36021,0,0.0184902390884313,0
11264,"Olmo comun","12/01/2011 12:45","Alto (> 8 mts)",116,"Grande",-68.8470287737,-32.8998747391,2,"Barrio Civico",2366816.36021,0,0.443590301827712,0
13196,"Morera","22/02/2011 09:38","Alto (> 8 mts)",110,"Grande",-68.8473401106,-32.8645513797,4,"Cuarta Oeste",1173332.70145,1,0.938160178908049,0
45644,"Fresno europeo","21/09/2011 13:11","Medio (4 - 8 mts)",51,"Mediano",-68.8216183078,-32.8721854729,4,"Cuarta Este Área Fundacional",1822015.85685,0,0.850879459780026,0
37207,"Prunas","14/03/2011 11:28","Medio (4 - 8 mts)",66,"Grande",-68.8576683006,-32.8729718794,6,"Residencial Norte",2694682.37982,0,0.522437385269233,0
13286,"Morera","23/02/2011 13:01","Alto (> 8 mts)",130,"Grande",-68.8476801546,-32.8651588064,6,"Residencial Norte",2694682.37982,0,0.735444334505985,0
41545,"Morera","06/05/2011 10:39","Alto (> 8 mts)",104,"Grande",-68.8392683731,-32.8795723553,1,"Parque Central",1655357.93265,0,0.603783444233959,0
46363,"Morera","19/09/2011 13:37","Alto (> 8 mts)",139,"Grande",-68.8247797259,-32.8742115463,4,"Cuarta Este Área Fundacional",1822015.85685,0,0.956698573407459,0
33383,"Acer","01/06/2011 11:51","Medio (4 - 8 mts)",30,"Mediano",-68.8558665271,-32.8886308668,5,"Residencial Sur",2423808.92355,0,0.27514367788997,0
32243,"Fresno europeo","09/05/2011 11:03","Medio (4 - 8 mts)",130,"Grande",-68.8601634241,-32.8846015866,5,"Residencial Sur",2423808.92355,0,0.972648655527385,0
40082,"Morera","20/04/2011 09:13","Bajo (2 - 4 mts)",60,"Mediano",-68.8454639974,-32.8783578283,1,"Parque Central",1655357.93265,0,0.835074700631827,0
38913,"Morera","26/10/2010 10:12","Alto (> 8 mts)",170,"Grande",-68.8478790518,-32.8698852269,6,"Residencial Norte",2694682.37982,0,0.777982154503922,0
19118,"Morera","27/07/2011 08:48","Medio (4 - 8 mts)",100,"Grande",-68.8412333439,-32.871706146,4,"Cuarta Oeste",1173332.70145,0,0.517594096232348,0
25934,"Pltano","16/02/2011 16:20","Alto (> 8 mts)",152,"Grande",-68.8382847174,-32.9029311124,2,"Barrio Civico",2366816.36021,0,0.358235005811319,0
40559,"Pltano","18/04/2011 09:16","Alto (> 8 mts)",170,"Grande",-68.846950617,-32.8846381432,1,"Parque Central",1655357.93265,0,0.72727630009984,0
47814,"Morera","23/09/2011 15:22","Alto (> 8 mts)",125,"Grande",-68.8262315342,-32.8741452151,4,"Cuarta Este Área Fundacional",1822015.85685,1,0.889296884229456,0
23375,"Fresno americano","28/01/2011 10:02","Alto (> 8 mts)",108,"Grande",-68.8494312422,-32.9029352941,2,"Barrio Civico",2366816.36021,0,0.799071012575915,0
26741,"Morera","11/01/2012 13:04","Alto (> 8 mts)",135,"Grande",-68.8336306729,-32.8951695062,3,"Parque O'Higgins",1531146.02653,1,0.268486946453691,0
6329,"Fresno americano","29/06/2011 11:44","Muy bajo (1 - 2 mts)",15,"Chico",-68.8559014387,-32.8909060639,5,"Residencial Sur",2423808.92355,0,0.57980169690901,0
28249,"Morera","28/02/2011 16:45","Alto (> 8 mts)",172,"Grande",-68.8481285672,-32.8929924911,2,"Barrio Civico",2366816.36021,1,0.390147734434087,0
36277,"Morera","01/04/2011 13:14","Alto (> 8 mts)",200,"Grande",-68.8537100252,-32.8775470231,6,"Residencial Norte",2694682.37982,0,0.202838844014274,0
9264,"Fresno europeo","22/02/2011 11:04","Muy bajo (1 - 2 mts)",5,"Chico",-68.8471408128,-32.8650649358,4,"Cuarta Oeste",1173332.70145,0,0.70046868539741,0
14244,"Morera","30/11/2011 14:31","Medio (4 - 8 mts)",70,"Grande",-68.8775896288,-32.8668538476,8,"Aeroparque",2203364.73622,0,0.805343384808145,0
35389,"Acacia SP","21/06/2011 13:11","Alto (> 8 mts)",200,"Grande",-68.855612363,-32.8821646718,5,"Residencial Sur",2423808.92355,1,0.548886159801148,0
47680,"Morera","15/09/2011 10:03","Alto (> 8 mts)",160,"Grande",-68.8292977075,-32.8727489263,4,"Cuarta Este Área Fundacional",1822015.85685,0,0.11126261639955,0
34872,"Fresno europeo","29/03/2011 10:46","Muy bajo (1 - 2 mts)",10,"Chico",-68.8515397457,-32.8795956379,6,"Residencial Norte",2694682.37982,0,0.178571165058353,0
20028,"Morera","10/08/2011 12:32","Alto (> 8 mts)",100,"Grande",-68.8339854466,-32.8681403287,4,"Cuarta Oeste",1173332.70145,1,0.186221167601609,0
43407,"Fresno europeo","27/10/2011 13:32","Medio (4 - 8 mts)",70,"Grande",-68.8311302614,-32.8812940547,3,"Parque O'Higgins",1531146.02653,0,0.587493306208563,0
43909,"Pltano","11/10/2011 09:07","Alto (> 8 mts)",210,"Grande",-68.8328787272,-32.8848157607,3,"Parque O'Higgins",1531146.02653,0,0.664910603568198,0
14597,"Morera","14/12/2011 10:06","Medio (4 - 8 mts)",25,"Mediano",-68.8794949914,-32.8683019518,8,"Aeroparque",2203364.73622,0,0.508056744947354,0
22558,"Morera","16/06/2011 11:15","Alto (> 8 mts)",128,"Grande",-68.8624018156,-32.9002473346,5,"Residencial Sur",2423808.92355,0,0.528300286662378,0
24692,"Olmo comun","14/01/2011 12:41","Alto (> 8 mts)",230,"Grande",-68.8427622514,-32.8965299545,2,"Barrio Civico",2366816.36021,0,0.486183003876967,0
18272,"Fresno europeo","04/08/2011 10:17","Medio (4 - 8 mts)",30,"Mediano",-68.8393173486,-32.8693614143,4,"Cuarta Oeste",1173332.70145,0,0.531152423462778,0
41623,"Pltano","05/05/2011 11:35","Alto (> 8 mts)",186,"Grande",-68.8363412032,-32.8784960858,1,"Parque Central",1655357.93265,0,0.250676671228292,0
14118,"Acacia SP","01/12/2011 13:22","Medio (4 - 8 mts)",80,"Grande",-68.8761799063,-32.8672386762,8,"Aeroparque",2203364.73622,0,0.524370565231058,0
28039,"Morera","16/03/2011 19:24","Alto (> 8 mts)",88,"Grande",-68.8467809104,-32.8934193398,2,"Barrio Civico",2366816.36021,0,0.673502561013323,0
13128,"Morera","17/02/2011 12:28","Alto (> 8 mts)",160,"Grande",-68.8455469651,-32.8650195228,4,"Cuarta Oeste",1173332.70145,0,0.255648621919651,0
44791,"Fresno europeo","23/08/2011 11:21","Muy bajo (1 - 2 mts)",3,"Chico",-68.8230631589,-32.8694385307,4,"Cuarta Este Área Fundacional",1822015.85685,0,0.974803326779942,0
14075,"Paraiso","02/12/2011 10:22","Medio (4 - 8 mts)",22,"Mediano",-68.8762751054,-32.8684391558,8,"Aeroparque",2203364.73622,0,0.398208989898341,0
28284,"Morera","10/03/2011 17:19","Alto (> 8 mts)",122,"Grande",-68.8505263444,-32.8924806948,5,"Residencial Sur",2423808.92355,0,0.667318877624141,0
44167,"Morera","26/09/2011 11:44","Medio (4 - 8 mts)",115,"Grande",-68.8349465757,-32.8771231513,1,"Parque Central",1655357.93265,0,0.0804132626752434,0
11429,"Acer","24/01/2011 12:06","Medio (4 - 8 mts)",41,"Mediano",-68.8515507396,-32.9020362928,2,"Barrio Civico",2366816.36021,0,0.525216757676586,0
14239,"Acer","07/12/2011 10:12","Bajo (2 - 4 mts)",25,"Mediano",-68.8775446047,-32.8666918446,8,"Aeroparque",2203364.73622,0,0.116753581626138,0
40071,"Morera","20/04/2011 09:45","Alto (> 8 mts)",180,"Grande",-68.8445953331,-32.8782739739,1,"Parque Central",1655357.93265,0,0.648771279454037,0
25360,"Caducifolio","11/02/2011 12:19","Alto (> 8 mts)",92,"Grande",-68.8389296521,-32.900349325,2,"Barrio Civico",2366816.36021,0,0.926317530102298,0
11677,"Paraiso","26/01/2011 13:18","Alto (> 8 mts)",160,"Grande",-68.8494311844,-32.8678765194,6,"Residencial Norte",2694682.37982,0,0.787208525887069,0
36545,"Olmo comun","04/04/2011 11:48","Alto (> 8 mts)",88,"Grande",-68.8557978512,-32.8793725814,6,"Residencial Norte",2694682.37982,1,0.537932958880451,0
45785,"Morera","23/08/2011 11:50","Alto (> 8 mts)",180,"Grande",-68.8216148911,-32.8701564766,4,"Cuarta Este Área Fundacional",1822015.85685,0,0.169338225762319,0
6224,"Pltano","11/04/2011 15:32","Medio (4 - 8 mts)",24,"Mediano",-68.8391720909,-32.8862529035,3,"Parque O'Higgins",1531146.02653,0,0.199018263879887,0
12504,"Prunas","26/01/2011 09:46","Muy bajo (1 - 2 mts)",33,"Mediano",-68.8483560675,-32.8679434485,6,"Residencial Norte",2694682.37982,0,0.00737435026004241,0
42317,"Pltano","05/05/2011 12:10","Bajo (2 - 4 mts)",38,"Mediano",-68.8417056364,-32.8732629782,4,"Cuarta Oeste",1173332.70145,0,0.771712589509689,0
44180,"Fresno europeo","17/10/2011 10:35","Alto (> 8 mts)",60,"Mediano",-68.8339933593,-32.8832442133,3,"Parque O'Higgins",1531146.02653,0,0.312504416367691,0
23874,"Morera","28/01/2011 09:35","Alto (> 8 mts)",160,"Grande",-68.851325683,-32.9000269698,2,"Barrio Civico",2366816.36021,0,0.551661422577365,0
42765,"Morera","30/09/2011 15:38","Medio (4 - 8 mts)",130,"Grande",-68.8308314101,-32.8787401472,4,"Cuarta Este Área Fundacional",1822015.85685,1,0.456011829943595,0
39258,"Morera","30/12/2010 09:07","Alto (> 8 mts)",170,"Grande",-68.8551687224,-32.8719077234,6,"Residencial Norte",2694682.37982,0,0.839853824045642,0
28028,"Morera","16/03/2011 18:38","Alto (> 8 mts)",178,"Grande",-68.8458484097,-32.8929012452,2,"Barrio Civico",2366816.36021,0,0.675423023231232,0
20802,"Olmo comun","01/06/2011 12:29","Alto (> 8 mts)",118,"Grande",-68.8629887573,-32.896212486,5,"Residencial Sur",2423808.92355,0,0.680662599863605,0
44273,"Pltano","13/10/2011 10:33","Alto (> 8 mts)",240,"Grande",-68.8352965466,-32.8841020705,3,"Parque O'Higgins",1531146.02653,0,0.780486617671585,0
35753,"Fresno europeo","04/03/2011 12:31","Alto (> 8 mts)",65,"Grande",-68.8552828414,-32.8730904275,6,"Residencial Norte",2694682.37982,0,0.957710648674592,0
31725,"Morera","18/05/2011 09:43","Alto (> 8 mts)",140,"Grande",-68.8603100322,-32.89039909,5,"Residencial Sur",2423808.92355,0,0.769099185473188,0
2691,"Fresno europeo","11/10/2011 12:33","Medio (4 - 8 mts)",22,"Mediano",-68.8298159517,-32.8836307944,3,"Parque O'Higgins",1531146.02653,0,0.200792994348288,0
37658,"Fresno europeo","29/02/2012 07:50","Medio (4 - 8 mts)",65,"Grande",-68.8525218561,-32.8725577244,6,"Residencial Norte",2694682.37982,0,0.577463403816853,0
7577,"Morera","23/06/2011 10:13","Bajo (2 - 4 mts)",50,"Mediano",-68.8543170457,-32.8833082808,5,"Residencial Sur",2423808.92355,0,0.0864151112994999,0
26541,"Pltano","21/10/2011 13:34","Alto (> 8 mts)",200,"Grande",-68.8315090867,-32.8908386134,3,"Parque O'Higgins",1531146.02653,0,0.0185272242164179,0
30181,"Morera","09/03/2011 13:09","Alto (> 8 mts)",180,"Grande",-68.8426328098,-32.8899459142,2,"Barrio Civico",2366816.36021,0,0.0528771423271984,0
3231,"Paraiso","22/09/2011 08:06","Alto (> 8 mts)",86,"Grande",-68.821913749,-32.8718918696,4,"Cuarta Este Área Fundacional",1822015.85685,0,0.386067827390368,0
32618,"Pltano","21/06/2011 14:10","Alto (> 8 mts)",181,"Grande",-68.8524925282,-32.8894558707,5,"Residencial Sur",2423808.92355,0,0.759957049397202,0
31544,"Morera","18/05/2011 10:18","Alto (> 8 mts)",111,"Grande",-68.8599565132,-32.8902857505,5,"Residencial Sur",2423808.92355,1,0.976217419832409,0
33783,"Fresno europeo","13/05/2011 11:07","Medio (4 - 8 mts)",100,"Grande",-68.855415102,-32.8854965562,5,"Residencial Sur",2423808.92355,0,0.897091049551909,0
36068,"Morera","18/03/2011 11:41","Alto (> 8 mts)",145,"Grande",-68.856560214,-32.8759082497,6,"Residencial Norte",2694682.37982,0,0.201223665648245,0
20227,"Morera","26/05/2011 12:36","Alto (> 8 mts)",105,"Grande",-68.8603644094,-32.893614763,5,"Residencial Sur",2423808.92355,0,0.892646254759995,0
40337,"Morera","08/04/2011 12:02","Alto (> 8 mts)",140,"Grande",-68.8444727912,-32.8804287806,1,"Parque Central",1655357.93265,0,0.519332702555903,0
22579,"Morera","16/06/2011 09:53","Alto (> 8 mts)",148,"Grande",-68.8612237834,-32.8996629996,5,"Residencial Sur",2423808.92355,1,0.558403789313179,0
42067,"Fresno europeo","12/04/2011 12:14","Bajo (2 - 4 mts)",50,"Mediano",-68.8421180938,-32.8801920215,1,"Parque Central",1655357.93265,0,0.42760564376732,0
17007,"Fresno americano","15/08/2011 10:56","Medio (4 - 8 mts)",115,"Grande",-68.8368456044,-32.8645963192,4,"Cuarta Oeste",1173332.70145,0,0.707765089605866,0
44518,"Pltano","18/10/2011 10:04","Alto (> 8 mts)",280,"Grande",-68.8354820431,-32.8855798292,3,"Parque O'Higgins",1531146.02653,1,0.191329020304345,0
31087,"Paraiso sombrilla","09/02/2011 09:30","Medio (4 - 8 mts)",120,"Grande",-68.8542173966,-32.8650697879,6,"Residencial Norte",2694682.37982,0,0.611583656679963,0
32530,"Fresno europeo","23/06/2011 13:13","Medio (4 - 8 mts)",109,"Grande",-68.85021678,-32.8899786283,5,"Residencial Sur",2423808.92355,0,0.0400778455271381,0
38881,"Fresno europeo","09/12/2010 09:43","Bajo (2 - 4 mts)",38,"Mediano",-68.8486180545,-32.8717856381,6,"Residencial Norte",2694682.37982,0,0.363879905311307,0
24989,"Olmo comun","16/02/2011 08:49","Medio (4 - 8 mts)",107,"Grande",-68.8375015695,-32.8966263497,2,"Barrio Civico",2366816.36021,0,0.462564349974298,0
8328,"Morera","16/03/2011 19:36","Alto (> 8 mts)",132,"Grande",-68.8467703704,-32.8937259505,2,"Barrio Civico",2366816.36021,0,0.611013575544947,0
6459,"Acacia SP","26/05/2011 13:14","Muy bajo (1 - 2 mts)",7,"Chico",-68.8525084077,-32.8893130812,5,"Residencial Sur",2423808.92355,0,0.283870128256118,0
41664,"Olmo bola","27/04/2011 13:13","Alto (> 8 mts)",128,"Grande",-68.838260883,-32.876401064,1,"Parque Central",1655357.93265,0,0.0128616514056017,0
46210,"Paraiso sombrilla","27/09/2011 12:23","Medio (4 - 8 mts)",130,"Grande",-68.8258580833,-32.8755100398,4,"Cuarta Este Área Fundacional",1822015.85685,0,0.150012731990426,0
13718,"Morera","28/01/2011 13:34","Alto (> 8 mts)",200,"Grande",-68.8512506349,-32.8636920506,6,"Residencial Norte",2694682.37982,0,0.882630146966989,0
415,"Morera","06/03/2012 12:34","Medio (4 - 8 mts)",70,"Grande",-68.8183360151,-32.8673146478,4,"Cuarta Este Área Fundacional",1822015.85685,0,0.953992447372817,0
41330,"Pltano","19/04/2011 11:35","Alto (> 8 mts)",175,"Grande",-68.8404386539,-32.8835382357,1,"Parque Central",1655357.93265,0,0.320299507066448,0
41230,"Morera","15/04/2011 12:59","Alto (> 8 mts)",120,"Grande",-68.838426808,-32.8814792529,1,"Parque Central",1655357.93265,0,0.803420137632267,0
38151,"Ligustro","20/10/2010 11:53","Medio (4 - 8 mts)",109,"Grande",-68.8465423728,-32.8705686116,6,"Residencial Norte",2694682.37982,0,0.771600479794095,0
14161,"Acacia SP","30/11/2011 10:30","Alto (> 8 mts)",70,"Grande",-68.8767399649,-32.8671709105,8,"Aeroparque",2203364.73622,0,0.313641899242325,0
27989,"Morera","31/10/2011 09:09","Medio (4 - 8 mts)",65,"Grande",-68.8373213154,-32.8937024158,2,"Barrio Civico",2366816.36021,1,0.596559882418533,0
12485,"Paraiso","25/01/2011 09:50","Medio (4 - 8 mts)",86,"Grande",-68.8493685821,-32.8672198822,6,"Residencial Norte",2694682.37982,0,0.184842328758993,0
12868,"Olmo bola","19/01/2011 09:22","Medio (4 - 8 mts)",100,"Grande",-68.845969255,-32.8643131207,4,"Cuarta Oeste",1173332.70145,0,0.108163035644324,0
9541,"Paraiso sombrilla","08/02/2011 12:26","Alto (> 8 mts)",140,"Grande",-68.8548764024,-32.8647616874,6,"Residencial Norte",2694682.37982,0,0.730677202192757,0
17472,"Morera","16/01/2012 09:56","Alto (> 8 mts)",175,"Grande",-68.8359395568,-32.8688479109,4,"Cuarta Oeste",1173332.70145,1,0.927570798586267,0
39570,"Paraiso","28/10/2010 11:31","Alto (> 8 mts)",140,"Grande",-68.8501045732,-32.8693081725,6,"Residencial Norte",2694682.37982,0,0.116889302143365,0
7902,"Tilo","15/06/2011 13:31","Medio (4 - 8 mts)",50,"Mediano",-68.8559497834,-32.8889740547,5,"Residencial Sur",2423808.92355,0,0.766069082789324,0
35647,"Morera","15/03/2011 11:54","Medio (4 - 8 mts)",110,"Grande",-68.8558158898,-32.8745008417,6,"Residencial Norte",2694682.37982,0,0.684210618928863,0
20880,"Caducifolio","26/05/2011 10:35","Muy bajo (1 - 2 mts)",4,"Chico",-68.8606239035,-32.8951869708,5,"Residencial Sur",2423808.92355,0,0.360145056032323,0
1003,"Paraiso","19/04/2011 13:27","Medio (4 - 8 mts)",54,"Mediano",-68.8377638554,-32.8789473304,1,"Parque Central",1655357.93265,0,0.991606827915556,0
30299,"Morera","11/03/2011 09:01","Alto (> 8 mts)",130,"Grande",-68.8414100581,-32.890357493,2,"Barrio Civico",2366816.36021,0,0.203424489184011,0
26082,"Fresno americano","04/11/2011 17:14","Bajo (2 - 4 mts)",180,"Grande",-68.8328982738,-32.8861478041,3,"Parque O'Higgins",1531146.02653,0,0.135169663841068,0
47335,"Morera","21/09/2011 14:27","Medio (4 - 8 mts)",117,"Grande",-68.8315934518,-32.8740346072,4,"Cuarta Este Área Fundacional",1822015.85685,0,0.955183961249607,0
46474,"Olmo bola","17/08/2011 13:57","Medio (4 - 8 mts)",26,"Mediano",-68.8312145026,-32.8684194282,4,"Cuarta Este Área Fundacional",1822015.85685,0,0.831335067454436,0
41508,"Olmo comun","07/04/2011 10:54","Medio (4 - 8 mts)",120,"Grande",-68.8435087574,-32.8816055496,1,"Parque Central",1655357.93265,0,0.267457472620077,0
38240,"Fresno europeo","18/01/2012 10:45","Medio (4 - 8 mts)",125,"Grande",-68.8470161588,-32.8729240565,6,"Residencial Norte",2694682.37982,0,0.843461981876319,0
16525,"Morera","19/07/2011 11:25","Alto (> 8 mts)",190,"Grande",-68.8416782052,-32.8645277777,4,"Cuarta Oeste",1173332.70145,0,0.721441338884459,0
30404,"Morera","04/03/2011 09:33","Alto (> 8 mts)",120,"Grande",-68.8397646168,-32.8905019934,3,"Parque O'Higgins",1531146.02653,0,0.605377098341193,0
44658,"Fresno europeo","19/08/2011 11:17","Alto (> 8 mts)",170,"Grande",-68.8227487492,-32.867544103,4,"Cuarta Este Área Fundacional",1822015.85685,0,0.570984710805895,0
24488,"Olmo comun","10/01/2011 13:16","Alto (> 8 mts)",136,"Grande",-68.8466046105,-32.9028551244,2,"Barrio Civico",2366816.36021,0,0.344545571145306,0
29887,"Fresno europeo","11/03/2011 12:15","Muy bajo (1 - 2 mts)",12,"Chico",-68.8411337063,-32.8915438456,2,"Barrio Civico",2366816.36021,0,0.699504500070696,0
35086,"Fresno europeo","21/03/2011 12:17","Medio (4 - 8 mts)",44,"Mediano",-68.8547844104,-32.8804086265,6,"Residencial Norte",2694682.37982,0,0.826653890908904,0
5431,"Morera","18/04/2011 12:33","Medio (4 - 8 mts)",60,"Mediano",-68.8427940898,-32.8794290227,1,"Parque Central",1655357.93265,0,0.560870392327771,0
9425,"Paraiso sombrilla","14/02/2011 12:32","Alto (> 8 mts)",150,"Grande",-68.8562814948,-32.8649091541,6,"Residencial Norte",2694682.37982,0,0.269603730744374,0
2190,"Morera","04/11/2011 16:38","Bajo (2 - 4 mts)",60,"Mediano",-68.8327355617,-32.8870032957,3,"Parque O'Higgins",1531146.02653,0,0.656319518853815,0
24378,"Morera","21/01/2011 14:01","Alto (> 8 mts)",116,"Grande",-68.8449915658,-32.9036982391,2,"Barrio Civico",2366816.36021,0,0.0371679994850094,0
4449,"Caducifolio","02/08/2011 10:03","Bajo (2 - 4 mts)",20,"Chico",-68.8386376812,-32.867604814,4,"Cuarta Oeste",1173332.70145,1,0.59435166086782,0
30729,"Morera","04/02/2011 12:20","Alto (> 8 mts)",148,"Grande",-68.8555938388,-32.8679793078,6,"Residencial Norte",2694682.37982,0,0.00403830527968774,0
45331,"Fresno europeo","16/09/2011 11:51","Alto (> 8 mts)",210,"Grande",-68.8246044834,-32.872348574,4,"Cuarta Este Área Fundacional",1822015.85685,0,0.883325773090112,0
6840,"Paraiso","07/06/2011 13:15","Alto (> 8 mts)",150,"Grande",-68.8553102245,-32.895652618,5,"Residencial Sur",2423808.92355,0,0.290295560628955,0
19834,"Morera","04/08/2011 10:07","Alto (> 8 mts)",110,"Grande",-68.8347326049,-32.864700036,4,"Cuarta Oeste",1173332.70145,0,0.331736522931868,0
9855,"Paraiso sombrilla","06/01/2011 14:27","Medio (4 - 8 mts)",53,"Mediano",-68.8438114148,-32.8631952331,4,"Cuarta Oeste",1173332.70145,0,0.139572873618432,0
36810,"Pltano","07/04/2011 12:46","Alto (> 8 mts)",170,"Grande",-68.8581491004,-32.8813811766,7,"Residencial Parque",1786336.08966,0,0.147759519770323,0
11545,"Paraiso","22/02/2011 09:52","Alto (> 8 mts)",210,"Grande",-68.8536872729,-32.865656005,6,"Residencial Norte",2694682.37982,0,0.151406753579922,0
36314,"Morera","01/04/2011 12:33","Medio (4 - 8 mts)",160,"Grande",-68.8527934865,-32.876976348,6,"Residencial Norte",2694682.37982,0,0.407849777762517,0
4794,"Caducifolio","02/08/2011 13:29","Medio (4 - 8 mts)",46,"Mediano",-68.8374261936,-32.867424994,4,"Cuarta Oeste",1173332.70145,0,0.412835420563605,0
5582,"Fresno europeo","15/04/2011 13:48","Medio (4 - 8 mts)",50,"Mediano",-68.8388791598,-32.8820360321,1,"Parque Central",1655357.93265,0,0.147496234252686,0
26475,"Paraiso","09/11/2011 09:47","Medio (4 - 8 mts)",90,"Grande",-68.8316688918,-32.8914451257,3,"Parque O'Higgins",1531146.02653,0,0.715598136470292,0
35604,"Fresno europeo","16/03/2011 13:06","Muy bajo (1 - 2 mts)",5,"Chico",-68.856616405,-32.8739263007,6,"Residencial Norte",2694682.37982,0,0.25551416337271,0
18750,"Morera","12/07/2011 09:56","Alto (> 8 mts)",130,"Grande",-68.8369292008,-32.8732692861,4,"Cuarta Oeste",1173332.70145,0,0.295020703495907,0
3536,"Paraiso","05/09/2011 10:51","Alto (> 8 mts)",220,"Grande",-68.8335743049,-32.8688578197,4,"Cuarta Oeste",1173332.70145,0,0.797271004509689,0
2263,"Fresno europeo","27/10/2011 10:13","Medio (4 - 8 mts)",60,"Mediano",-68.8374756795,-32.8928939548,3,"Parque O'Higgins",1531146.02653,0,0.739107203469993,0
14670,"Aguaribay","15/12/2011 17:12","Medio (4 - 8 mts)",160,"Grande",-68.8817654834,-32.8672944107,8,"Aeroparque",2203364.73622,0,0.126629767522928,0
11101,"Morera","29/03/2011 09:11","Alto (> 8 mts)",126,"Grande",-68.8528445437,-32.8812318646,1,"Parque Central",1655357.93265,0,0.191730591248477,0
25877,"Fresno europeo","04/02/2011 14:11","Medio (4 - 8 mts)",62,"Grande",-68.839153566,-32.9018542135,2,"Barrio Civico",2366816.36021,0,0.642753981731612,0
2812,"Paraiso","10/11/2011 14:35","Medio (4 - 8 mts)",97,"Grande",-68.8289601716,-32.8850436524,3,"Parque O'Higgins",1531146.02653,0,0.348211101043527,0
10622,"Morera","17/03/2011 10:32","Medio (4 - 8 mts)",88,"Grande",-68.8571578041,-32.8746919832,6,"Residencial Norte",2694682.37982,1,0.402055105341381,0
2083,"Fresno europeo","22/11/2011 12:40","Alto (> 8 mts)",65,"Grande",-68.8295986898,-32.8820234602,3,"Parque O'Higgins",1531146.02653,0,0.920964176849558,0
46358,"Morera","19/09/2011 13:51","Alto (> 8 mts)",130,"Grande",-68.8254651187,-32.8742850827,4,"Cuarta Este Área Fundacional",1822015.85685,0,0.472466055833932,0
7379,"Acacia SP","22/06/2011 09:18","Medio (4 - 8 mts)",50,"Mediano",-68.8625956957,-32.9008972968,5,"Residencial Sur",2423808.92355,0,0.311634561244289,0
11123,"Fresno europeo","18/01/2011 13:55","Bajo (2 - 4 mts)",45,"Mediano",-68.8429749272,-32.901029767,2,"Barrio Civico",2366816.36021,0,0.434177447522985,0
22565,"Morera","16/06/2011 11:00","Alto (> 8 mts)",118,"Grande",-68.8619709784,-32.9003548966,5,"Residencial Sur",2423808.92355,0,0.541829516275588,0
32922,"Morera","19/05/2011 10:15","Medio (4 - 8 mts)",100,"Grande",-68.8509158271,-32.8867848126,5,"Residencial Sur",2423808.92355,0,0.386349380953975,0
10050,"Fresno europeo","28/10/2010 10:08","Medio (4 - 8 mts)",75,"Grande",-68.8479286758,-32.8702556925,6,"Residencial Norte",2694682.37982,0,0.118363165650806,0
31681,"Pltano","19/05/2011 09:02","Alto (> 8 mts)",200,"Grande",-68.8605163613,-32.8911906161,5,"Residencial Sur",2423808.92355,0,0.0210736721762269,0
28327,"Fresno americano","11/03/2011 12:34","Alto (> 8 mts)",140,"Grande",-68.848129636,-32.8885491533,5,"Residencial Sur",2423808.92355,0,0.95209034242752,0
34636,"Morera","31/03/2011 12:02","Alto (> 8 mts)",116,"Grande",-68.8488214426,-32.8765677418,6,"Residencial Norte",2694682.37982,0,0.489016821822399,0
10598,"Caducifolio","30/03/2011 13:08","Medio (4 - 8 mts)",34,"Mediano",-68.8514886627,-32.8759400337,6,"Residencial Norte",2694682.37982,0,0.240586045331175,0
6542,"Morera","19/05/2011 09:35","Alto (> 8 mts)",140,"Grande",-68.8580542554,-32.8915439516,5,"Residencial Sur",2423808.92355,0,0.444937944432287,0
39609,"Morera","25/10/2010 10:47","Alto (> 8 mts)",180,"Grande",-68.8484023957,-32.868755588,6,"Residencial Norte",2694682.37982,0,0.534798723096113,0
17457,"Morera","29/07/2011 09:17","Alto (> 8 mts)",175,"Grande",-68.8356305678,-32.8669848514,4,"Cuarta Oeste",1173332.70145,0,0.0551317582850148,0
34649,"Morera","01/04/2011 09:23","Alto (> 8 mts)",180,"Grande",-68.8493818909,-32.8765135048,6,"Residencial Norte",2694682.37982,0,0.69592731852229,0
559,"Morera","09/03/2012 07:46","Medio (4 - 8 mts)",180,"Grande",-68.8189861651,-32.8683121851,4,"Cuarta Este Área Fundacional",1822015.85685,1,0.122857640463511,0
17359,"Morera","04/08/2011 08:02","Alto (> 8 mts)",185,"Grande",-68.8353707105,-32.8649083573,4,"Cuarta Oeste",1173332.70145,0,0.358989164700345,0
12114,"Paraiso","20/01/2011 09:42","Alto (> 8 mts)",120,"Grande",-68.8475213291,-32.8684778638,6,"Residencial Norte",2694682.37982,0,0.0523779912076603,0
38343,"Paraiso","09/11/2010 12:43","Alto (> 8 mts)",95,"Grande",-68.8537635567,-32.8696741243,6,"Residencial Norte",2694682.37982,0,0.0496423712955655,0
8116,"Acacia SP","16/03/2011 12:37","Alto (> 8 mts)",116,"Grande",-68.8407165948,-32.8907136058,3,"Parque O'Higgins",1531146.02653,0,0.672487423685775,0
22829,"Fresno europeo","14/06/2011 11:59","Alto (> 8 mts)",76,"Grande",-68.857247123,-32.9018099557,5,"Residencial Sur",2423808.92355,0,0.69492867574407,0
190,"Paraiso sombrilla","24/02/2012 11:14","Bajo (2 - 4 mts)",60,"Mediano",-68.8580625525,-32.8646558255,6,"Residencial Norte",2694682.37982,0,0.804499164126429,0
42463,"Fresno europeo","30/09/2011 17:22","Alto (> 8 mts)",128,"Grande",-68.8321148764,-32.8759166916,4,"Cuarta Este Área Fundacional",1822015.85685,0,0.209871013795678,0
33536,"Fresno europeo","31/05/2011 11:40","Medio (4 - 8 mts)",55,"Mediano",-68.8556090742,-32.888223758,5,"Residencial Sur",2423808.92355,0,0.879136888294425,0
13392,"Morera","10/01/2011 11:46","Medio (4 - 8 mts)",50,"Mediano",-68.8441248187,-32.866891217,4,"Cuarta Oeste",1173332.70145,0,0.13197298778349,0
38610,"Morera","17/12/2010 13:39","Alto (> 8 mts)",95,"Grande",-68.8524420319,-32.8709956378,6,"Residencial Norte",2694682.37982,0,0.822986975678455,0
26336,"Pltano","20/10/2011 11:47","Alto (> 8 mts)",168,"Grande",-68.8327290895,-32.8896807664,3,"Parque O'Higgins",1531146.02653,0,0.619072536371905,0
14320,"Acer","06/12/2011 08:23","Medio (4 - 8 mts)",70,"Grande",-68.8773707868,-32.8673613833,8,"Aeroparque",2203364.73622,0,0.540484359426622,0
700,"Pltano","09/08/2011 10:55","Alto (> 8 mts)",350,"Grande",-68.833127476,-32.8647464805,4,"Cuarta Oeste",1173332.70145,0,0.0160029849676302,0
24559,"Morera","28/01/2011 14:03","Alto (> 8 mts)",138,"Grande",-68.8434659389,-32.90212853,2,"Barrio Civico",2366816.36021,0,0.0402733153171413,0
17907,"Paraiso","01/08/2011 09:32","Alto (> 8 mts)",120,"Grande",-68.8365613021,-32.8670346974,4,"Cuarta Oeste",1173332.70145,0,0.201028972728602,0
19105,"Morera","27/07/2011 09:07","Alto (> 8 mts)",150,"Grande",-68.8409838823,-32.8707885356,4,"Cuarta Oeste",1173332.70145,1,0.671462353441436,0
2745,"Pltano","13/10/2011 11:49","Alto (> 8 mts)",190,"Grande",-68.8351241944,-32.8836803465,3,"Parque O'Higgins",1531146.02653,0,0.845641841549589,0
46,"Fresno europeo","01/03/2012 12:38","Bajo (2 - 4 mts)",16,"Chico",-68.8556066986,-32.8968926954,5,"Residencial Sur",2423808.92355,0,0.822082921437943,0
35947,"Paraiso","23/03/2011 09:56","Muy bajo (1 - 2 mts)",2,"Chico",-68.8540457611,-32.8754022861,6,"Residencial Norte",2694682.37982,0,0.608567178293004,0
36387,"Fresno europeo","21/03/2011 12:50","Alto (> 8 mts)",111,"Grande",-68.8517484841,-32.8798925426,6,"Residencial Norte",2694682.37982,0,0.229248221644751,0
28125,"Pltano","14/03/2011 15:42","Alto (> 8 mts)",108,"Grande",-68.8465962358,-32.8916536831,2,"Barrio Civico",2366816.36021,0,0.190516013951717,0
4845,"Paraiso","27/07/2011 11:14","Alto (> 8 mts)",157,"Grande",-68.8385353497,-32.8657958227,4,"Cuarta Oeste",1173332.70145,0,0.652021669814862,0
5379,"lamo blanco","25/04/2011 09:19","Medio (4 - 8 mts)",60,"Mediano",-68.8448821244,-32.87706683,1,"Parque Central",1655357.93265,0,0.33617440988189,0
38379,"Morera","05/11/2010 11:46","Alto (> 8 mts)",210,"Grande",-68.8530294815,-32.8697282719,6,"Residencial Norte",2694682.37982,1,0.366705336347247,0
9160,"Ligustro","01/03/2011 13:39","Medio (4 - 8 mts)",60,"Mediano",-68.8511823623,-32.8661479313,6,"Residencial Norte",2694682.37982,0,0.0439097162683721,0
10940,"Fresno europeo","07/04/2011 16:18","Alto (> 8 mts)",74,"Grande",-68.8586097914,-32.8794150234,7,"Residencial Parque",1786336.08966,0,0.353069883624745,0
25045,"Fresno europeo","14/02/2011 12:33","Alto (> 8 mts)",140,"Grande",-68.8366213584,-32.896390435,2,"Barrio Civico",2366816.36021,0,0.285077734783689,0
41814,"Paraiso","26/04/2011 10:19","Medio (4 - 8 mts)",80,"Grande",-68.8428151461,-32.8784375736,1,"Parque Central",1655357.93265,1,0.721617696782217,0
20013,"Fresno americano","11/08/2011 09:46","Alto (> 8 mts)",117,"Grande",-68.8332633074,-32.8669062964,4,"Cuarta Oeste",1173332.70145,0,0.171511185345958,0
17255,"Morera","12/08/2011 08:57","Alto (> 8 mts)",207,"Grande",-68.8364019993,-32.863779255,4,"Cuarta Oeste",1173332.70145,0,0.365718398836929,0
47381,"Morera","21/09/2011 11:40","Medio (4 - 8 mts)",180,"Grande",-68.8292543336,-32.8747515286,4,"Cuarta Este Área Fundacional",1822015.85685,0,0.694707067901326,0
14774,"Paraiso","06/12/2011 13:21","Bajo (2 - 4 mts)",38,"Mediano",-68.8791979603,-32.8688969068,8,"Aeroparque",2203364.73622,0,0.112616364795975,0
23557,"Morera","01/02/2011 16:15","Alto (> 8 mts)",132,"Grande",-68.8510214845,-32.9030886829,2,"Barrio Civico",2366816.36021,0,0.381593554656206,0
22427,"Morera","15/06/2011 09:32","Medio (4 - 8 mts)",62,"Grande",-68.859670123,-32.8991130378,5,"Residencial Sur",2423808.92355,0,0.0760023432803095,0
30481,"Fresno americano","17/02/2011 12:30","Alto (> 8 mts)",180,"Grande",-68.8400559703,-32.8893084854,3,"Parque O'Higgins",1531146.02653,0,0.397599752760632,0
13254,"Morera","22/02/2011 13:17","Medio (4 - 8 mts)",62,"Grande",-68.8471015238,-32.8658723341,6,"Residencial Norte",2694682.37982,0,0.403379379578702,0
14766,"Paraiso sombrilla","06/12/2011 17:04","Bajo (2 - 4 mts)",44,"Mediano",-68.8792920814,-32.8692643302,8,"Aeroparque",2203364.73622,0,0.475555366844091,0
33124,"Fresno europeo","27/06/2011 11:10","Medio (4 - 8 mts)",18,"Chico",-68.8541372941,-32.8904892612,5,"Residencial Sur",2423808.92355,0,0.349943389066355,0
21691,"Morera","10/06/2011 08:17","Alto (> 8 mts)",140,"Grande",-68.8569232162,-32.8951863079,5,"Residencial Sur",2423808.92355,0,0.065455832959801,0
31377,"Fresno europeo","23/05/2011 13:13","Medio (4 - 8 mts)",130,"Grande",-68.8511473774,-32.8840512195,1,"Parque Central",1655357.93265,0,0.843178959033283,0
10501,"Morera","11/03/2011 09:49","Muy bajo (1 - 2 mts)",16,"Chico",-68.8498983453,-32.8739707694,6,"Residencial Norte",2694682.37982,0,0.0951869625204872,0
23687,"Morera","21/01/2011 12:40","Alto (> 8 mts)",132,"Grande",-68.8487573119,-32.8997477442,2,"Barrio Civico",2366816.36021,0,0.0538629616298338,0
16212,"Morera","14/07/2011 12:11","Alto (> 8 mts)",180,"Grande",-68.8433787194,-32.8684714971,4,"Cuarta Oeste",1173332.70145,0,0.0806672232399585,0
17576,"Acer","28/07/2011 09:34","Medio (4 - 8 mts)",160,"Grande",-68.840645992,-32.8663257094,4,"Cuarta Oeste",1173332.70145,0,0.6415549634802,0
37727,"Fresno europeo","14/01/2012 10:05","Medio (4 - 8 mts)",120,"Grande",-68.8509910726,-32.8728327115,6,"Residencial Norte",2694682.37982,0,0.575277874252328,0
22464,"Morera","24/06/2011 10:25","Bajo (2 - 4 mts)",27,"Mediano",-68.8611722959,-32.8991636765,5,"Residencial Sur",2423808.92355,0,0.180988881648325,0
831,"Aguaribay","15/12/2011 08:12","Medio (4 - 8 mts)",110,"Grande",-68.8817256858,-32.8671629744,8,"Aeroparque",2203364.73622,0,0.465476270532244,0
27730,"Fresno europeo","31/10/2011 09:50","Medio (4 - 8 mts)",36,"Mediano",-68.8354827981,-32.8953293657,2,"Barrio Civico",2366816.36021,0,0.719713902912739,0
21189,"Pltano","06/05/2011 09:18","Alto (> 8 mts)",195,"Grande",-68.8525896148,-32.8928307947,5,"Residencial Sur",2423808.92355,0,0.962169897012015,0
5818,"Paraiso","03/05/2011 11:27","Medio (4 - 8 mts)",91,"Grande",-68.8430655107,-32.8749381037,1,"Parque Central",1655357.93265,0,0.0113585290065399,0
22436,"Fresno europeo","15/06/2011 09:02","Alto (> 8 mts)",78,"Grande",-68.8595877267,-32.8982931283,5,"Residencial Sur",2423808.92355,0,0.543887431206692,0
20595,"Tipa","30/05/2011 10:32","Alto (> 8 mts)",210,"Grande",-68.862225561,-32.8969416789,5,"Residencial Sur",2423808.92355,0,0.456351498268714,0
23670,"Fresno europeo","25/01/2011 10:32","Medio (4 - 8 mts)",124,"Grande",-68.8487654894,-32.9010792636,2,"Barrio Civico",2366816.36021,0,0.744645244800914,0
23094,"Paraiso","19/01/2011 14:41","Alto (> 8 mts)",184,"Grande",-68.8478183533,-32.9013216609,2,"Barrio Civico",2366816.36021,0,0.566013858219849,0
41666,"Morera","26/04/2011 10:00","Alto (> 8 mts)",146,"Grande",-68.8373091789,-32.8772262318,1,"Parque Central",1655357.93265,0,0.26588607467349,0
25792,"Fresno europeo","02/02/2011 10:21","Medio (4 - 8 mts)",110,"Grande",-68.8396227061,-32.9042576881,2,"Barrio Civico",2366816.36021,0,0.508552088396162,0
35943,"Morera","23/03/2011 09:47","Alto (> 8 mts)",130,"Grande",-68.8540499445,-32.8756533225,6,"Residencial Norte",2694682.37982,0,0.742166136695359,0
37215,"Pltano","14/03/2011 11:10","Alto (> 8 mts)",130,"Grande",-68.8584524631,-32.8724929154,6,"Residencial Norte",2694682.37982,0,0.634763859144737,0
10519,"Morera","17/03/2011 11:42","Muy bajo (1 - 2 mts)",7,"Chico",-68.8588524478,-32.8750123816,7,"Residencial Parque",1786336.08966,0,0.658989385210043,0
11112,"Olmo comun","29/03/2011 13:03","Alto (> 8 mts)",70,"Grande",-68.8520856165,-32.8817269528,1,"Parque Central",1655357.93265,1,0.0206596975036502,0
28818,"Morera","28/04/2011 13:17","Alto (> 8 mts)",180,"Grande",-68.8473959212,-32.885118623,1,"Parque Central",1655357.93265,1,0.208702629945936,0
1508,"Jacarand","24/11/2011 07:30","Medio (4 - 8 mts)",30,"Mediano",-68.8718229998,-32.8759245189,7,"Residencial Parque",1786336.08966,0,0.711849140399555,0
16721,"Fresno europeo","21/07/2011 10:32","Medio (4 - 8 mts)",87,"Grande",-68.8408030782,-32.8625352271,4,"Cuarta Oeste",1173332.70145,0,0.937147929261488,0
26544,"Fresno europeo","21/10/2011 10:23","Bajo (2 - 4 mts)",29,"Mediano",-68.8315203417,-32.8910469192,3,"Parque O'Higgins",1531146.02653,0,0.150248736451473,0
22746,"Morera","12/05/2011 10:39","Medio (4 - 8 mts)",30,"Mediano",-68.8542726261,-32.9017261188,5,"Residencial Sur",2423808.92355,0,0.4055635837968,0
32959,"Morera","23/05/2011 12:26","Alto (> 8 mts)",150,"Grande",-68.8497244534,-32.8880500836,5,"Residencial Sur",2423808.92355,0,0.708041570845536,0
39744,"Paraiso","02/05/2011 12:19","Alto (> 8 mts)",160,"Grande",-68.8460715525,-32.8799371428,1,"Parque Central",1655357.93265,0,0.113085861359832,0
25468,"Morera","08/02/2011 13:10","Alto (> 8 mts)",160,"Grande",-68.840524545,-32.9002573231,2,"Barrio Civico",2366816.36021,0,0.624191894902393,0
3895,"Morera","01/09/2011 11:21","Medio (4 - 8 mts)",196,"Grande",-68.8194260342,-32.8709315187,4,"Cuarta Este Área Fundacional",1822015.85685,0,0.236696096588028,0
20256,"Fresno europeo","17/05/2011 10:27","Alto (> 8 mts)",100,"Grande",-68.860028161,-32.8926034108,5,"Residencial Sur",2423808.92355,0,0.770531156607326,0
12388,"Morera","21/01/2011 10:18","Alto (> 8 mts)",150,"Grande",-68.847877264,-32.866314692,6,"Residencial Norte",2694682.37982,0,0.485023722168483,0
41137,"Pltano","27/04/2011 08:48","Alto (> 8 mts)",176,"Grande",-68.8393044529,-32.8837392135,1,"Parque Central",1655357.93265,0,0.261235369528275,0
9075,"Paraiso sombrilla","17/02/2011 12:51","Medio (4 - 8 mts)",55,"Mediano",-68.8545578175,-32.8659461838,6,"Residencial Norte",2694682.37982,0,0.511703176229904,0
36459,"Fresno europeo","18/03/2011 12:49","Bajo (2 - 4 mts)",14,"Chico",-68.8540377034,-32.8787307378,6,"Residencial Norte",2694682.37982,0,0.155895113442518,0
8957,"Fresno europeo","20/01/2011 14:17","Muy bajo (1 - 2 mts)",20,"Chico",-68.8481116169,-32.867519111,6,"Residencial Norte",2694682.37982,0,0.116523920381514,0
35368,"Fresno americano","21/06/2011 15:17","Bajo (2 - 4 mts)",70,"Grande",-68.8543027142,-32.8826733895,5,"Residencial Sur",2423808.92355,0,0.506979745736914,0
12377,"Morera","21/01/2011 14:07","Alto (> 8 mts)",130,"Grande",-68.8476177992,-32.8672415486,6,"Residencial Norte",2694682.37982,0,0.619540290359798,0
42339,"Morera","26/04/2011 14:02","Medio (4 - 8 mts)",45,"Mediano",-68.8373224994,-32.8758580196,1,"Parque Central",1655357.93265,0,0.235240128234402,0
9639,"Morera","26/01/2011 12:47","Alto (> 8 mts)",100,"Grande",-68.8492064551,-32.8643439205,6,"Residencial Norte",2694682.37982,0,0.989773938701059,0
4378,"Pltano","09/08/2011 11:45","Bajo (2 - 4 mts)",30,"Mediano",-68.8355270534,-32.8690260021,4,"Cuarta Oeste",1173332.70145,0,0.53226440823158,0
47610,"Morera","08/09/2011 11:06","Alto (> 8 mts)",230,"Grande",-68.8292420408,-32.8711306705,4,"Cuarta Este Área Fundacional",1822015.85685,0,0.993831623931488,0
17612,"Morera","19/07/2011 20:20","Alto (> 8 mts)",200,"Grande",-68.8434474031,-32.8662390219,4,"Cuarta Oeste",1173332.70145,1,0.846737759971286,0
48056,"Morera","27/09/2011 11:30","Alto (> 8 mts)",47,"Mediano",-68.8262820051,-32.8665255738,4,"Cuarta Este Área Fundacional",1822015.85685,0,0.659222710744301,0
40815,"Fresno americano","26/04/2011 17:03","Alto (> 8 mts)",154,"Grande",-68.8394972831,-32.884881458,3,"Parque O'Higgins",1531146.02653,0,0.734913766958013,0
344,"Morera","07/03/2012 09:40","Medio (4 - 8 mts)",110,"Grande",-68.8213236782,-32.8676052395,4,"Cuarta Este Área Fundacional",1822015.85685,0,0.23997516208652,0
47927,"Olmo comun","31/08/2011 11:47","Medio (4 - 8 mts)",108,"Grande",-68.8275468986,-32.8708363766,4,"Cuarta Este Área Fundacional",1822015.85685,0,0.808515737572996,0
40616,"Pltano","12/04/2011 14:02","Alto (> 8 mts)",200,"Grande",-68.8446435226,-32.8847965213,1,"Parque Central",1655357.93265,0,0.828234330779248,0
17419,"Morera","04/08/2011 12:23","Alto (> 8 mts)",185,"Grande",-68.8360368772,-32.8676940264,4,"Cuarta Oeste",1173332.70145,0,0.812137968168844,0
14646,"Acer","12/12/2011 12:25","Medio (4 - 8 mts)",50,"Mediano",-68.8798964944,-32.8654292721,8,"Aeroparque",2203364.73622,0,0.394632046971479,0
5354,"Morera","25/04/2011 12:28","Bajo (2 - 4 mts)",46,"Mediano",-68.8436920179,-32.8783133217,1,"Parque Central",1655357.93265,0,0.549993516123445,0
36626,"Pltano","15/06/2011 09:22","Alto (> 8 mts)",150,"Grande",-68.8583001618,-32.8820792582,7,"Residencial Parque",1786336.08966,0,0.359775456966539,0
21544,"Morera","08/06/2011 11:47","Alto (> 8 mts)",160,"Grande",-68.8542265695,-32.895013257,5,"Residencial Sur",2423808.92355,0,0.191253620238701,0
32581,"Paraiso","17/06/2011 10:14","Muy bajo (1 - 2 mts)",3,"Chico",-68.8530016431,-32.8896000195,5,"Residencial Sur",2423808.92355,0,0.841553338206084,0
21623,"Fresno europeo","10/06/2011 11:03","Alto (> 8 mts)",71,"Grande",-68.8539197988,-32.8960379088,5,"Residencial Sur",2423808.92355,0,0.355153540169766,0
4032,"Fresno europeo","22/09/2011 10:02","Medio (4 - 8 mts)",90,"Grande",-68.8295421647,-32.8730935074,4,"Cuarta Este Área Fundacional",1822015.85685,0,0.669694028584238,0
48089,"Morera","29/09/2011 10:04","Medio (4 - 8 mts)",35,"Mediano",-68.826772939,-32.8677417658,4,"Cuarta Este Área Fundacional",1822015.85685,0,0.0326457048116954,0
27967,"Morera","31/10/2011 09:50","Medio (4 - 8 mts)",70,"Grande",-68.8359729972,-32.8933298792,3,"Parque O'Higgins",1531146.02653,0,0.244507737583263,0
46685,"Morera","02/09/2011 10:07","Alto (> 8 mts)",65,"Grande",-68.8305021976,-32.8699175067,4,"Cuarta Este Área Fundacional",1822015.85685,0,0.255337494996673,0
39665,"Morera","21/10/2010 14:14","Medio (4 - 8 mts)",79,"Grande",-68.8473933352,-32.8687521971,6,"Residencial Norte",2694682.37982,0,0.162748985370085,0
39717,"Morera","30/08/2010 10:47","Medio (4 - 8 mts)",80,"Grande",-68.8454850759,-32.8692253182,6,"Residencial Norte",2694682.37982,0,0.166449131761562,0
6350,"Pltano","27/06/2011 11:22","Medio (4 - 8 mts)",62,"Grande",-68.8541560895,-32.8902736039,5,"Residencial Sur",2423808.92355,0,0.791244593329952,0
22094,"Morera","10/06/2011 10:56","Alto (> 8 mts)",140,"Grande",-68.8545742639,-32.8982279315,5,"Residencial Sur",2423808.92355,0,0.582433317370571,0
25956,"Morera","01/02/2011 11:45","Alto (> 8 mts)",160,"Grande",-68.8386299199,-32.9036983705,2,"Barrio Civico",2366816.36021,0,0.0527670505175558,0
22380,"Braquiquito","16/06/2011 11:21","Alto (> 8 mts)",160,"Grande",-68.8586777783,-32.8981930976,5,"Residencial Sur",2423808.92355,0,0.382466412870888,0
8010,"Fresno europeo","17/02/2011 12:17","Medio (4 - 8 mts)",45,"Mediano",-68.8402274492,-32.888881163,3,"Parque O'Higgins",1531146.02653,0,0.843876052605401,0
33022,"Acacia SP","19/05/2011 10:54","Medio (4 - 8 mts)",153,"Grande",-68.8511668166,-32.8878350417,5,"Residencial Sur",2423808.92355,1,0.88827905977119,0
3734,"Paraiso","24/08/2011 10:00","Medio (4 - 8 mts)",68,"Grande",-68.8209263268,-32.8695843553,4,"Cuarta Este Área Fundacional",1822015.85685,0,0.174627895155248,0
22822,"Fresno americano","14/06/2011 12:11","Medio (4 - 8 mts)",32,"Mediano",-68.8581206579,-32.9021782985,5,"Residencial Sur",2423808.92355,0,0.582778017931967,0
34705,"Fresno europeo","01/04/2011 12:07","Alto (> 8 mts)",180,"Grande",-68.8498678694,-32.8772908601,6,"Residencial Norte",2694682.37982,0,0.805475864745366,0
23260,"Fresno europeo","27/01/2012 12:19","Medio (4 - 8 mts)",90,"Grande",-68.8517920667,-32.9013424843,2,"Barrio Civico",2366816.36021,0,0.345142118255792,0
17665,"Paraiso","15/07/2011 08:54","Alto (> 8 mts)",180,"Grande",-68.841261995,-32.866900241,4,"Cuarta Oeste",1173332.70145,0,0.14937723405885,0
39299,"Paraiso","30/11/2010 10:13","Alto (> 8 mts)",190,"Grande",-68.8556717774,-32.8720925074,6,"Residencial Norte",2694682.37982,0,0.579618060630632,0
31882,"Pltano","01/06/2011 13:10","Alto (> 8 mts)",200,"Grande",-68.8580913815,-32.8848762526,5,"Residencial Sur",2423808.92355,0,0.670941806880881,0
46228,"Morera","29/09/2011 12:48","Medio (4 - 8 mts)",170,"Grande",-68.825796124,-32.8744087154,4,"Cuarta Este Área Fundacional",1822015.85685,0,0.338601616748614,0
29214,"Pltano","03/03/2011 09:48","Alto (> 8 mts)",222,"Grande",-68.8455068219,-32.8879811949,1,"Parque Central",1655357.93265,0,0.824811642464623,0
36845,"Fresno europeo","28/03/2011 17:01","Medio (4 - 8 mts)",32,"Mediano",-68.8577418054,-32.8791329733,7,"Residencial Parque",1786336.08966,0,0.888173493933185,0
35432,"Morera","23/03/2011 10:51","Alto (> 8 mts)",100,"Grande",-68.85546207,-32.8816275987,6,"Residencial Norte",2694682.37982,0,0.847604119935129,0
29794,"Morera","09/03/2011 09:12","Alto (> 8 mts)",180,"Grande",-68.8435771302,-32.8916190115,2,"Barrio Civico",2366816.36021,0,0.91824985295771,0
35819,"Morera","03/03/2011 13:46","Alto (> 8 mts)",145,"Grande",-68.8535515018,-32.8732900313,6,"Residencial Norte",2694682.37982,0,0.503167834106966,0
23452,"Morera","18/01/2011 20:14","Alto (> 8 mts)",250,"Grande",-68.8486801595,-32.9019796782,2,"Barrio Civico",2366816.36021,0,0.223034999384799,0
38748,"Perenne","01/11/2010 12:40","Medio (4 - 8 mts)",60,"Mediano",-68.849485774,-32.8705007491,6,"Residencial Norte",2694682.37982,0,0.602041535143375,0
18185,"Paraiso","26/07/2011 08:52","Alto (> 8 mts)",168,"Grande",-68.8402528743,-32.869848559,4,"Cuarta Oeste",1173332.70145,1,0.708775058366856,0
28781,"Morera","19/04/2011 12:45","Alto (> 8 mts)",70,"Grande",-68.8480060401,-32.8867278821,1,"Parque Central",1655357.93265,0,0.806493227248571,0
7629,"Fresno europeo","21/06/2011 09:28","Medio (4 - 8 mts)",80,"Grande",-68.8558135584,-32.8828990009,5,"Residencial Sur",2423808.92355,0,0.584397229829134,0
42053,"Fresno europeo","12/04/2011 13:12","Bajo (2 - 4 mts)",30,"Mediano",-68.843249148,-32.880455843,1,"Parque Central",1655357.93265,0,0.524403272505286,0
19247,"Morera","03/08/2011 12:38","Alto (> 8 mts)",200,"Grande",-68.8379020932,-32.8700405922,4,"Cuarta Oeste",1173332.70145,0,0.94013703487033,0
31311,"Morera","28/02/2011 10:54","Alto (> 8 mts)",160,"Grande",-68.8495453949,-32.8650928727,6,"Residencial Norte",2694682.37982,0,0.56316466586203,0
2645,"Caducifolio","21/10/2011 18:30","Muy bajo (1 - 2 mts)",10,"Chico",-68.8338629966,-32.8807838777,3,"Parque O'Higgins",1531146.02653,0,0.492694310012069,0
27405,"Fresno europeo","19/10/2011 12:20","Medio (4 - 8 mts)",125,"Grande",-68.8343611707,-32.8886392155,3,"Parque O'Higgins",1531146.02653,0,0.697926691446182,0
8593,"Ailanthus","11/02/2011 08:41","Alto (> 8 mts)",50,"Mediano",-68.8373515644,-32.8991995192,2,"Barrio Civico",2366816.36021,0,0.54077736141684,0
7953,"Morera","23/02/2011 14:46","Alto (> 8 mts)",85,"Grande",-68.8442493011,-32.8881731409,2,"Barrio Civico",2366816.36021,0,0.27971146941224,0
47048,"Fresno europeo","15/09/2011 09:50","Alto (> 8 mts)",90,"Grande",-68.8316593427,-32.8719054299,4,"Cuarta Este Área Fundacional",1822015.85685,0,0.475842504672278,0
20407,"Morera","23/05/2011 13:56","Alto (> 8 mts)",180,"Grande",-68.8615960807,-32.893396777,5,"Residencial Sur",2423808.92355,0,0.727757716823015,0
24105,"Jacarand","11/01/2011 09:53","Alto (> 8 mts)",115,"Grande",-68.8465491617,-32.9019722119,2,"Barrio Civico",2366816.36021,0,0.193386297449417,0
3932,"Fresno europeo","01/09/2011 10:48","Bajo (2 - 4 mts)",13,"Chico",-68.8217266385,-32.8705449675,4,"Cuarta Este Área Fundacional",1822015.85685,0,0.379200841712253,0
25499,"Olmo comun","07/02/2011 12:25","Alto (> 8 mts)",108,"Grande",-68.8415786971,-32.9013094024,2,"Barrio Civico",2366816.36021,0,0.669325711262184,0
10464,"Fresno americano","09/03/2011 09:19","Bajo (2 - 4 mts)",14,"Chico",-68.8545046906,-32.8734589092,6,"Residencial Norte",2694682.37982,0,0.73678309817525,0
38122,"Fresno europeo","03/12/2010 11:50","Alto (> 8 mts)",220,"Grande",-68.8459935383,-32.8729974809,6,"Residencial Norte",2694682.37982,0,0.122649191704293,0
25749,"Morera","03/02/2011 10:28","Alto (> 8 mts)",180,"Grande",-68.8414933955,-32.9026227921,2,"Barrio Civico",2366816.36021,0,0.108696205577569,0
27356,"Fresno europeo","20/10/2011 12:12","Medio (4 - 8 mts)",55,"Mediano",-68.8368790282,-32.8883677904,3,"Parque O'Higgins",1531146.02653,1,0.236838741555619,0
6120,"Morera","28/04/2011 11:03","Alto (> 8 mts)",102,"Grande",-68.8384974274,-32.8822733314,1,"Parque Central",1655357.93265,1,0.200812736224444,0
11280,"Perenne","11/01/2011 12:29","Bajo (2 - 4 mts)",20,"Chico",-68.8470821807,-32.9008624987,2,"Barrio Civico",2366816.36021,0,0.0169943356433682,0
14097,"Paraiso sombrilla","02/12/2011 08:49","Medio (4 - 8 mts)",80,"Grande",-68.8768095613,-32.8688141987,8,"Aeroparque",2203364.73622,0,0.706812717666492,0
28146,"Morera","14/03/2011 16:32","Medio (4 - 8 mts)",94,"Grande",-68.8477775446,-32.892160512,2,"Barrio Civico",2366816.36021,1,0.891279381924643,0
31407,"Fresno europeo","23/05/2011 10:27","Medio (4 - 8 mts)",50,"Mediano",-68.8504853614,-32.8850662972,1,"Parque Central",1655357.93265,0,0.155520719989497,0
4106,"Fresno europeo","07/10/2011 16:25","Bajo (2 - 4 mts)",16,"Chico",-68.8348119612,-32.8776197452,1,"Parque Central",1655357.93265,0,0.380845863038075,0
38974,"Morera","28/12/2010 12:22","Medio (4 - 8 mts)",70,"Grande",-68.8557775862,-32.8710996971,6,"Residencial Norte",2694682.37982,0,0.448359707493533,0
32509,"Morera","27/05/2011 10:00","Alto (> 8 mts)",170,"Grande",-68.8533455107,-32.8881738312,5,"Residencial Sur",2423808.92355,0,0.940031243868135,0
33376,"Pltano","19/05/2011 09:19","Alto (> 8 mts)",185,"Grande",-68.8573815845,-32.8917769507,5,"Residencial Sur",2423808.92355,0,0.906713091252408,0
25344,"Tilo","09/02/2011 09:38","Alto (> 8 mts)",128,"Grande",-68.8397290017,-32.9004337585,2,"Barrio Civico",2366816.36021,0,0.314848332983191,0
39803,"Pltano","05/05/2011 09:15","Alto (> 8 mts)",160,"Grande",-68.8476956059,-32.8845121422,1,"Parque Central",1655357.93265,0,0.249147250621643,0
37421,"Paraiso","03/01/2011 13:01","Alto (> 8 mts)",90,"Grande",-68.8570926666,-32.8708529699,6,"Residencial Norte",2694682.37982,0,0.462341166868051,0
32762,"Fresno europeo","17/05/2011 09:14","Bajo (2 - 4 mts)",70,"Grande",-68.8525978326,-32.8860135151,5,"Residencial Sur",2423808.92355,0,0.557509726483944,0
31834,"Pltano","30/06/2011 13:43","Alto (> 8 mts)",140,"Grande",-68.860468937,-32.8900682564,5,"Residencial Sur",2423808.92355,0,0.81746696476021,0
11345,"Acer","19/01/2011 19:09","Alto (> 8 mts)",90,"Grande",-68.8485938164,-32.9026389821,2,"Barrio Civico",2366816.36021,0,0.451126390022984,0
11381,"Morera","28/01/2011 13:18","Medio (4 - 8 mts)",92,"Grande",-68.8495682115,-32.9014771541,2,"Barrio Civico",2366816.36021,0,0.390350086323689,0
17870,"Morera","01/08/2011 13:42","Alto (> 8 mts)",147,"Grande",-68.8370495815,-32.8664575933,4,"Cuarta Oeste",1173332.70145,0,0.156483677265184,0
8226,"Morera","03/03/2011 20:09","Muy bajo (1 - 2 mts)",7,"Chico",-68.8414144755,-32.8928217135,2,"Barrio Civico",2366816.36021,0,0.606477428652594,0
3931,"Fresno europeo","31/08/2011 11:55","Alto (> 8 mts)",123,"Grande",-68.8218768896,-32.8706435717,4,"Cuarta Este Área Fundacional",1822015.85685,0,0.535064527309953,0
4174,"Morera","07/07/2011 11:12","Alto (> 8 mts)",126,"Grande",-68.8373197574,-32.8733136151,4,"Cuarta Oeste",1173332.70145,1,0.48100352491665,0
38348,"Paraiso","09/11/2010 11:35","Alto (> 8 mts)",190,"Grande",-68.8538185771,-32.8700304121,6,"Residencial Norte",2694682.37982,0,0.529400707390528,0
13886,"Aguaribay","16/12/2011 12:22","Bajo (2 - 4 mts)",92,"Grande",-68.8762166169,-32.8687993729,8,"Aeroparque",2203364.73622,0,0.982864406264795,0
36761,"Pltano","21/03/2011 15:47","Alto (> 8 mts)",98,"Grande",-68.8567111233,-32.8811373428,7,"Residencial Parque",1786336.08966,0,0.175411417164722,0
17186,"Morera","04/07/2011 10:35","Alto (> 8 mts)",145,"Grande",-68.8362437957,-32.8630660776,4,"Cuarta Oeste",1173332.70145,0,0.0103663739165959,0
19253,"Morera","03/08/2011 12:31","Alto (> 8 mts)",130,"Grande",-68.8379752503,-32.8703532143,4,"Cuarta Oeste",1173332.70145,0,0.488895325441483,0
5101,"Acacia SP","09/08/2011 09:54","Bajo (2 - 4 mts)",8,"Chico",-68.8429923225,-32.8679504878,4,"Cuarta Oeste",1173332.70145,0,0.440296341795869,0
43332,"Fresno europeo","05/10/2011 11:44","Alto (> 8 mts)",96,"Grande",-68.83239682,-32.8794633384,4,"Cuarta Este Área Fundacional",1822015.85685,0,0.529127023166639,0
11366,"Fresno europeo","24/01/2011 19:43","Bajo (2 - 4 mts)",34,"Mediano",-68.8491702473,-32.9003425253,2,"Barrio Civico",2366816.36021,0,0.186628818836443,0
46943,"Caducifolio","07/09/2011 10:10","Bajo (2 - 4 mts)",12,"Chico",-68.8333068824,-32.8715619331,4,"Cuarta Este Área Fundacional",1822015.85685,0,0.675012409016775,0
3283,"Fresno europeo","30/09/2011 11:30","Muy bajo (1 - 2 mts)",10,"Chico",-68.8280072545,-32.877386941,4,"Cuarta Este Área Fundacional",1822015.85685,0,0.144928128780871,0
41118,"Pltano","02/05/2011 14:48","Alto (> 8 mts)",168,"Grande",-68.8399505479,-32.8827949782,1,"Parque Central",1655357.93265,0,0.0808715444669953,0
42059,"Fresno europeo","12/04/2011 12:42","Alto (> 8 mts)",140,"Grande",-68.8424656136,-32.8805501612,1,"Parque Central",1655357.93265,0,0.201963719366528,0
11048,"Conifera","04/04/2011 10:16","Muy bajo (1 - 2 mts)",22,"Mediano",-68.8567668413,-32.8804795611,7,"Residencial Parque",1786336.08966,0,0.305509238393272,0
47492,"Fresno europeo","31/08/2011 13:45","Muy bajo (1 - 2 mts)",6,"Chico",-68.8261925455,-32.8702114064,4,"Cuarta Este Área Fundacional",1822015.85685,0,0.611017932674107,0
23572,"Acer","24/01/2011 11:50","Alto (> 8 mts)",200,"Grande",-68.8515315633,-32.9018894055,2,"Barrio Civico",2366816.36021,0,0.449286624585419,0
17410,"Morera","03/08/2011 12:55","Alto (> 8 mts)",130,"Grande",-68.8358825259,-32.8671066504,4,"Cuarta Oeste",1173332.70145,0,0.0416554995262045,0
45326,"Morera","16/09/2011 12:02","Medio (4 - 8 mts)",180,"Grande",-68.8240410675,-32.872237254,4,"Cuarta Este Área Fundacional",1822015.85685,0,0.873876075985181,0
13693,"Morera","18/02/2011 12:29","Medio (4 - 8 mts)",55,"Mediano",-68.8530094167,-32.8650281508,6,"Residencial Norte",2694682.37982,0,0.62258583904842,0
29856,"Pltano","14/03/2011 09:12","Alto (> 8 mts)",200,"Grande",-68.841857059,-32.8923894911,2,"Barrio Civico",2366816.36021,0,0.0668776628825996,0
13749,"Fresno europeo","27/01/2011 10:21","Medio (4 - 8 mts)",90,"Grande",-68.8504663114,-32.8635446812,6,"Residencial Norte",2694682.37982,0,0.398881311160484,0
9455,"Fresno europeo","11/02/2011 13:20","Medio (4 - 8 mts)",60,"Mediano",-68.8572232162,-32.8651633572,6,"Residencial Norte",2694682.37982,0,0.570557759112889,0
40867,"Pltano","26/04/2011 15:57","Alto (> 8 mts)",158,"Grande",-68.8379495217,-32.8846592662,3,"Parque O'Higgins",1531146.02653,1,0.116227612215109,0
27759,"Fresno americano","31/10/2011 09:07","Medio (4 - 8 mts)",86,"Grande",-68.8347898401,-32.8954688633,3,"Parque O'Higgins",1531146.02653,0,0.151168567561538,0
25515,"Morera","17/02/2011 15:20","Medio (4 - 8 mts)",98,"Grande",-68.8392171932,-32.9009299326,2,"Barrio Civico",2366816.36021,0,0.197553469264227,0
37765,"Fresno europeo","22/02/2012 07:52","Medio (4 - 8 mts)",35,"Mediano",-68.8487226902,-32.8726138753,6,"Residencial Norte",2694682.37982,0,0.485951006607113,0
27722,"Fresno europeo","01/11/2011 11:09","Muy bajo (1 - 2 mts)",4,"Chico",-68.837598485,-32.8951472126,2,"Barrio Civico",2366816.36021,0,0.0361094864065703,0
18360,"Pltano","01/08/2011 10:35","Alto (> 8 mts)",165,"Grande",-68.8362979519,-32.8678413445,4,"Cuarta Oeste",1173332.70145,0,0.989242272045467,0
31470,"Paraiso","19/05/2011 11:48","Medio (4 - 8 mts)",90,"Grande",-68.8583200702,-32.8915954701,5,"Residencial Sur",2423808.92355,1,0.689257526955217,0
23695,"Fresno europeo","24/01/2011 19:47","Medio (4 - 8 mts)",108,"Grande",-68.8491631291,-32.900245861,2,"Barrio Civico",2366816.36021,0,0.331661144333078,0
14856,"Paraiso","19/12/2011 07:45","Bajo (2 - 4 mts)",35,"Mediano",-68.880894312,-32.8739852948,8,"Aeroparque",2203364.73622,0,0.597637782678243,0
36859,"Fresno europeo","28/03/2011 16:16","Alto (> 8 mts)",58,"Mediano",-68.857590356,-32.8800867023,7,"Residencial Parque",1786336.08966,0,0.812255678585755,0
7797,"Paraiso sombrilla","12/05/2011 09:04","Medio (4 - 8 mts)",110,"Grande",-68.8567383774,-32.8852448774,5,"Residencial Sur",2423808.92355,0,0.074651009259676,0
11711,"Morera","31/01/2011 11:19","Medio (4 - 8 mts)",65,"Grande",-68.850298223,-32.8687437965,6,"Residencial Norte",2694682.37982,0,0.103149810893166,0
7660,"Acer","26/05/2011 09:49","Medio (4 - 8 mts)",100,"Grande",-68.8529496257,-32.8844046085,5,"Residencial Sur",2423808.92355,0,0.598579711420797,0
3926,"Fresno europeo","31/08/2011 12:18","Alto (> 8 mts)",118,"Grande",-68.8223168074,-32.8711862587,4,"Cuarta Este Área Fundacional",1822015.85685,1,0.746284308468626,0
12647,"Morera","17/01/2011 13:25","Bajo (2 - 4 mts)",43,"Mediano",-68.84705046,-32.8629024824,4,"Cuarta Oeste",1173332.70145,0,0.712452671340099,0
35362,"Fresno europeo","21/06/2011 15:29","Medio (4 - 8 mts)",100,"Grande",-68.8544154837,-32.8831138174,5,"Residencial Sur",2423808.92355,0,0.0988223996783421,0
26472,"Acacia SP","09/11/2011 09:50","Medio (4 - 8 mts)",90,"Grande",-68.831826565,-32.8913709483,3,"Parque O'Higgins",1531146.02653,0,0.220060515275748,0
10450,"Caducifolio","09/03/2011 10:39","Alto (> 8 mts)",83,"Grande",-68.8562493728,-32.8735944763,6,"Residencial Norte",2694682.37982,0,0.200961199965181,0
43704,"Fresno americano","11/10/2011 09:32","Medio (4 - 8 mts)",16,"Chico",-68.8315827669,-32.8836772932,3,"Parque O'Higgins",1531146.02653,0,0.11823273344963,0
24857,"Morera","16/02/2011 12:46","Alto (> 8 mts)",145,"Grande",-68.8386740302,-32.8954293732,2,"Barrio Civico",2366816.36021,0,0.189002595627468,0
20036,"Morera","10/08/2011 12:17","Medio (4 - 8 mts)",54,"Mediano",-68.8346836067,-32.868017126,4,"Cuarta Oeste",1173332.70145,0,0.19419580812205,0
43337,"Fresno europeo","05/10/2011 11:35","Alto (> 8 mts)",131,"Grande",-68.8324196546,-32.8798218821,3,"Parque O'Higgins",1531146.02653,0,0.66404241509041,0
25371,"Prunas","10/02/2011 11:58","Medio (4 - 8 mts)",92,"Grande",-68.8379252472,-32.9007624438,2,"Barrio Civico",2366816.36021,0,0.281264931235845,0
24245,"Morera","27/01/2011 09:27","Alto (> 8 mts)",160,"Grande",-68.8441460214,-32.9009344674,2,"Barrio Civico",2366816.36021,1,0.401514328921929,0
36855,"Pltano","28/03/2011 16:34","Alto (> 8 mts)",98,"Grande",-68.8574186349,-32.8796834497,7,"Residencial Parque",1786336.08966,0,0.064826054707087,0
19657,"Morera","13/07/2011 09:47","Alto (> 8 mts)",112,"Grande",-68.835394493,-32.8703681494,4,"Cuarta Oeste",1173332.70145,1,0.787722968687932,0
453,"Paraiso sombrilla","05/03/2012 18:17","Medio (4 - 8 mts)",100,"Grande",-68.8187564646,-32.8675160902,4,"Cuarta Este Área Fundacional",1822015.85685,0,0.353591386290632,0
16378,"Aguaribay","11/08/2011 10:28","Bajo (2 - 4 mts)",40,"Mediano",-68.8420107462,-32.8627532109,4,"Cuarta Oeste",1173332.70145,1,0.894431293338621,0
41792,"Morera","27/04/2011 09:41","Medio (4 - 8 mts)",220,"Grande",-68.8421864597,-32.878517754,1,"Parque Central",1655357.93265,0,0.0242198445655696,0
3165,"Paraiso","20/09/2011 10:14","Medio (4 - 8 mts)",124,"Grande",-68.8349370427,-32.8740448294,4,"Cuarta Este Área Fundacional",1822015.85685,0,0.179027032495658,0
17382,"Paraiso","22/07/2011 13:32","Alto (> 8 mts)",116,"Grande",-68.8403257536,-32.8659822963,4,"Cuarta Oeste",1173332.70145,0,0.685310904811085,0
43390,"Paraiso","25/10/2011 12:35","Medio (4 - 8 mts)",160,"Grande",-68.8328025644,-32.8811727695,3,"Parque O'Higgins",1531146.02653,0,0.501103186209648,0
23437,"Morera","18/01/2011 14:49","Medio (4 - 8 mts)",60,"Mediano",-68.8487359895,-32.9031537458,2,"Barrio Civico",2366816.36021,0,0.306266997902676,0
9961,"Prunas","11/11/2010 13:45","Muy bajo (1 - 2 mts)",10,"Chico",-68.8555202498,-32.8693712421,6,"Residencial Norte",2694682.37982,0,0.472492359950098,0
42899,"Olmo comun","03/10/2011 08:18","Medio (4 - 8 mts)",77,"Grande",-68.833572206,-32.8773881286,4,"Cuarta Este Área Fundacional",1822015.85685,0,0.548953986009868,0
28589,"Morera","22/02/2011 09:26","Alto (> 8 mts)",200,"Grande",-68.8493143645,-32.8900471891,5,"Residencial Sur",2423808.92355,0,0.894599968969444,0
35260,"Fresno americano","24/06/2011 12:37","Medio (4 - 8 mts)",110,"Grande",-68.8516530945,-32.8830135493,1,"Parque Central",1655357.93265,0,0.621632106073264,0
17197,"Morera","30/06/2011 13:25","Alto (> 8 mts)",170,"Grande",-68.8360001082,-32.8624770415,4,"Cuarta Oeste",1173332.70145,0,0.0552838134004461,0
2361,"Morera","03/11/2011 16:24","Medio (4 - 8 mts)",160,"Grande",-68.834236434,-32.8872334671,3,"Parque O'Higgins",1531146.02653,1,0.522603145924474,0
2682,"Pltano","12/10/2011 08:23","Alto (> 8 mts)",165,"Grande",-68.831047535,-32.8828643783,3,"Parque O'Higgins",1531146.02653,0,0.708106170247325,0
24724,"Morera","17/02/2011 10:38","Alto (> 8 mts)",150,"Grande",-68.8407251843,-32.8992332589,2,"Barrio Civico",2366816.36021,1,0.226564954745121,0
11014,"Pltano","07/04/2011 15:27","Alto (> 8 mts)",185,"Grande",-68.8594091671,-32.8811879103,7,"Residencial Parque",1786336.08966,0,0.396724991336497,0
12015,"Morera","07/04/2010 12:06","Medio (4 - 8 mts)",135,"Grande",-68.8527026481,-32.8669723965,6,"Residencial Norte",2694682.37982,0,0.459362989777065,0
34675,"Morera","31/03/2011 09:13","Alto (> 8 mts)",140,"Grande",-68.8497971332,-32.8762116013,6,"Residencial Norte",2694682.37982,1,0.361580000124128,0
6614,"Fresno americano","11/05/2011 10:02","Bajo (2 - 4 mts)",46,"Mediano",-68.8549200061,-32.8927445122,5,"Residencial Sur",2423808.92355,0,0.285437600447346,0
38919,"Fresno europeo","28/10/2010 10:10","Medio (4 - 8 mts)",65,"Grande",-68.8479203725,-32.870215658,6,"Residencial Norte",2694682.37982,0,0.800270818976299,0
35997,"Morera","21/03/2011 11:41","Alto (> 8 mts)",185,"Grande",-68.8558233382,-32.8751143628,6,"Residencial Norte",2694682.37982,0,0.145201160177443,0
5752,"Morera","06/05/2011 11:16","Bajo (2 - 4 mts)",24,"Mediano",-68.8410160884,-32.8789689407,1,"Parque Central",1655357.93265,0,0.0309363922387363,0
7459,"Fresno europeo","17/06/2011 09:53","Medio (4 - 8 mts)",50,"Mediano",-68.8608858884,-32.8994053097,5,"Residencial Sur",2423808.92355,0,0.105057286879912,0
46156,"Morera","27/09/2011 10:38","Alto (> 8 mts)",180,"Grande",-68.8245808738,-32.8742616416,4,"Cuarta Este Área Fundacional",1822015.85685,1,0.359065907885197,0
20946,"Eucalyptus","27/05/2011 12:30","Alto (> 8 mts)",180,"Grande",-68.8626967929,-32.8943740468,5,"Residencial Sur",2423808.92355,1,0.716155225697344,0
33177,"Morera","08/06/2011 12:03","Alto (> 8 mts)",118,"Grande",-68.8545918122,-32.8919945514,5,"Residencial Sur",2423808.92355,0,0.382471757161511,0
20842,"Paraiso","27/05/2011 09:46","Alto (> 8 mts)",104,"Grande",-68.8597190877,-32.8948335781,5,"Residencial Sur",2423808.92355,1,0.448544086666045,0
19290,"Morera","13/07/2011 20:57","Alto (> 8 mts)",70,"Grande",-68.8357462079,-32.8698643843,4,"Cuarta Oeste",1173332.70145,0,0.637403736051953,0
6318,"Morera","27/06/2011 09:46","Medio (4 - 8 mts)",44,"Mediano",-68.8563500221,-32.8905581528,5,"Residencial Sur",2423808.92355,1,0.852988011028756,0
46534,"Morera","07/09/2011 10:27","Alto (> 8 mts)",130,"Grande",-68.8335780052,-32.8694514596,4,"Cuarta Oeste",1173332.70145,0,0.619597955467766,0
26612,"Pltano","03/11/2011 11:12","Alto (> 8 mts)",200,"Grande",-68.8329320631,-32.8900677749,3,"Parque O'Higgins",1531146.02653,0,0.947303940552568,0
20628,"Fresno europeo","02/06/2011 12:08","Alto (> 8 mts)",108,"Grande",-68.8593977724,-32.8958359942,5,"Residencial Sur",2423808.92355,0,0.591048427230834,0
4294,"Fresno europeo","18/07/2011 10:32","Muy bajo (1 - 2 mts)",7,"Chico",-68.8395792667,-32.8719577616,4,"Cuarta Oeste",1173332.70145,0,0.403140599260219,0
40697,"Fresno americano","19/04/2011 09:49","Alto (> 8 mts)",190,"Grande",-68.8420632685,-32.8844127754,1,"Parque Central",1655357.93265,0,0.970646741070539,0
26522,"Conifera","07/11/2011 08:37","Bajo (2 - 4 mts)",18,"Chico",-68.8310465684,-32.8924605545,3,"Parque O'Higgins",1531146.02653,0,0.818667521464175,0
23570,"Morera","24/01/2011 11:43","Medio (4 - 8 mts)",52,"Mediano",-68.851517182,-32.9017873153,2,"Barrio Civico",2366816.36021,1,0.234597988526795,0
22243,"Fresno europeo","14/06/2011 10:57","Medio (4 - 8 mts)",95,"Grande",-68.8555583338,-32.8971185951,5,"Residencial Sur",2423808.92355,0,0.0233562750498009,0
1147,"Olmo comun","01/12/2011 13:20","Alto (> 8 mts)",98,"Grande",-68.8770043747,-32.8681869413,8,"Aeroparque",2203364.73622,0,0.967833379478918,0
19629,"Fresno europeo","07/07/2011 12:05","Medio (4 - 8 mts)",77,"Grande",-68.8365296316,-32.8726542602,4,"Cuarta Oeste",1173332.70145,0,0.675566559610483,0
39512,"Paraiso","10/11/2010 10:49","Alto (> 8 mts)",180,"Grande",-68.8545125699,-32.8695228862,6,"Residencial Norte",2694682.37982,0,0.100128840374491,0
3871,"Morera","31/08/2011 13:43","Medio (4 - 8 mts)",60,"Mediano",-68.8263250983,-32.8702113434,4,"Cuarta Este Área Fundacional",1822015.85685,0,0.634796860022295,0
31349,"Morera","01/03/2011 12:56","Medio (4 - 8 mts)",36,"Mediano",-68.849453936,-32.866018819,6,"Residencial Norte",2694682.37982,0,0.95985682394567,0
41923,"Fresno europeo","20/04/2011 10:04","Bajo (2 - 4 mts)",15,"Chico",-68.8381126028,-32.8798564507,1,"Parque Central",1655357.93265,0,0.521284188020891,0
42769,"Morera","30/09/2011 15:32","Medio (4 - 8 mts)",180,"Grande",-68.8303383898,-32.8789495739,4,"Cuarta Este Área Fundacional",1822015.85685,0,0.873442164828526,0
6586,"Tilo","06/05/2011 10:21","Alto (> 8 mts)",72,"Grande",-68.8520630498,-32.8933681435,5,"Residencial Sur",2423808.92355,0,0.170467553685155,0
3779,"Morera","23/08/2011 12:51","Bajo (2 - 4 mts)",30,"Mediano",-68.8189092973,-32.8704075467,4,"Cuarta Este Área Fundacional",1822015.85685,0,0.722805171132894,0
40746,"Morera","15/04/2011 11:53","Alto (> 8 mts)",185,"Grande",-68.841923236,-32.8847350436,1,"Parque Central",1655357.93265,0,0.553172867755357,0
14825,"Liquidambar","07/12/2011 10:20","Muy bajo (1 - 2 mts)",12,"Chico",-68.8781723744,-32.8690273487,8,"Aeroparque",2203364.73622,0,0.949489768740075,0
15652,"Morera","15/11/2011 17:25","Muy bajo (1 - 2 mts)",11,"Chico",-68.8621183534,-32.8714360753,7,"Residencial Parque",1786336.08966,0,0.99072460532255,0
22855,"Morera","10/05/2011 10:42","Medio (4 - 8 mts)",28,"Mediano",-68.8570598921,-32.9011891986,5,"Residencial Sur",2423808.92355,0,0.522205439604043,0
28675,"Pltano","02/03/2011 09:12","Alto (> 8 mts)",153,"Grande",-68.8466238781,-32.8915097034,2,"Barrio Civico",2366816.36021,0,0.529763338676277,0
6813,"Morera","26/05/2011 09:40","Medio (4 - 8 mts)",45,"Mediano",-68.8606246213,-32.893987377,5,"Residencial Sur",2423808.92355,0,0.753821845934722,0
18117,"Morera","28/07/2011 09:46","Alto (> 8 mts)",210,"Grande",-68.8411996876,-32.8697870111,4,"Cuarta Oeste",1173332.70145,0,0.172421882156467,0
18645,"Pltano","04/07/2011 13:26","Alto (> 8 mts)",180,"Grande",-68.8368604272,-32.8760480358,1,"Parque Central",1655357.93265,0,0.674454910948898,0
2778,"Fresno europeo","20/10/2011 16:00","Bajo (2 - 4 mts)",30,"Mediano",-68.8296687481,-32.8815397264,3,"Parque O'Higgins",1531146.02653,0,0.688106515060697,0
976,"Paraiso","16/01/2012 10:24","Alto (> 8 mts)",105,"Grande",-68.8361469605,-32.8681333464,4,"Cuarta Oeste",1173332.70145,0,0.98350064455303,0
23350,"Morera","31/01/2011 16:24","Alto (> 8 mts)",138,"Grande",-68.8509606044,-32.9016538892,2,"Barrio Civico",2366816.36021,0,0.705389149790964,0
34772,"Fresno europeo","30/03/2011 10:10","Bajo (2 - 4 mts)",60,"Mediano",-68.8513258814,-32.8788482454,6,"Residencial Norte",2694682.37982,0,0.893763870699859,0
44398,"Pltano","18/10/2011 11:24","Alto (> 8 mts)",245,"Grande",-68.8378771122,-32.8851153375,3,"Parque O'Higgins",1531146.02653,0,0.850178967159787,0
12271,"Morera","10/01/2011 10:28","Alto (> 8 mts)",180,"Grande",-68.8451789903,-32.8672561967,4,"Cuarta Oeste",1173332.70145,0,0.956679796691443,0
38256,"Acer","17/01/2012 08:16","Medio (4 - 8 mts)",35,"Mediano",-68.8466581149,-32.8736272694,6,"Residencial Norte",2694682.37982,0,0.900684717937367,0
1461,"Perenne","25/11/2011 10:47","Muy bajo (1 - 2 mts)",30,"Mediano",-68.8713717719,-32.8763215838,7,"Residencial Parque",1786336.08966,0,0.502589587862352,0
31393,"Morera","23/05/2011 12:41","Bajo (2 - 4 mts)",22,"Mediano",-68.8513161497,-32.8848061648,5,"Residencial Sur",2423808.92355,0,0.914387605755026,0
9454,"Liquidambar","11/02/2011 13:22","Bajo (2 - 4 mts)",48,"Mediano",-68.8572961789,-32.8651656091,6,"Residencial Norte",2694682.37982,0,0.13030084545634,0
24978,"Morera","16/02/2011 09:17","Alto (> 8 mts)",150,"Grande",-68.8379196983,-32.896214066,2,"Barrio Civico",2366816.36021,0,0.231060010628566,0
42565,"Morera","26/09/2011 11:13","Alto (> 8 mts)",160,"Grande",-68.8271380932,-32.875570786,4,"Cuarta Este Área Fundacional",1822015.85685,0,0.824166838626697,0
25138,"Morera","11/02/2011 08:30","Medio (4 - 8 mts)",46,"Mediano",-68.8372750873,-32.8988725111,2,"Barrio Civico",2366816.36021,0,0.980040946389447,0
12559,"Fresno europeo","11/01/2011 09:50","Alto (> 8 mts)",61,"Grande",-68.8447034553,-32.8632620646,4,"Cuarta Oeste",1173332.70145,0,0.0486401178498284,0
9490,"Fresno europeo","02/02/2011 09:12","Medio (4 - 8 mts)",90,"Grande",-68.852084897,-32.8641796063,6,"Residencial Norte",2694682.37982,0,0.286816074648075,0
45895,"Paraiso sombrilla","25/08/2011 11:42","Medio (4 - 8 mts)",70,"Grande",-68.8200408957,-32.8702110289,4,"Cuarta Este Área Fundacional",1822015.85685,0,0.945947043195152,0
19697,"Morera","12/07/2011 09:43","Alto (> 8 mts)",120,"Grande",-68.8348114825,-32.8715606099,4,"Cuarta Oeste",1173332.70145,1,0.55054434116246,0
21554,"Morera","08/06/2011 10:51","Alto (> 8 mts)",200,"Grande",-68.8538604543,-32.8959190597,5,"Residencial Sur",2423808.92355,1,0.264717064402796,0
25608,"Fresno europeo","16/02/2011 19:13","Medio (4 - 8 mts)",54,"Mediano",-68.8373245305,-32.9019420658,2,"Barrio Civico",2366816.36021,0,0.0366144140065786,0
24037,"Morera","21/01/2011 13:22","Alto (> 8 mts)",140,"Grande",-68.8462472762,-32.9016479351,2,"Barrio Civico",2366816.36021,0,0.690446699563698,0
6228,"Pltano","11/04/2011 15:10","Alto (> 8 mts)",186,"Grande",-68.8386213856,-32.8871921375,3,"Parque O'Higgins",1531146.02653,0,0.698282091865297,0
5481,"Fresno europeo","11/04/2011 09:55","Bajo (2 - 4 mts)",28,"Mediano",-68.8452215974,-32.8813553829,1,"Parque Central",1655357.93265,0,0.13070445450103,0
31043,"Fresno europeo","09/02/2011 12:01","Medio (4 - 8 mts)",98,"Grande",-68.855600601,-32.864862289,6,"Residencial Norte",2694682.37982,0,0.323067817460546,0
24609,"Morera","07/02/2011 09:47","Bajo (2 - 4 mts)",68,"Grande",-68.8440418709,-32.9035041552,2,"Barrio Civico",2366816.36021,0,0.497721616484422,0
1842,"Paraiso","17/11/2011 13:00","Bajo (2 - 4 mts)",66,"Grande",-68.8586826095,-32.8721080845,6,"Residencial Norte",2694682.37982,0,0.619223523351483,0
40715,"Pltano","19/04/2011 09:04","Alto (> 8 mts)",223,"Grande",-68.842208396,-32.8833857506,1,"Parque Central",1655357.93265,0,0.741020133954161,0
31398,"Morera","23/05/2011 10:46","Medio (4 - 8 mts)",160,"Grande",-68.8512052119,-32.8850041347,5,"Residencial Sur",2423808.92355,1,0.71411688197799,0
17314,"Morera","04/08/2011 09:25","Medio (4 - 8 mts)",45,"Mediano",-68.8355012727,-32.8648988575,4,"Cuarta Oeste",1173332.70145,0,0.279750851126686,0
24675,"Paraiso","19/01/2011 09:59","Medio (4 - 8 mts)",110,"Grande",-68.8412852614,-32.8967131154,2,"Barrio Civico",2366816.36021,0,0.93962192389829,0
24690,"Paraiso","14/01/2011 12:59","Alto (> 8 mts)",145,"Grande",-68.8425762646,-32.8965381062,2,"Barrio Civico",2366816.36021,0,0.808100987715145,0
39181,"Fresno europeo","25/11/2010 09:25","Medio (4 - 8 mts)",120,"Grande",-68.854248937,-32.8728286375,6,"Residencial Norte",2694682.37982,0,0.234552117806495,0
25481,"Pltano","08/02/2011 09:46","Alto (> 8 mts)",220,"Grande",-68.8416733426,-32.8997789036,2,"Barrio Civico",2366816.36021,0,0.933963517219892,0
2018,"Ailanthus","02/11/2011 08:52","Bajo (2 - 4 mts)",13,"Chico",-68.8329460332,-32.8948947338,3,"Parque O'Higgins",1531146.02653,0,0.170553056674062,0
7763,"Acacia visco","13/05/2011 11:28","Medio (4 - 8 mts)",110,"Grande",-68.854964404,-32.8857160454,5,"Residencial Sur",2423808.92355,0,0.0711860760522514,0
24872,"Fresno europeo","17/02/2011 13:27","Medio (4 - 8 mts)",53,"Mediano",-68.8395350626,-32.8964883174,2,"Barrio Civico",2366816.36021,0,0.00718372027970471,0
23675,"Morera","25/01/2011 10:11","Medio (4 - 8 mts)",78,"Grande",-68.8485942392,-32.9006504831,2,"Barrio Civico",2366816.36021,0,0.754628225996646,0
6741,"Fresno europeo","16/05/2011 09:52","Medio (4 - 8 mts)",33,"Mediano",-68.8574255184,-32.894029103,5,"Residencial Sur",2423808.92355,0,0.71313089075415,0
22788,"Pltano","17/06/2011 19:13","Alto (> 8 mts)",168,"Grande",-68.8586856655,-32.9016914333,5,"Residencial Sur",2423808.92355,0,0.830151900951386,0
38857,"Jacarand","09/12/2010 12:54","Muy bajo (1 - 2 mts)",35,"Mediano",-68.8489202665,-32.8707347451,6,"Residencial Norte",2694682.37982,0,0.507791948889951,0
4915,"Pltano","20/07/2011 10:13","Alto (> 8 mts)",300,"Grande",-68.8427934371,-32.8658440259,4,"Cuarta Oeste",1173332.70145,0,0.649846287081975,0
47255,"Fresno europeo","20/09/2011 12:10","Alto (> 8 mts)",71,"Grande",-68.8320284479,-32.8738185575,4,"Cuarta Este Área Fundacional",1822015.85685,0,0.992631217228718,0
5062,"Morera","09/08/2011 10:19","Alto (> 8 mts)",142,"Grande",-68.8382770807,-32.8635275276,4,"Cuarta Oeste",1173332.70145,0,0.435328178695764,0
27044,"Pltano","09/11/2011 10:41","Alto (> 8 mts)",178,"Grande",-68.8394176349,-32.8911390027,3,"Parque O'Higgins",1531146.02653,0,0.214479371913358,0
11462,"Olmo comun","06/01/2011 13:57","Medio (4 - 8 mts)",160,"Grande",-68.8438380985,-32.8628750293,4,"Cuarta Oeste",1173332.70145,0,0.633154984023896,0
24717,"Pltano","17/02/2011 11:11","Alto (> 8 mts)",285,"Grande",-68.8415162026,-32.8991898107,2,"Barrio Civico",2366816.36021,0,0.00437541240261263,0
42568,"Morera","26/09/2011 11:04","Alto (> 8 mts)",170,"Grande",-68.8274672318,-32.8755585266,4,"Cuarta Este Área Fundacional",1822015.85685,0,0.931003655208306,0
20829,"Olmo comun","30/05/2011 10:27","Medio (4 - 8 mts)",60,"Mediano",-68.8620518105,-32.8965646248,5,"Residencial Sur",2423808.92355,0,0.830528851100497,0
22614,"Fresno europeo","23/06/2011 10:11","Alto (> 8 mts)",125,"Grande",-68.8625048651,-32.9012590543,5,"Residencial Sur",2423808.92355,0,0.373566610137457,0
8368,"Morera","04/03/2011 13:50","Alto (> 8 mts)",112,"Grande",-68.8406751672,-32.9011941185,2,"Barrio Civico",2366816.36021,1,0.357562010541597,0
13717,"Paraiso","28/01/2011 13:40","Alto (> 8 mts)",124,"Grande",-68.851253068,-32.8636259403,6,"Residencial Norte",2694682.37982,0,0.700263312251194,0
31835,"Pltano","30/06/2011 13:42","Alto (> 8 mts)",170,"Grande",-68.8605749845,-32.8900494391,5,"Residencial Sur",2423808.92355,0,0.210936160938822,0
17199,"Morera","30/06/2011 13:17","Alto (> 8 mts)",166,"Grande",-68.8357536628,-32.8624777101,4,"Cuarta Oeste",1173332.70145,0,0.00647560178667872,0
33364,"Fresno europeo","19/05/2011 09:51","Medio (4 - 8 mts)",96,"Grande",-68.8579225588,-32.8910204612,5,"Residencial Sur",2423808.92355,0,0.0238920403886946,0
37669,"Fresno europeo","24/02/2012 09:17","Medio (4 - 8 mts)",90,"Grande",-68.8521316785,-32.8720449247,6,"Residencial Norte",2694682.37982,0,0.788356075996746,0
37401,"Paraiso","29/11/2010 12:20","Alto (> 8 mts)",120,"Grande",-68.8569853178,-32.8725547638,6,"Residencial Norte",2694682.37982,0,0.753716109311192,0
13542,"Fresno europeo","28/01/2011 12:46","Muy bajo (1 - 2 mts)",5,"Chico",-68.8511820317,-32.8644682999,6,"Residencial Norte",2694682.37982,0,0.622605856030146,0
42794,"Fresno europeo","30/09/2011 12:35","Medio (4 - 8 mts)",170,"Grande",-68.8307294878,-32.8778292994,4,"Cuarta Este Área Fundacional",1822015.85685,0,0.266011631024592,0
29010,"Pltano","20/04/2011 11:40","Alto (> 8 mts)",126,"Grande",-68.8450817499,-32.8864121759,1,"Parque Central",1655357.93265,0,0.0449984983744506,0
7989,"Fresno europeo","18/02/2011 13:35","Alto (> 8 mts)",101,"Grande",-68.8402995595,-32.8885691292,3,"Parque O'Higgins",1531146.02653,0,0.0109299417854541,0
28645,"Morera","23/02/2011 09:51","Alto (> 8 mts)",105,"Grande",-68.8480668711,-32.890274043,2,"Barrio Civico",2366816.36021,0,0.18340772355924,0
22530,"Morera","17/06/2011 09:38","Alto (> 8 mts)",150,"Grande",-68.8611074576,-32.8998227402,5,"Residencial Sur",2423808.92355,0,0.822936219632963,0
26089,"Morera","04/11/2011 16:44","Medio (4 - 8 mts)",140,"Grande",-68.8327321759,-32.8868435979,3,"Parque O'Higgins",1531146.02653,0,0.102597511477157,0
22198,"Fresno europeo","18/05/2011 09:56","Medio (4 - 8 mts)",48,"Mediano",-68.8568589128,-32.8986183398,5,"Residencial Sur",2423808.92355,0,0.931396483131051,0
12012,"Morera","07/04/2010 11:53","Medio (4 - 8 mts)",90,"Grande",-68.8527204646,-32.8671423915,6,"Residencial Norte",2694682.37982,0,0.298370292530739,0
3350,"Acer","27/09/2011 12:12","Medio (4 - 8 mts)",75,"Grande",-68.8263076785,-32.8760366488,4,"Cuarta Este Área Fundacional",1822015.85685,0,0.497479200921727,0
45780,"Morera","23/08/2011 12:00","Alto (> 8 mts)",138,"Grande",-68.8216221268,-32.8697920691,4,"Cuarta Este Área Fundacional",1822015.85685,0,0.580705334473822,0
30420,"Pltano","21/02/2011 12:48","Alto (> 8 mts)",214,"Grande",-68.8423832514,-32.8878994956,3,"Parque O'Higgins",1531146.02653,0,0.808733773807008,0
37673,"Paraiso","24/02/2012 09:11","Alto (> 8 mts)",90,"Grande",-68.8516277235,-32.8720855796,6,"Residencial Norte",2694682.37982,1,0.971486261294321,0
17376,"Paraiso","09/08/2011 11:38","Alto (> 8 mts)",175,"Grande",-68.8407326983,-32.8659545704,4,"Cuarta Oeste",1173332.70145,0,0.238591837203602,0
45318,"Ailanthus","09/09/2011 12:35","Alto (> 8 mts)",175,"Grande",-68.8232611969,-32.8713530168,4,"Cuarta Este Área Fundacional",1822015.85685,0,0.525205574548134,0
26667,"Paraiso","14/11/2011 12:46","Alto (> 8 mts)",175,"Grande",-68.8317578482,-32.8934612461,3,"Parque O'Higgins",1531146.02653,0,0.469424571783529,0
4111,"Morera","30/09/2011 12:32","Medio (4 - 8 mts)",180,"Grande",-68.8260680376,-32.8744284839,4,"Cuarta Este Área Fundacional",1822015.85685,0,0.33534990122752,0
795,"Paraiso","14/12/2011 10:12","Medio (4 - 8 mts)",70,"Grande",-68.8797448341,-32.8665687136,8,"Aeroparque",2203364.73622,0,0.810395114063099,0
46697,"Morera","05/09/2011 10:17","Alto (> 8 mts)",178,"Grande",-68.8325757265,-32.8696733502,4,"Cuarta Este Área Fundacional",1822015.85685,0,0.420796156942789,0
19496,"Paraiso","18/07/2011 09:53","Alto (> 8 mts)",185,"Grande",-68.8385790635,-32.872058828,4,"Cuarta Oeste",1173332.70145,0,0.246387918747022,0
2889,"Morera","07/09/2011 12:19","Medio (4 - 8 mts)",80,"Grande",-68.8308472147,-32.8718440832,4,"Cuarta Este Área Fundacional",1822015.85685,0,0.0855847487056542,0
30755,"Morera","02/02/2011 09:31","Alto (> 8 mts)",150,"Grande",-68.8549793033,-32.869014289,6,"Residencial Norte",2694682.37982,0,0.297472248515543,0
40509,"Pltano","12/04/2011 10:43","Alto (> 8 mts)",195,"Grande",-68.8442650635,-32.8838444045,1,"Parque Central",1655357.93265,0,0.612065732475449,0
38684,"Prunas","17/12/2010 09:40","Medio (4 - 8 mts)",35,"Mediano",-68.8515802092,-32.8719866534,6,"Residencial Norte",2694682.37982,0,0.662299633851787,0
6272,"Fresno europeo","13/07/2011 11:40","Medio (4 - 8 mts)",52,"Mediano",-68.8501901353,-32.8845180558,1,"Parque Central",1655357.93265,0,0.873635973737506,0
46248,"Morera","27/09/2011 12:19","Alto (> 8 mts)",140,"Grande",-68.8261900396,-32.8756045752,4,"Cuarta Este Área Fundacional",1822015.85685,1,0.967046048054581,0
14609,"Paraiso","13/12/2011 12:43","Bajo (2 - 4 mts)",50,"Mediano",-68.8802088613,-32.866016102,8,"Aeroparque",2203364.73622,0,0.117999895573914,0
17154,"Morera","06/07/2011 13:39","Alto (> 8 mts)",150,"Grande",-68.8349671628,-32.8625445728,4,"Cuarta Oeste",1173332.70145,1,0.115834387294739,0
31457,"Morera","13/07/2011 11:44","Alto (> 8 mts)",103,"Grande",-68.8501538988,-32.8843436521,1,"Parque Central",1655357.93265,0,0.732185020120268,0
16637,"Fresno europeo","20/07/2011 09:23","Muy bajo (1 - 2 mts)",20,"Chico",-68.8414955757,-32.864226135,4,"Cuarta Oeste",1173332.70145,0,0.977623647514814,0
32032,"Morera","09/06/2011 14:00","Alto (> 8 mts)",162,"Grande",-68.8593310392,-32.8880528723,5,"Residencial Sur",2423808.92355,0,0.865836032684379,0
33692,"Morera","10/05/2011 13:45","Alto (> 8 mts)",172,"Grande",-68.8580450955,-32.8860907798,5,"Residencial Sur",2423808.92355,0,0.415587801006438,0
28167,"Tipa","22/02/2011 09:36","Alto (> 8 mts)",286,"Grande",-68.8477640461,-32.8915350951,2,"Barrio Civico",2366816.36021,0,0.0901773262824984,0
7281,"Morera","14/06/2011 13:13","Alto (> 8 mts)",98,"Grande",-68.8614318375,-32.9017563312,5,"Residencial Sur",2423808.92355,0,0.0466034740214573,0
38823,"Morera","13/12/2010 13:44","Alto (> 8 mts)",190,"Grande",-68.8497810223,-32.8715584552,6,"Residencial Norte",2694682.37982,0,0.901830880222281,0
19437,"Perenne","09/08/2011 09:32","Alto (> 8 mts)",100,"Grande",-68.8397043609,-32.8719736222,4,"Cuarta Oeste",1173332.70145,0,0.694858003433971,0
41558,"Morera","06/05/2011 12:40","Medio (4 - 8 mts)",130,"Grande",-68.840990913,-32.8796592259,1,"Parque Central",1655357.93265,0,0.623635811072573,0
19340,"Fresno europeo","19/07/2011 11:07","Alto (> 8 mts)",95,"Grande",-68.8361916138,-32.8705287055,4,"Cuarta Oeste",1173332.70145,0,0.888325137947177,0
36440,"Braquiquito","18/03/2011 12:24","Alto (> 8 mts)",70,"Grande",-68.8523800474,-32.8800115015,6,"Residencial Norte",2694682.37982,0,0.944426081773627,0
6867,"Morera","07/06/2011 10:36","Alto (> 8 mts)",180,"Grande",-68.8580083899,-32.8951190181,5,"Residencial Sur",2423808.92355,0,0.968535663301346,0
28714,"Morera","01/03/2011 11:29","Alto (> 8 mts)",170,"Grande",-68.8475122047,-32.8911605918,2,"Barrio Civico",2366816.36021,1,0.278703985098555,0
6131,"Pltano","02/05/2011 15:17","Alto (> 8 mts)",178,"Grande",-68.8374172706,-32.8826171133,1,"Parque Central",1655357.93265,1,0.996049833828189,0
9567,"Morera","10/02/2011 12:39","Medio (4 - 8 mts)",180,"Grande",-68.8551029893,-32.8645313748,6,"Residencial Norte",2694682.37982,0,0.396625783259641,0
30531,"Pltano","04/04/2011 15:39","Alto (> 8 mts)",178,"Grande",-68.8392052766,-32.8883577329,3,"Parque O'Higgins",1531146.02653,0,0.582507780711246,0
11557,"Paraiso","10/05/2010 11:12","Alto (> 8 mts)",160,"Grande",-68.8523749649,-32.8677975995,6,"Residencial Norte",2694682.37982,0,0.867603402937329,0
43790,"Morera","19/10/2011 08:26","Alto (> 8 mts)",140,"Grande",-68.8323809687,-32.8819776565,3,"Parque O'Higgins",1531146.02653,0,0.204726309011321,0
41793,"Morera","26/04/2011 13:34","Alto (> 8 mts)",160,"Grande",-68.8421614481,-32.878400863,1,"Parque Central",1655357.93265,1,0.201444969589885,0
43178,"Morera","07/10/2011 13:37","Alto (> 8 mts)",85,"Grande",-68.830754886,-32.8802089013,4,"Cuarta Este Área Fundacional",1822015.85685,1,0.858412288288587,0
13321,"Morera","23/02/2011 09:18","Alto (> 8 mts)",166,"Grande",-68.8483460163,-32.866049656,6,"Residencial Norte",2694682.37982,0,0.126461452125244,0
4530,"Morera","04/08/2011 10:07","Bajo (2 - 4 mts)",22,"Mediano",-68.8392162877,-32.8689332068,4,"Cuarta Oeste",1173332.70145,0,0.0227671358913918,0
44496,"Pltano","17/10/2011 09:07","Alto (> 8 mts)",110,"Grande",-68.8354092175,-32.8840256652,3,"Parque O'Higgins",1531146.02653,0,0.832317689059936,0
21330,"Fresno americano","15/06/2011 11:25","Bajo (2 - 4 mts)",55,"Mediano",-68.852645074,-32.8989866546,2,"Barrio Civico",2366816.36021,0,0.456181085405245,0
34628,"Prunas","31/03/2011 11:35","Medio (4 - 8 mts)",55,"Mediano",-68.8493211315,-32.8769308255,6,"Residencial Norte",2694682.37982,0,0.366811621615051,0
47620,"Caducifolio","08/09/2011 10:43","Muy bajo (1 - 2 mts)",6,"Chico",-68.8300866379,-32.8709659504,4,"Cuarta Este Área Fundacional",1822015.85685,0,0.190911330705516,0
37852,"Fresno europeo","24/11/2010 10:25","Medio (4 - 8 mts)",80,"Grande",-68.8524118457,-32.8727524544,6,"Residencial Norte",2694682.37982,0,0.441013320199313,0
360,"Morera","06/03/2012 13:05","Medio (4 - 8 mts)",140,"Grande",-68.8204522028,-32.8671792612,4,"Cuarta Este Área Fundacional",1822015.85685,0,0.942336754785889,0
32239,"Morera","09/05/2011 11:16","Medio (4 - 8 mts)",150,"Grande",-68.8607308055,-32.8845838251,5,"Residencial Sur",2423808.92355,0,0.584154314211383,0
31708,"Pltano","18/05/2011 10:19","Alto (> 8 mts)",210,"Grande",-68.8615313751,-32.8899904491,5,"Residencial Sur",2423808.92355,0,0.237279260708016,0
32168,"Morera","11/05/2011 10:03","Medio (4 - 8 mts)",90,"Grande",-68.857796891,-32.8852563422,5,"Residencial Sur",2423808.92355,0,0.414990905831032,0
8396,"Morera","04/02/2011 12:57","Bajo (2 - 4 mts)",52,"Mediano",-68.8388273097,-32.9025178689,2,"Barrio Civico",2366816.36021,0,0.323903811125225,0
7837,"Fresno europeo","10/06/2011 10:15","Bajo (2 - 4 mts)",28,"Mediano",-68.8510545481,-32.8856574785,5,"Residencial Sur",2423808.92355,0,0.822944727914645,0
36384,"Fresno europeo","21/03/2011 12:55","Alto (> 8 mts)",130,"Grande",-68.8518112735,-32.8800933898,6,"Residencial Norte",2694682.37982,1,0.44275587168672,0
4233,"Morera","01/07/2011 12:27","Bajo (2 - 4 mts)",32,"Mediano",-68.8350725808,-32.8716673236,4,"Cuarta Oeste",1173332.70145,0,0.106180990504104,0
24186,"Morera","27/01/2011 08:42","Alto (> 8 mts)",195,"Grande",-68.8448509667,-32.9009747407,2,"Barrio Civico",2366816.36021,1,0.334008732680758,0
15713,"Paraiso","15/11/2011 12:06","Medio (4 - 8 mts)",85,"Grande",-68.8609170056,-32.8688852496,6,"Residencial Norte",2694682.37982,0,0.720670047969343,0
39064,"Paraiso","22/12/2010 10:08","Alto (> 8 mts)",180,"Grande",-68.8532667966,-32.8706603571,6,"Residencial Norte",2694682.37982,0,0.104618394025224,0
34699,"Morera","01/04/2011 13:53","Alto (> 8 mts)",160,"Grande",-68.8503735574,-32.8770640968,6,"Residencial Norte",2694682.37982,0,0.679112236097309,0
48264,"Fresno europeo","31/08/2011 11:11","Bajo (2 - 4 mts)",10,"Chico",-68.82748803,-32.8697851005,4,"Cuarta Este Área Fundacional",1822015.85685,0,0.955784414998923,0
30611,"Aguaribay","11/02/2011 12:31","Alto (> 8 mts)",205,"Grande",-68.857863499,-32.8634746462,6,"Residencial Norte",2694682.37982,0,0.123699624452581,0
18682,"Morera","05/07/2011 09:27","Alto (> 8 mts)",92,"Grande",-68.8362676968,-32.8737808545,4,"Cuarta Oeste",1173332.70145,0,0.853807875857742,0
17930,"Morera","03/08/2011 13:49","Alto (> 8 mts)",140,"Grande",-68.8372616957,-32.8662084606,4,"Cuarta Oeste",1173332.70145,0,0.937782661181412,0
10546,"Perenne","21/03/2011 11:46","Muy bajo (1 - 2 mts)",6,"Chico",-68.8556583523,-32.8751075632,6,"Residencial Norte",2694682.37982,0,0.870698007626252,0
34667,"Morera","31/03/2011 08:59","Alto (> 8 mts)",140,"Grande",-68.8505228061,-32.8760638462,6,"Residencial Norte",2694682.37982,0,0.511584511486513,0
10226,"Fresno europeo","13/12/2010 11:54","Bajo (2 - 4 mts)",25,"Mediano",-68.8504198576,-32.8716446554,6,"Residencial Norte",2694682.37982,0,0.115768527324759,0
48326,"Olmo comun","19/08/2011 10:25","Medio (4 - 8 mts)",95,"Grande",-68.8273687951,-32.8679060757,4,"Cuarta Este Área Fundacional",1822015.85685,0,0.178117989217112,0
28591,"Morera","22/02/2011 09:22","Alto (> 8 mts)",230,"Grande",-68.8494631195,-32.8900189469,5,"Residencial Sur",2423808.92355,0,0.291462126064684,0
35790,"Morera","18/03/2011 11:22","Alto (> 8 mts)",140,"Grande",-68.8540035232,-32.8752902464,6,"Residencial Norte",2694682.37982,0,0.288203987242417,0
43745,"Caducifolio","17/10/2011 16:15","Bajo (2 - 4 mts)",14,"Chico",-68.8327758847,-32.8812675018,3,"Parque O'Higgins",1531146.02653,0,0.635586078648998,0
18132,"Morera","27/07/2011 10:12","Alto (> 8 mts)",92,"Grande",-68.8417185525,-32.8691352684,4,"Cuarta Oeste",1173332.70145,1,0.221942041469541,0
10970,"Fresno europeo","08/04/2011 10:58","Medio (4 - 8 mts)",38,"Mediano",-68.8566455654,-32.8817122953,7,"Residencial Parque",1786336.08966,0,0.3817222070514,0
8725,"Fresno europeo","14/02/2011 12:53","Muy bajo (1 - 2 mts)",15,"Chico",-68.8368798996,-32.9008649194,2,"Barrio Civico",2366816.36021,0,0.833928196655285,0
23019,"Morera","17/06/2011 17:54","Medio (4 - 8 mts)",28,"Mediano",-68.8582987892,-32.9003303963,5,"Residencial Sur",2423808.92355,0,0.020462217026043,0
16025,"Morera","15/08/2011 14:44","Alto (> 8 mts)",140,"Grande",-68.8459223062,-32.8735447926,6,"Residencial Norte",2694682.37982,0,0.552447378397548,0
27840,"Paraiso","02/11/2011 10:16","Alto (> 8 mts)",110,"Grande",-68.8355520205,-32.8951709044,2,"Barrio Civico",2366816.36021,1,0.684834867791324,0
2038,"Morera","01/11/2011 10:24","Medio (4 - 8 mts)",90,"Grande",-68.8330628547,-32.8948651656,3,"Parque O'Higgins",1531146.02653,0,0.831550010101093,0
23021,"Fresno europeo","17/06/2011 17:49","Bajo (2 - 4 mts)",18,"Chico",-68.8581427258,-32.9004029326,5,"Residencial Sur",2423808.92355,0,0.582334671698221,0
13643,"Fresno europeo","25/02/2011 09:03","Alto (> 8 mts)",180,"Grande",-68.8524974629,-32.8664397408,6,"Residencial Norte",2694682.37982,0,0.473714045840495,0
2238,"Morera","03/11/2011 09:46","Muy bajo (1 - 2 mts)",10,"Chico",-68.8369355915,-32.8939402168,2,"Barrio Civico",2366816.36021,0,0.026401726515713,0
37014,"Prunas","07/04/2011 17:28","Bajo (2 - 4 mts)",22,"Mediano",-68.8566529085,-32.8771204956,6,"Residencial Norte",2694682.37982,0,0.730191158581501,0
7643,"Fresno europeo","27/05/2011 11:21","Bajo (2 - 4 mts)",40,"Mediano",-68.8546836965,-32.8840994783,5,"Residencial Sur",2423808.92355,0,0.838184400906934,0
2487,"Fresno americano","21/10/2011 09:59","Bajo (2 - 4 mts)",25,"Mediano",-68.8369981789,-32.8883833863,3,"Parque O'Higgins",1531146.02653,0,0.0550904542574513,0
45423,"Morera","09/09/2011 15:46","Medio (4 - 8 mts)",210,"Grande",-68.8259315593,-32.8723593545,4,"Cuarta Este Área Fundacional",1822015.85685,1,0.341578212547277,0
11295,"Fresno americano","10/01/2011 11:38","Medio (4 - 8 mts)",73,"Grande",-68.8472060264,-32.9031891262,2,"Barrio Civico",2366816.36021,0,0.948861594188859,0
5375,"Acer","26/04/2011 09:18","Medio (4 - 8 mts)",120,"Grande",-68.843362138,-32.877561978,1,"Parque Central",1655357.93265,0,0.766877704144758,0
6634,"Fresno europeo","11/05/2011 10:59","Alto (> 8 mts)",115,"Grande",-68.8575402178,-32.8929243355,5,"Residencial Sur",2423808.92355,0,0.942518210349687,0
3578,"Paraiso","05/09/2011 07:46","Medio (4 - 8 mts)",50,"Mediano",-68.8304419826,-32.8690060133,4,"Cuarta Este Área Fundacional",1822015.85685,0,0.777459414519947,0
32380,"Pltano","06/05/2011 09:13","Alto (> 8 mts)",210,"Grande",-68.8528667723,-32.8921204494,5,"Residencial Sur",2423808.92355,0,0.246402993546697,0
33216,"Morera","09/05/2011 12:28","Alto (> 8 mts)",155,"Grande",-68.8545785776,-32.8914065683,5,"Residencial Sur",2423808.92355,0,0.558082457838408,0
12255,"Paraiso","17/01/2011 10:05","Alto (> 8 mts)",130,"Grande",-68.8459878859,-32.8681505826,6,"Residencial Norte",2694682.37982,0,0.823359944197833,0
14664,"Jacarand","15/12/2011 17:30","Muy bajo (1 - 2 mts)",4,"Chico",-68.8821057488,-32.8672294392,8,"Aeroparque",2203364.73622,0,0.26064595005373,0
13066,"Morera","17/02/2011 11:39","Alto (> 8 mts)",182,"Grande",-68.8455700056,-32.864815559,4,"Cuarta Oeste",1173332.70145,0,0.795414686968286,0
3228,"Morera","22/09/2011 08:02","Alto (> 8 mts)",66,"Grande",-68.8219197427,-32.8720226543,4,"Cuarta Este Área Fundacional",1822015.85685,0,0.90944015006202,0
31621,"Tilo","10/06/2011 09:17","Alto (> 8 mts)",115,"Grande",-68.8600185562,-32.8880408398,5,"Residencial Sur",2423808.92355,0,0.0512643262799864,0
14451,"Paraiso sombrilla","02/12/2011 08:43","Bajo (2 - 4 mts)",60,"Mediano",-68.8778370317,-32.8673535277,8,"Aeroparque",2203364.73622,0,0.70084907983947,0
44311,"Fresno europeo","12/10/2011 17:31","Alto (> 8 mts)",140,"Grande",-68.8357027022,-32.8810564225,1,"Parque Central",1655357.93265,0,0.699726319757961,0
28845,"Fresno americano","27/04/2011 09:16","Alto (> 8 mts)",85,"Grande",-68.8472365173,-32.8851305102,1,"Parque Central",1655357.93265,0,0.112280709681438,0
27314,"Pltano","25/10/2011 09:31","Alto (> 8 mts)",180,"Grande",-68.8346431188,-32.889940925,3,"Parque O'Higgins",1531146.02653,0,0.521585317932794,0
24801,"Pltano","18/02/2011 08:39","Alto (> 8 mts)",250,"Grande",-68.8409791188,-32.8971518497,2,"Barrio Civico",2366816.36021,0,0.600450929243103,0
3168,"Perenne","19/09/2011 10:47","Muy bajo (1 - 2 mts)",2,"Chico",-68.8321832749,-32.8748538158,4,"Cuarta Este Área Fundacional",1822015.85685,0,0.000999351030714579,0
32877,"Morera","10/06/2011 10:32","Medio (4 - 8 mts)",140,"Grande",-68.8507074905,-32.885411918,5,"Residencial Sur",2423808.92355,1,0.109841016709165,0
2846,"Acacia SP","03/11/2011 10:58","Alto (> 8 mts)",108,"Grande",-68.8347355817,-32.8945732154,3,"Parque O'Higgins",1531146.02653,0,0.189925559262021,0
17019,"Morera","09/08/2011 11:55","Alto (> 8 mts)",190,"Grande",-68.8391885919,-32.8640403018,4,"Cuarta Oeste",1173332.70145,0,0.926375485267432,0
35527,"Morera","17/06/2011 09:07","Bajo (2 - 4 mts)",60,"Mediano",-68.8557725264,-32.8820111766,7,"Residencial Parque",1786336.08966,0,0.0635700394932903,0
3765,"Fresno americano","29/08/2011 09:46","Medio (4 - 8 mts)",25,"Mediano",-68.8187431166,-32.8696519192,4,"Cuarta Este Área Fundacional",1822015.85685,0,0.587225449647532,0
27078,"Pltano","21/10/2011 14:42","Muy bajo (1 - 2 mts)",14,"Chico",-68.8385815502,-32.8879524044,3,"Parque O'Higgins",1531146.02653,0,0.963990993425995,0
32617,"Pltano","22/06/2011 11:14","Alto (> 8 mts)",185,"Grande",-68.8524109532,-32.8894748903,5,"Residencial Sur",2423808.92355,0,0.614179582250328,0
466,"Morera","07/03/2012 11:07","Alto (> 8 mts)",148,"Grande",-68.8217680874,-32.8686025603,4,"Cuarta Este Área Fundacional",1822015.85685,0,0.336739057710916,0
36173,"Fresno europeo","04/04/2011 10:11","Medio (4 - 8 mts)",46,"Mediano",-68.8527615846,-32.877334914,6,"Residencial Norte",2694682.37982,0,0.059338744166239,0
16885,"Caducifolio","28/07/2011 13:33","Bajo (2 - 4 mts)",35,"Mediano",-68.8397781362,-32.8652331894,4,"Cuarta Oeste",1173332.70145,0,0.33806098930166,0
23855,"Fresno europeo","28/01/2011 12:47","Alto (> 8 mts)",100,"Grande",-68.8509900132,-32.9006269417,2,"Barrio Civico",2366816.36021,0,0.51722695743512,0
12262,"Morera","10/01/2011 09:48","Alto (> 8 mts)",65,"Grande",-68.8450555774,-32.8683294845,4,"Cuarta Oeste",1173332.70145,0,0.486702079275749,0
26947,"Fresno europeo","01/11/2011 16:57","Alto (> 8 mts)",100,"Grande",-68.8365303689,-32.8874468026,3,"Parque O'Higgins",1531146.02653,0,0.109999100329981,0
17626,"Paraiso","18/07/2011 11:56","Bajo (2 - 4 mts)",43,"Mediano",-68.8429915168,-32.8670222786,4,"Cuarta Oeste",1173332.70145,0,0.841837915376779,0
46811,"Paraiso","07/09/2011 10:32","Alto (> 8 mts)",232,"Grande",-68.8333301447,-32.872092611,4,"Cuarta Este Área Fundacional",1822015.85685,0,0.340713613716647,0
6420,"Morera","11/05/2011 10:13","Alto (> 8 mts)",190,"Grande",-68.8582320912,-32.8870525746,5,"Residencial Sur",2423808.92355,0,0.230802992809123,0
17842,"Morera","02/08/2011 10:28","Alto (> 8 mts)",160,"Grande",-68.8364713616,-32.8669108421,4,"Cuarta Oeste",1173332.70145,0,0.217353061843735,0
11430,"Braquiquito","24/01/2011 12:04","Medio (4 - 8 mts)",56,"Mediano",-68.8515488664,-32.9020186526,2,"Barrio Civico",2366816.36021,0,0.330090519086078,0
31899,"Morera","02/06/2011 10:00","Medio (4 - 8 mts)",150,"Grande",-68.8586770204,-32.8837930813,5,"Residencial Sur",2423808.92355,0,0.991441683419583,0
43498,"Morera","14/11/2011 08:02","Medio (4 - 8 mts)",100,"Grande",-68.8285178542,-32.8843166698,3,"Parque O'Higgins",1531146.02653,0,0.991441890310905,0
40940,"Fresno europeo","18/04/2011 18:33","Medio (4 - 8 mts)",30,"Mediano",-68.8383454174,-32.8852252288,3,"Parque O'Higgins",1531146.02653,0,0.372162282103767,0
6873,"Fresno europeo","07/06/2011 10:25","Alto (> 8 mts)",140,"Grande",-68.8584383356,-32.8950536641,5,"Residencial Sur",2423808.92355,0,0.0412702018021146,0
41506,"Olmo comun","07/04/2011 10:50","Medio (4 - 8 mts)",160,"Grande",-68.8433426612,-32.8816234657,1,"Parque Central",1655357.93265,0,0.324298648640172,0
7901,"Tilo","15/06/2011 13:34","Medio (4 - 8 mts)",38,"Mediano",-68.8559582772,-32.8890060187,5,"Residencial Sur",2423808.92355,0,0.114353615639933,0
7779,"Fresno europeo","13/05/2011 08:44","Medio (4 - 8 mts)",130,"Grande",-68.8566366101,-32.8860252729,5,"Residencial Sur",2423808.92355,0,0.486526720996909,0
19696,"Morera","12/07/2011 09:46","Alto (> 8 mts)",120,"Grande",-68.8348655168,-32.8715566452,4,"Cuarta Oeste",1173332.70145,1,0.0717771855072648,0
27987,"Pltano","31/10/2011 09:14","Alto (> 8 mts)",230,"Grande",-68.837302391,-32.8935408767,3,"Parque O'Higgins",1531146.02653,0,0.871851637969748,0
5349,"Morera","25/04/2011 12:50","Medio (4 - 8 mts)",110,"Grande",-68.8440192824,-32.8779132378,1,"Parque Central",1655357.93265,0,0.684742461043083,0
7933,"Fresno americano","01/03/2011 12:45","Alto (> 8 mts)",100,"Grande",-68.8478001388,-32.887281854,1,"Parque Central",1655357.93265,0,0.377815561318324,0
9892,"Fresno europeo","14/02/2011 09:54","Medio (4 - 8 mts)",39,"Mediano",-68.8569074432,-32.8647112191,6,"Residencial Norte",2694682.37982,0,0.0359283119413997,0
22860,"Pltano","10/05/2011 10:30","Alto (> 8 mts)",92,"Grande",-68.8569171739,-32.9015995632,5,"Residencial Sur",2423808.92355,0,0.441834677049045,0
1167,"Paraiso","29/11/2011 12:00","Muy bajo (1 - 2 mts)",2,"Chico",-68.8758330416,-32.8648596435,8,"Aeroparque",2203364.73622,0,0.507014390852597,0
46953,"lamo blanco","09/09/2011 11:19","Alto (> 8 mts)",105,"Grande",-68.8313690434,-32.8708255372,4,"Cuarta Este Área Fundacional",1822015.85685,0,0.334090458235454,0
47379,"Morera","21/09/2011 11:44","Medio (4 - 8 mts)",9,"Chico",-68.829246281,-32.8744929119,4,"Cuarta Este Área Fundacional",1822015.85685,0,0.730359185085164,0
25081,"Morera","17/02/2011 14:04","Alto (> 8 mts)",106,"Grande",-68.8368165707,-32.8971217805,2,"Barrio Civico",2366816.36021,1,0.148219767252029,0
19960,"Morera","05/08/2011 09:42","Medio (4 - 8 mts)",38,"Mediano",-68.833957373,-32.8645888611,4,"Cuarta Oeste",1173332.70145,0,0.941370917980999,0
44388,"Pltano","19/10/2011 09:14","Alto (> 8 mts)",140,"Grande",-68.8370615372,-32.8846829595,3,"Parque O'Higgins",1531146.02653,0,0.725769558965219,0
5449,"Acacia visco","14/04/2011 12:30","Bajo (2 - 4 mts)",68,"Grande",-68.84455408,-32.8793639092,1,"Parque Central",1655357.93265,0,0.254623876801808,0
34066,"Morera","30/05/2011 09:26","Medio (4 - 8 mts)",90,"Grande",-68.8561765961,-32.8842484711,5,"Residencial Sur",2423808.92355,0,0.48878309766053,0
7337,"Fresno europeo","21/06/2011 11:11","Medio (4 - 8 mts)",120,"Grande",-68.8601576842,-32.900497136,5,"Residencial Sur",2423808.92355,0,0.418353883835993,0
13524,"Morera","01/02/2011 11:53","Alto (> 8 mts)",180,"Grande",-68.851923217,-32.8646730527,6,"Residencial Norte",2694682.37982,0,0.711714903295711,0
38783,"Paraiso","01/11/2010 11:55","Alto (> 8 mts)",210,"Grande",-68.8501775534,-32.8699100229,6,"Residencial Norte",2694682.37982,0,0.376484822866152,0
7951,"Pltano","25/02/2011 09:24","Alto (> 8 mts)",220,"Grande",-68.8452444458,-32.8875954874,1,"Parque Central",1655357.93265,0,0.406359264519357,0
47964,"Morera","02/09/2011 10:14","Alto (> 8 mts)",308,"Grande",-68.825688611,-32.8687387148,4,"Cuarta Este Área Fundacional",1822015.85685,1,0.361168610661502,0
1751,"Paraiso","21/11/2011 10:24","Medio (4 - 8 mts)",65,"Grande",-68.87245203,-32.877828057,7,"Residencial Parque",1786336.08966,0,0.678434713774965,0
17445,"Morera","29/07/2011 09:50","Alto (> 8 mts)",128,"Grande",-68.8346847647,-32.866989917,4,"Cuarta Oeste",1173332.70145,0,0.731192224565092,0
12937,"Paraiso sombrilla","12/01/2011 13:04","Medio (4 - 8 mts)",120,"Grande",-68.8439438401,-32.8639196879,4,"Cuarta Oeste",1173332.70145,0,0.118261063639836,0
9996,"Paraiso","04/11/2010 12:14","Alto (> 8 mts)",180,"Grande",-68.8522059027,-32.8692864306,6,"Residencial Norte",2694682.37982,0,0.179330093455468,0
13590,"Morera","28/02/2011 12:54","Alto (> 8 mts)",73,"Grande",-68.851858347,-32.8652871431,6,"Residencial Norte",2694682.37982,0,0.943335684389524,0
20071,"Olmo comun","15/08/2011 13:46","Medio (4 - 8 mts)",91,"Grande",-68.8335249114,-32.8656372164,4,"Cuarta Oeste",1173332.70145,0,0.923191660366277,0
13000,"Fresno europeo","15/02/2011 11:41","Muy bajo (1 - 2 mts)",5,"Chico",-68.8444993925,-32.8655146687,4,"Cuarta Oeste",1173332.70145,0,0.474000453192338,0
22112,"Fresno europeo","13/06/2011 13:05","Alto (> 8 mts)",120,"Grande",-68.8551164969,-32.8970206932,5,"Residencial Sur",2423808.92355,0,0.0306892047795689,0
35148,"Fresno europeo","23/03/2011 13:03","Alto (> 8 mts)",88,"Grande",-68.8537073132,-32.8809544285,6,"Residencial Norte",2694682.37982,1,0.362408668638632,0
43890,"Pltano","11/10/2011 09:38","Alto (> 8 mts)",250,"Grande",-68.8330684403,-32.8837365461,3,"Parque O'Higgins",1531146.02653,0,0.589708135541864,0
33225,"Pltano","09/05/2011 12:08","Alto (> 8 mts)",180,"Grande",-68.8549909647,-32.8922247316,5,"Residencial Sur",2423808.92355,0,0.124767827871922,0
33300,"Pltano","24/06/2011 11:14","Alto (> 8 mts)",138,"Grande",-68.8572853513,-32.8896582857,5,"Residencial Sur",2423808.92355,0,0.399629279250112,0
21721,"Fresno europeo","09/06/2011 11:02","Medio (4 - 8 mts)",58,"Mediano",-68.8554415996,-32.8955515019,5,"Residencial Sur",2423808.92355,0,0.1114476044997,0
29397,"Pltano","02/03/2011 13:07","Alto (> 8 mts)",120,"Grande",-68.8455929436,-32.8917014652,2,"Barrio Civico",2366816.36021,0,0.143449561282097,0
17859,"Pltano","02/08/2011 09:41","Alto (> 8 mts)",185,"Grande",-68.8359012001,-32.8660445172,4,"Cuarta Oeste",1173332.70145,0,0.702832139853684,0
39588,"Morera","22/10/2010 12:00","Alto (> 8 mts)",160,"Grande",-68.8476820485,-32.8692789925,6,"Residencial Norte",2694682.37982,0,0.94538077377385,0
39403,"Morera","12/11/2010 13:40","Alto (> 8 mts)",147,"Grande",-68.8558510095,-32.8691740326,6,"Residencial Norte",2694682.37982,0,0.0758270135631945,0
19300,"Morera","13/07/2011 20:29","Medio (4 - 8 mts)",80,"Grande",-68.8355157194,-32.8702781394,4,"Cuarta Oeste",1173332.70145,0,0.615418934194261,0
18805,"Morera","10/08/2011 10:56","Medio (4 - 8 mts)",140,"Grande",-68.8360710068,-32.8697596728,4,"Cuarta Oeste",1173332.70145,0,0.00766438482150555,0
13944,"Jacarand","29/11/2011 13:28","Medio (4 - 8 mts)",85,"Grande",-68.8764471337,-32.8656720471,8,"Aeroparque",2203364.73622,0,0.360812098173673,0
14217,"Morera","30/11/2011 11:32","Medio (4 - 8 mts)",120,"Grande",-68.8765965597,-32.8662130739,8,"Aeroparque",2203364.73622,0,0.0671150956836838,0
28447,"Morera","28/02/2011 09:20","Alto (> 8 mts)",160,"Grande",-68.8468279607,-32.8893847776,2,"Barrio Civico",2366816.36021,1,0.0960519961521453,0
26453,"Fresno americano","09/11/2011 09:17","Medio (4 - 8 mts)",100,"Grande",-68.834191635,-32.8926467849,3,"Parque O'Higgins",1531146.02653,0,0.752690814964197,0
22253,"Fresno europeo","14/06/2011 10:29","Alto (> 8 mts)",104,"Grande",-68.8563869518,-32.8970002973,5,"Residencial Sur",2423808.92355,0,0.480687462668489,0
31777,"Tilo","27/06/2011 11:16","Alto (> 8 mts)",95,"Grande",-68.8588932067,-32.890122129,5,"Residencial Sur",2423808.92355,0,0.373310040292564,0
46617,"Morera","05/09/2011 09:43","Alto (> 8 mts)",160,"Grande",-68.8312004871,-32.8696783766,4,"Cuarta Este Área Fundacional",1822015.85685,0,0.98635829913432,0
11559,"Paraiso","10/05/2010 11:13","Medio (4 - 8 mts)",165,"Grande",-68.8522477279,-32.8677874404,6,"Residencial Norte",2694682.37982,0,0.337653759304206,0
11905,"Paraiso","03/03/2011 09:10","Medio (4 - 8 mts)",150,"Grande",-68.8505050692,-32.8663301084,6,"Residencial Norte",2694682.37982,0,0.981083417720762,0
26771,"Ailanthus","01/11/2011 10:29","Bajo (2 - 4 mts)",36,"Mediano",-68.8330691294,-32.8951114293,3,"Parque O'Higgins",1531146.02653,0,0.983470047249656,0
27049,"Fresno americano","21/10/2011 10:21","Medio (4 - 8 mts)",95,"Grande",-68.8385663945,-32.8884801089,3,"Parque O'Higgins",1531146.02653,0,0.384868883643813,0
24929,"Fresno europeo","09/02/2011 11:08","Medio (4 - 8 mts)",91,"Grande",-68.837737008,-32.8975341329,2,"Barrio Civico",2366816.36021,0,0.0223883591149869,0
5706,"Morera","04/05/2011 13:54","Bajo (2 - 4 mts)",7,"Chico",-68.8413704381,-32.8787601167,1,"Parque Central",1655357.93265,0,0.942303287692343,0
40051,"Morera","19/04/2011 11:46","Alto (> 8 mts)",190,"Grande",-68.8439945751,-32.8792763624,1,"Parque Central",1655357.93265,0,0.133223622875617,0
42391,"Fresno americano","29/09/2011 11:26","Medio (4 - 8 mts)",90,"Grande",-68.8336185542,-32.8754782469,4,"Cuarta Este Área Fundacional",1822015.85685,0,0.537679094023456,0
38562,"Morera","20/12/2010 12:33","Alto (> 8 mts)",160,"Grande",-68.8525362337,-32.8708087285,6,"Residencial Norte",2694682.37982,0,0.418817740181091,0
32957,"Morera","23/05/2011 12:23","Medio (4 - 8 mts)",50,"Mediano",-68.8497562917,-32.8881891159,5,"Residencial Sur",2423808.92355,0,0.535632397118126,0
6636,"Morera","11/05/2011 10:38","Alto (> 8 mts)",110,"Grande",-68.8573197007,-32.892968469,5,"Residencial Sur",2423808.92355,0,0.384147814249178,0
10375,"Paraiso","24/08/2010 11:07","Alto (> 8 mts)",166,"Grande",-68.8474916307,-32.8742395044,6,"Residencial Norte",2694682.37982,0,0.163917744827953,0
10203,"Morera","16/12/2010 12:01","Medio (4 - 8 mts)",36,"Mediano",-68.8518162483,-32.8715501696,6,"Residencial Norte",2694682.37982,0,0.211700855784803,0
40885,"Fresno europeo","20/04/2011 19:37","Medio (4 - 8 mts)",78,"Grande",-68.8391391329,-32.8846853271,3,"Parque O'Higgins",1531146.02653,0,0.481975410774639,0
5026,"Perenne","22/07/2011 09:08","Medio (4 - 8 mts)",30,"Mediano",-68.8402754446,-32.8634481397,4,"Cuarta Oeste",1173332.70145,0,0.91694526657911,0
33875,"Acacia visco","13/05/2011 11:39","Alto (> 8 mts)",160,"Grande",-68.8550320412,-32.885967669,5,"Residencial Sur",2423808.92355,0,0.0470692501622665,0
30963,"Acacia visco","10/02/2011 13:28","Bajo (2 - 4 mts)",86,"Grande",-68.8551911547,-32.8636351402,6,"Residencial Norte",2694682.37982,0,0.0416956640869726,0
30745,"Fresno americano","02/02/2011 10:18","Muy bajo (1 - 2 mts)",10,"Chico",-68.8547492049,-32.8681418334,6,"Residencial Norte",2694682.37982,0,0.645336435690248,0
5622,"Pltano","05/05/2011 13:16","Medio (4 - 8 mts)",51,"Mediano",-68.839458428,-32.8766761941,1,"Parque Central",1655357.93265,0,0.633091250504619,0
10302,"Fresno europeo","02/12/2010 11:34","Alto (> 8 mts)",80,"Grande",-68.8457172416,-32.8722212642,6,"Residencial Norte",2694682.37982,0,0.0864700043929673,0
33650,"Paraiso","16/05/2011 09:56","Alto (> 8 mts)",156,"Grande",-68.8568217433,-32.8866424833,5,"Residencial Sur",2423808.92355,0,0.207463182938815,0
26536,"Pltano","21/10/2011 13:41","Alto (> 8 mts)",156,"Grande",-68.8314821201,-32.8903486882,3,"Parque O'Higgins",1531146.02653,0,0.998374305614188,0
36689,"Fresno europeo","07/06/2011 09:38","Bajo (2 - 4 mts)",60,"Mediano",-68.8593628969,-32.8834761826,7,"Residencial Parque",1786336.08966,0,0.944097096899661,0
33775,"Fresno europeo","11/05/2011 13:04","Medio (4 - 8 mts)",140,"Grande",-68.8567226205,-32.8858136244,5,"Residencial Sur",2423808.92355,0,0.411509775913568,0
44185,"Pltano","17/10/2011 10:25","Alto (> 8 mts)",260,"Grande",-68.8339790923,-32.8828484191,3,"Parque O'Higgins",1531146.02653,0,0.988265652194157,0
12838,"Perenne","18/01/2011 09:27","Medio (4 - 8 mts)",80,"Grande",-68.846549873,-32.8634841843,4,"Cuarta Oeste",1173332.70145,0,0.151137318687259,0
47384,"Morera","21/09/2011 11:37","Alto (> 8 mts)",296,"Grande",-68.8292602662,-32.8750012156,4,"Cuarta Este Área Fundacional",1822015.85685,1,0.848311607170126,0
19426,"Fresno europeo","01/07/2011 12:49","Alto (> 8 mts)",115,"Grande",-68.8355591753,-32.8716266801,4,"Cuarta Oeste",1173332.70145,0,0.158904686051927,0
43611,"Morera","13/10/2011 08:36","Alto (> 8 mts)",115,"Grande",-68.8338372588,-32.8827242264,3,"Parque O'Higgins",1531146.02653,0,0.0908120575750481,0
47989,"Morera","31/08/2011 09:48","Alto (> 8 mts)",132,"Grande",-68.8258123951,-32.869912893,4,"Cuarta Este Área Fundacional",1822015.85685,0,0.994000449450193,0
12231,"Fresno europeo","18/01/2011 11:22","Bajo (2 - 4 mts)",27,"Mediano",-68.8452898582,-32.8674151719,4,"Cuarta Oeste",1173332.70145,0,0.497594220293897,0
35737,"Morera","04/03/2011 09:40","Alto (> 8 mts)",105,"Grande",-68.8550481794,-32.8740181793,6,"Residencial Norte",2694682.37982,0,0.816471227317435,0
47497,"Morera","31/08/2011 13:07","Medio (4 - 8 mts)",82,"Grande",-68.8269561995,-32.8701934646,4,"Cuarta Este Área Fundacional",1822015.85685,0,0.70976170601575,0
19486,"Morera","18/07/2011 10:23","Alto (> 8 mts)",198,"Grande",-68.8393174013,-32.8721087694,4,"Cuarta Oeste",1173332.70145,0,0.515048802452565,0
39425,"Fresno europeo","11/11/2010 11:30","Medio (4 - 8 mts)",60,"Mediano",-68.855243667,-32.8704070011,6,"Residencial Norte",2694682.37982,0,0.3208924677486,0
32502,"Morera","27/05/2011 10:13","Alto (> 8 mts)",160,"Grande",-68.8527131099,-32.8882946614,5,"Residencial Sur",2423808.92355,0,0.916662284765688,0
44999,"Prunas","31/08/2011 11:50","Muy bajo (1 - 2 mts)",16,"Chico",-68.8244479991,-32.8695871216,4,"Cuarta Este Área Fundacional",1822015.85685,0,0.523244507834099,0
37469,"Paraiso","04/01/2011 12:26","Alto (> 8 mts)",90,"Grande",-68.8572324634,-32.8708984523,6,"Residencial Norte",2694682.37982,1,0.586850185625571,0
2971,"Fresno europeo","16/09/2011 09:35","Alto (> 8 mts)",123,"Grande",-68.8245661456,-32.8719310667,4,"Cuarta Este Área Fundacional",1822015.85685,1,0.13867485789968,0
42311,"Morera","03/05/2011 12:19","Alto (> 8 mts)",120,"Grande",-68.8418220558,-32.8729301299,4,"Cuarta Oeste",1173332.70145,0,0.155219721494791,0
20853,"Morera","26/05/2011 12:33","Medio (4 - 8 mts)",50,"Mediano",-68.8591411009,-32.8949401954,5,"Residencial Sur",2423808.92355,0,0.859183423636308,0
28129,"Pltano","14/03/2011 15:48","Alto (> 8 mts)",148,"Grande",-68.8469729139,-32.8915903094,2,"Barrio Civico",2366816.36021,0,0.77180023192044,0
11897,"Paraiso","02/03/2011 09:09","Alto (> 8 mts)",190,"Grande",-68.8510076897,-32.8663136984,6,"Residencial Norte",2694682.37982,0,0.526224149967364,0
9475,"Morera","01/02/2011 12:25","Bajo (2 - 4 mts)",34,"Mediano",-68.8512955944,-32.8645994901,6,"Residencial Norte",2694682.37982,0,0.138843813036117,0
2445,"Fresno europeo","27/10/2011 08:33","Muy bajo (1 - 2 mts)",4,"Chico",-68.8365213992,-32.8910521863,3,"Parque O'Higgins",1531146.02653,0,0.153250054039205,0
33065,"Morera","18/05/2011 10:28","Alto (> 8 mts)",167,"Grande",-68.8531295438,-32.8879959697,5,"Residencial Sur",2423808.92355,0,0.319036185547979,0
30028,"Pltano","03/05/2011 10:00","Alto (> 8 mts)",174,"Grande",-68.8407234897,-32.8859650526,3,"Parque O'Higgins",1531146.02653,0,0.255484566492105,0
37679,"Fresno europeo","24/02/2012 08:57","Alto (> 8 mts)",115,"Grande",-68.8520103445,-32.8720796768,6,"Residencial Norte",2694682.37982,0,0.468811875829281,0
43771,"Acacia SP","14/10/2011 18:57","Bajo (2 - 4 mts)",130,"Grande",-68.833446228,-32.8824123735,3,"Parque O'Higgins",1531146.02653,0,0.808482132619779,0
42211,"Morera","29/04/2011 14:15","Alto (> 8 mts)",155,"Grande",-68.8392222754,-32.8745498354,1,"Parque Central",1655357.93265,1,0.278842996284491,0
13056,"Fresno europeo","16/02/2011 11:49","Bajo (2 - 4 mts)",56,"Mediano",-68.845426112,-32.8644121783,4,"Cuarta Oeste",1173332.70145,0,0.662506807257858,0
1561,"Acer","21/11/2011 17:43","Bajo (2 - 4 mts)",80,"Grande",-68.8735891384,-32.8788981639,7,"Residencial Parque",1786336.08966,0,0.509823805067611,0
39218,"Ailanthus","26/11/2010 09:38","Bajo (2 - 4 mts)",25,"Mediano",-68.8552145656,-32.8728125176,6,"Residencial Norte",2694682.37982,0,0.539895149621011,0
30920,"Fresno europeo","14/02/2011 09:21","Medio (4 - 8 mts)",90,"Grande",-68.855990561,-32.8643187736,6,"Residencial Norte",2694682.37982,0,0.576868310632256,0
23688,"Morera","21/01/2011 12:38","Alto (> 8 mts)",180,"Grande",-68.8488265679,-32.8997457919,2,"Barrio Civico",2366816.36021,0,0.59418645185191,0
38426,"Paraiso sombrilla","04/11/2010 10:51","Alto (> 8 mts)",180,"Grande",-68.851595237,-32.8691873607,6,"Residencial Norte",2694682.37982,0,0.76556686706938,0
6554,"Caducifolio","23/05/2011 09:58","Medio (4 - 8 mts)",32,"Mediano",-68.8573261457,-32.8912692343,5,"Residencial Sur",2423808.92355,0,0.880240620339189,0
29966,"Fresno americano","28/04/2011 09:54","Alto (> 8 mts)",220,"Grande",-68.8427821653,-32.8865867592,1,"Parque Central",1655357.93265,0,0.614215949982995,0
44350,"Pltano","17/10/2011 13:28","Alto (> 8 mts)",200,"Grande",-68.8363341195,-32.8835308165,3,"Parque O'Higgins",1531146.02653,1,0.426001551508456,0
47427,"Paraiso","22/09/2011 09:21","Alto (> 8 mts)",160,"Grande",-68.8276799769,-32.874400775,4,"Cuarta Este Área Fundacional",1822015.85685,0,0.247353645513813,0
43861,"Pltano","07/10/2011 09:04","Alto (> 8 mts)",220,"Grande",-68.8307095487,-32.8838212002,3,"Parque O'Higgins",1531146.02653,0,0.302403685718239,0
35110,"Fresno europeo","28/03/2011 12:21","Bajo (2 - 4 mts)",30,"Mediano",-68.8521055778,-32.8812647109,1,"Parque Central",1655357.93265,0,0.554030365836341,0
23240,"Morera","31/01/2012 17:27","Medio (4 - 8 mts)",160,"Grande",-68.8522692908,-32.901776065,2,"Barrio Civico",2366816.36021,1,0.561082911772555,0
56,"Fresno americano","29/02/2012 11:12","Bajo (2 - 4 mts)",22,"Mediano",-68.8565517502,-32.8968807383,5,"Residencial Sur",2423808.92355,0,0.00512840286400884,0
2628,"Fresno europeo","26/10/2011 16:22","Bajo (2 - 4 mts)",20,"Chico",-68.832040044,-32.8801040644,3,"Parque O'Higgins",1531146.02653,0,0.354515172258865,0
13675,"Morera","23/02/2011 11:35","Alto (> 8 mts)",97,"Grande",-68.8527246445,-32.8650330962,6,"Residencial Norte",2694682.37982,0,0.766269716087827,0
40489,"Olmo comun","11/04/2011 09:10","Medio (4 - 8 mts)",90,"Grande",-68.8427731783,-32.8817949988,1,"Parque Central",1655357.93265,0,0.853154166585726,0
22929,"Morera","19/05/2011 15:25","Medio (4 - 8 mts)",40,"Mediano",-68.8557012519,-32.9003376147,5,"Residencial Sur",2423808.92355,0,0.48290888397501,0
2239,"Morera","03/11/2011 09:49","Alto (> 8 mts)",122,"Grande",-68.8368750224,-32.8939504306,3,"Parque O'Higgins",1531146.02653,0,0.284249888078062,0
9412,"Morera","14/02/2011 12:38","Alto (> 8 mts)",100,"Grande",-68.8563287852,-32.8649126818,6,"Residencial Norte",2694682.37982,0,0.71005656307222,0
39820,"Fresno americano","29/04/2011 10:16","Alto (> 8 mts)",140,"Grande",-68.8469847772,-32.8833538143,1,"Parque Central",1655357.93265,0,0.22160988270292,0
20231,"Morera","26/05/2011 12:29","Alto (> 8 mts)",122,"Grande",-68.8601371261,-32.893654454,5,"Residencial Sur",2423808.92355,1,0.83521245316844,0
41398,"Perenne","15/04/2011 11:08","Medio (4 - 8 mts)",72,"Grande",-68.8420986991,-32.8818490378,1,"Parque Central",1655357.93265,0,0.221949335840809,0
11884,"Paraiso","02/03/2011 09:45","Medio (4 - 8 mts)",127,"Grande",-68.8510803408,-32.8653764692,6,"Residencial Norte",2694682.37982,0,0.905156358915793,0
2162,"Morera","07/11/2011 09:10","Alto (> 8 mts)",142,"Grande",-68.8393654465,-32.8942994971,2,"Barrio Civico",2366816.36021,0,0.596857137267312,0
8306,"Morera","23/03/2011 19:10","Alto (> 8 mts)",182,"Grande",-68.8440857606,-32.8935699434,2,"Barrio Civico",2366816.36021,0,0.102964450982994,0
43697,"Morera","11/10/2011 09:49","Medio (4 - 8 mts)",95,"Grande",-68.831201179,-32.8834005039,3,"Parque O'Higgins",1531146.02653,1,0.00478845243461712,0
3124,"Morera","09/09/2011 14:40","Alto (> 8 mts)",95,"Grande",-68.82940254,-32.872017517,4,"Cuarta Este Área Fundacional",1822015.85685,0,0.569846164025179,0
42109,"Paraiso","04/05/2011 10:13","Alto (> 8 mts)",115,"Grande",-68.843106956,-32.8774030639,1,"Parque Central",1655357.93265,0,0.143926543625993,0
31053,"Fresno europeo","16/02/2011 10:25","Medio (4 - 8 mts)",115,"Grande",-68.8550651741,-32.8648857451,6,"Residencial Norte",2694682.37982,0,0.847329632757762,0
11443,"Morera","01/02/2011 14:43","Medio (4 - 8 mts)",102,"Grande",-68.8503632311,-32.9024953469,2,"Barrio Civico",2366816.36021,0,0.629286535455797,0
37639,"Morera","29/02/2012 09:39","Alto (> 8 mts)",140,"Grande",-68.8523986007,-32.8719396922,6,"Residencial Norte",2694682.37982,0,0.633431319006003,0
26402,"Morera","28/10/2011 09:47","Medio (4 - 8 mts)",160,"Grande",-68.8342680534,-32.8897376382,3,"Parque O'Higgins",1531146.02653,0,0.761049114260835,0
24246,"Acer","27/01/2011 09:11","Medio (4 - 8 mts)",230,"Grande",-68.8441531159,-32.9012429894,2,"Barrio Civico",2366816.36021,0,0.353837087251601,0
35866,"Morera","28/03/2011 13:42","Alto (> 8 mts)",60,"Mediano",-68.8528812697,-32.8756255735,6,"Residencial Norte",2694682.37982,0,0.501381234056953,0
8692,"Eucalyptus","09/02/2011 13:46","Bajo (2 - 4 mts)",18,"Chico",-68.839092973,-32.900397104,2,"Barrio Civico",2366816.36021,0,0.210385284435953,0
40148,"Morera","14/04/2011 12:09","Medio (4 - 8 mts)",160,"Grande",-68.8436609925,-32.879439513,1,"Parque Central",1655357.93265,0,0.735139620490747,0
8513,"Tilo","10/02/2011 09:35","Alto (> 8 mts)",50,"Mediano",-68.8375012903,-32.8967476339,2,"Barrio Civico",2366816.36021,0,0.484559981730285,0
26186,"Fresno europeo","19/10/2011 12:44","Medio (4 - 8 mts)",90,"Grande",-68.8316772781,-32.8877446858,3,"Parque O'Higgins",1531146.02653,0,0.570655597485893,0
13224,"Morera","21/02/2011 12:51","Alto (> 8 mts)",140,"Grande",-68.8475445073,-32.8652608898,6,"Residencial Norte",2694682.37982,0,0.751363829629928,0
21943,"Paraiso","02/06/2011 13:22","Medio (4 - 8 mts)",120,"Grande",-68.8580784554,-32.894191436,5,"Residencial Sur",2423808.92355,0,0.374900800614621,0
20155,"Fresno americano","13/05/2011 10:15","Medio (4 - 8 mts)",75,"Grande",-68.8590163252,-32.8917519791,5,"Residencial Sur",2423808.92355,0,0.21433418075817,0
8084,"Fresno europeo","02/03/2011 13:45","Medio (4 - 8 mts)",44,"Mediano",-68.8394486372,-32.8895596993,3,"Parque O'Higgins",1531146.02653,0,0.177209566913097,0
44376,"Paraiso","19/10/2011 09:35","Medio (4 - 8 mts)",90,"Grande",-68.8368041782,-32.8853394769,3,"Parque O'Higgins",1531146.02653,0,0.624198084295479,0
38977,"Paraiso","28/12/2010 13:24","Medio (4 - 8 mts)",140,"Grande",-68.8556277295,-32.8712528917,6,"Residencial Norte",2694682.37982,0,0.614760245278112,0
2122,"Morera","11/11/2011 12:14","Medio (4 - 8 mts)",110,"Grande",-68.8308202253,-32.8862332643,3,"Parque O'Higgins",1531146.02653,1,0.777604764542565,0
22175,"Morera","13/05/2011 14:18","Alto (> 8 mts)",102,"Grande",-68.854782666,-32.8993695678,5,"Residencial Sur",2423808.92355,0,0.408120665873982,0
583,"Morera","08/03/2012 09:48","Alto (> 8 mts)",180,"Grande",-68.8201567064,-32.8685102362,4,"Cuarta Este Área Fundacional",1822015.85685,1,0.237269698512835,0
4856,"Fresno europeo","26/07/2011 15:30","Bajo (2 - 4 mts)",30,"Mediano",-68.8399204157,-32.865304086,4,"Cuarta Oeste",1173332.70145,0,0.189689789927557,0
7995,"Fresno europeo","18/02/2011 13:07","Bajo (2 - 4 mts)",15,"Chico",-68.8405423566,-32.889219546,3,"Parque O'Higgins",1531146.02653,0,0.193157070984578,0
42131,"Braquiquito","04/05/2011 11:07","Medio (4 - 8 mts)",75,"Grande",-68.8413234759,-32.8772965008,1,"Parque Central",1655357.93265,0,0.408180103814461,0
10161,"Prunas","23/12/2010 13:06","Muy bajo (1 - 2 mts)",40,"Mediano",-68.8547842689,-32.8714088391,6,"Residencial Norte",2694682.37982,0,0.444520395304733,0
42489,"Morera","30/09/2011 12:34","Alto (> 8 mts)",230,"Grande",-68.8307937104,-32.8756914718,4,"Cuarta Este Área Fundacional",1822015.85685,1,0.932286044165093,0
39462,"Paraiso","11/11/2010 11:46","Alto (> 8 mts)",130,"Grande",-68.8556461789,-32.8702311236,6,"Residencial Norte",2694682.37982,0,0.96676894768912,0
19416,"Paraiso","04/07/2011 11:49","Medio (4 - 8 mts)",100,"Grande",-68.8359401335,-32.8724778385,4,"Cuarta Oeste",1173332.70145,0,0.879015541463972,0
13706,"Morera","18/02/2011 14:14","Medio (4 - 8 mts)",30,"Mediano",-68.8534242753,-32.8655896786,6,"Residencial Norte",2694682.37982,0,0.66548297137529,0
24149,"Prunas","25/01/2011 11:33","Bajo (2 - 4 mts)",48,"Mediano",-68.8461208727,-32.9020195102,2,"Barrio Civico",2366816.36021,0,0.524233022676809,0
16887,"Paraiso","28/07/2011 13:16","Alto (> 8 mts)",170,"Grande",-68.8396508476,-32.8652610645,4,"Cuarta Oeste",1173332.70145,0,0.334769846068102,0
12948,"Prunas","12/01/2011 09:19","Medio (4 - 8 mts)",80,"Grande",-68.8447240998,-32.8637957099,4,"Cuarta Oeste",1173332.70145,0,0.244180950368885,0
30140,"Morera","16/03/2011 08:14","Alto (> 8 mts)",165,"Grande",-68.8403628173,-32.8915604235,2,"Barrio Civico",2366816.36021,0,0.553602527429757,0
44084,"Morera","14/10/2011 11:13","Alto (> 8 mts)",180,"Grande",-68.8310547284,-32.8861280148,3,"Parque O'Higgins",1531146.02653,0,0.479605268975003,0
1239,"Fresno americano","29/11/2011 13:15","Bajo (2 - 4 mts)",40,"Mediano",-68.8763779455,-32.8654005648,8,"Aeroparque",2203364.73622,0,0.222713621643984,0
37467,"Morera","04/01/2011 12:21","Bajo (2 - 4 mts)",35,"Mediano",-68.857212215,-32.8707966603,6,"Residencial Norte",2694682.37982,0,0.102647882926897,0
42846,"Morera","04/10/2011 13:08","Alto (> 8 mts)",98,"Grande",-68.8321700968,-32.8770069128,4,"Cuarta Este Área Fundacional",1822015.85685,0,0.480350053675033,0
8375,"Morera","17/02/2011 15:51","Alto (> 8 mts)",98,"Grande",-68.8401224567,-32.90048293,2,"Barrio Civico",2366816.36021,1,0.520061857466864,0
24920,"Morera","10/02/2011 09:01","Alto (> 8 mts)",124,"Grande",-68.8383585013,-32.8970887328,2,"Barrio Civico",2366816.36021,1,0.643026122707881,0
14612,"Paraiso","13/12/2011 12:25","Medio (4 - 8 mts)",30,"Mediano",-68.8802528511,-32.8661799804,8,"Aeroparque",2203364.73622,0,0.668574776493185,0
36877,"Morera","07/04/2011 16:55","Alto (> 8 mts)",92,"Grande",-68.8584924024,-32.879505729,7,"Residencial Parque",1786336.08966,0,0.82704654679494,0
42518,"Morera","28/09/2011 11:48","Alto (> 8 mts)",190,"Grande",-68.8294210981,-32.8763880591,4,"Cuarta Este Área Fundacional",1822015.85685,1,0.639138249671694,0
39128,"Paraiso","15/01/2012 19:31","Bajo (2 - 4 mts)",38,"Mediano",-68.8534810626,-32.871744986,6,"Residencial Norte",2694682.37982,0,0.605472913142278,0
19782,"Fresno americano","10/08/2011 12:06","Alto (> 8 mts)",90,"Grande",-68.8339097388,-32.8693299545,4,"Cuarta Oeste",1173332.70145,0,0.333706338771088,0
18553,"Paraiso","07/07/2011 11:28","Alto (> 8 mts)",130,"Grande",-68.837553656,-32.8737337495,4,"Cuarta Oeste",1173332.70145,0,0.14992958835606,0
44880,"Morera","23/08/2011 10:29","Medio (4 - 8 mts)",140,"Grande",-68.8243302003,-32.8678485691,4,"Cuarta Este Área Fundacional",1822015.85685,0,0.881722580110725,0
26185,"Fresno europeo","19/10/2011 12:45","Medio (4 - 8 mts)",180,"Grande",-68.8317868084,-32.8877507844,3,"Parque O'Higgins",1531146.02653,0,0.170438443114486,0
5889,"Pltano","14/04/2011 13:02","Alto (> 8 mts)",102,"Grande",-68.8463901273,-32.8826422631,1,"Parque Central",1655357.93265,0,0.248708020553675,0
13530,"Morera","01/02/2011 12:28","Alto (> 8 mts)",160,"Grande",-68.8513006954,-32.8645416136,6,"Residencial Norte",2694682.37982,0,0.308776390455278,0
3957,"Paraiso","27/09/2011 10:28","Bajo (2 - 4 mts)",48,"Mediano",-68.8227353622,-32.8745094122,4,"Cuarta Este Área Fundacional",1822015.85685,0,0.055346022494131,0
5583,"Morera","15/04/2011 13:40","Medio (4 - 8 mts)",78,"Grande",-68.8385767185,-32.8820178291,1,"Parque Central",1655357.93265,0,0.707813416527846,0
39228,"Fresno europeo","28/12/2010 10:22","Muy bajo (1 - 2 mts)",8,"Chico",-68.8542455889,-32.8720667921,6,"Residencial Norte",2694682.37982,0,0.18067577507106,0
45947,"Paraiso","29/08/2011 09:47","Medio (4 - 8 mts)",140,"Grande",-68.8187042698,-32.8696587049,4,"Cuarta Este Área Fundacional",1822015.85685,0,0.862866404160895,0
22536,"Fresno europeo","17/06/2011 09:18","Medio (4 - 8 mts)",105,"Grande",-68.8611546645,-32.9003253948,5,"Residencial Sur",2423808.92355,0,0.397255419713608,0
20488,"Morera","02/06/2011 09:56","Alto (> 8 mts)",145,"Grande",-68.8596844229,-32.8980427472,5,"Residencial Sur",2423808.92355,0,0.112474492667633,0
36341,"Fresno americano","18/03/2011 09:58","Medio (4 - 8 mts)",60,"Mediano",-68.8519833846,-32.8789799466,6,"Residencial Norte",2694682.37982,0,0.0795132061348287,0
3652,"Morera","24/08/2011 11:11","Alto (> 8 mts)",205,"Grande",-68.8226806491,-32.8686998442,4,"Cuarta Este Área Fundacional",1822015.85685,0,0.653625924567503,0
22014,"Paraiso","17/05/2011 12:09","Alto (> 8 mts)",140,"Grande",-68.8588877414,-32.8930412528,5,"Residencial Sur",2423808.92355,1,0.277974776336279,0
20281,"Fresno americano","17/05/2011 10:10","Bajo (2 - 4 mts)",31,"Mediano",-68.8594933192,-32.8936407479,5,"Residencial Sur",2423808.92355,0,0.710741606578586,0
31836,"Pltano","30/06/2011 13:41","Alto (> 8 mts)",200,"Grande",-68.8606718431,-32.8900291688,5,"Residencial Sur",2423808.92355,0,0.444020670569569,0
16442,"Perenne","12/08/2011 09:45","Muy bajo (1 - 2 mts)",30,"Mediano",-68.8416863224,-32.8629657812,4,"Cuarta Oeste",1173332.70145,0,0.867311364253747,0
11026,"Prunas","07/04/2011 11:53","Medio (4 - 8 mts)",80,"Grande",-68.8584754184,-32.8804374682,7,"Residencial Parque",1786336.08966,0,0.947894980643014,0
16138,"Morera","21/07/2011 09:42","Medio (4 - 8 mts)",78,"Grande",-68.8450672256,-32.8725738275,6,"Residencial Norte",2694682.37982,0,0.377802497909687,0
9950,"Fresno europeo","12/11/2010 11:22","Bajo (2 - 4 mts)",32,"Mediano",-68.8560804442,-32.8704841282,6,"Residencial Norte",2694682.37982,0,0.717960014729604,0
17058,"Morera","16/08/2011 09:43","Medio (4 - 8 mts)",93,"Grande",-68.8369095992,-32.8644751734,4,"Cuarta Oeste",1173332.70145,1,0.349707010567785,0
11000,"Fresno europeo","29/03/2011 11:00","Muy bajo (1 - 2 mts)",10,"Chico",-68.8512701817,-32.8808562453,1,"Parque Central",1655357.93265,0,0.545931495902555,0
33232,"Pltano","09/05/2011 11:50","Alto (> 8 mts)",200,"Grande",-68.8558578832,-32.8920611752,5,"Residencial Sur",2423808.92355,0,0.14490147516583,0
46647,"Morera","05/09/2011 08:45","Alto (> 8 mts)",185,"Grande",-68.8305989569,-32.869855548,4,"Cuarta Este Área Fundacional",1822015.85685,0,0.0645549161116551,0
22476,"Caducifolio","23/06/2011 12:21","Muy bajo (1 - 2 mts)",15,"Chico",-68.8622680311,-32.8991075552,5,"Residencial Sur",2423808.92355,0,0.043813686550308,0
15812,"Acer","21/11/2011 16:42","Bajo (2 - 4 mts)",60,"Mediano",-68.8733823734,-32.8783030876,7,"Residencial Parque",1786336.08966,0,0.707712536204117,0
39882,"Morera","03/05/2011 13:08","Alto (> 8 mts)",175,"Grande",-68.8442769935,-32.8738434548,1,"Parque Central",1655357.93265,1,0.227431634198243,0
27977,"Morera","31/10/2011 09:30","Muy bajo (1 - 2 mts)",8,"Chico",-68.8366891513,-32.8930535466,3,"Parque O'Higgins",1531146.02653,0,0.694541348790698,0
8294,"Morera","02/03/2011 18:57","Medio (4 - 8 mts)",158,"Grande",-68.8406849875,-32.893849998,2,"Barrio Civico",2366816.36021,0,0.441301241662652,0
39838,"Morera","02/05/2011 11:05","Alto (> 8 mts)",190,"Grande",-68.844292876,-32.8733551496,6,"Residencial Norte",2694682.37982,0,0.149594540244452,0
45718,"Morera","24/08/2011 11:58","Medio (4 - 8 mts)",177,"Grande",-68.8217937012,-32.8694361877,4,"Cuarta Este Área Fundacional",1822015.85685,0,0.104480458515864,0
21093,"Prunas","22/06/2011 11:15","Medio (4 - 8 mts)",63,"Grande",-68.8624618942,-32.8996190126,5,"Residencial Sur",2423808.92355,0,0.024536609242667,0
33069,"Morera","18/05/2011 10:19","Alto (> 8 mts)",160,"Grande",-68.8527352305,-32.8880630635,5,"Residencial Sur",2423808.92355,0,0.236101141669749,0
6379,"Fresno europeo","03/06/2011 12:31","Muy bajo (1 - 2 mts)",2,"Chico",-68.8589304897,-32.8878234437,5,"Residencial Sur",2423808.92355,0,0.793433231620016,0
24618,"Morera","07/02/2011 08:55","Alto (> 8 mts)",200,"Grande",-68.8431336106,-32.9038955154,2,"Barrio Civico",2366816.36021,0,0.303861840086087,0
29892,"Acacia SP","11/03/2011 10:15","Muy bajo (1 - 2 mts)",6,"Chico",-68.8411683967,-32.8919463587,2,"Barrio Civico",2366816.36021,0,0.121707093451973,0
18517,"Paraiso","06/07/2011 12:38","Alto (> 8 mts)",180,"Grande",-68.8378410095,-32.8743069684,4,"Cuarta Oeste",1173332.70145,0,0.434401098314099,0
4134,"Morera","28/09/2011 10:10","Bajo (2 - 4 mts)",40,"Mediano",-68.8239353956,-32.8750587225,4,"Cuarta Este Área Fundacional",1822015.85685,0,0.705257722449803,0
9117,"Fresno europeo","18/02/2011 12:46","Medio (4 - 8 mts)",45,"Mediano",-68.8533331867,-32.8650679033,6,"Residencial Norte",2694682.37982,0,0.31439385484665,0
17841,"Morera","02/08/2011 10:35","Alto (> 8 mts)",180,"Grande",-68.836659069,-32.8669214568,4,"Cuarta Oeste",1173332.70145,0,0.585435338415091,0
15432,"Fresno europeo","18/11/2011 14:24","Alto (> 8 mts)",55,"Mediano",-68.8594754874,-32.8717104992,6,"Residencial Norte",2694682.37982,0,0.383188263500317,0
34997,"Fresno europeo","31/03/2011 10:39","Bajo (2 - 4 mts)",65,"Grande",-68.8552029876,-32.879615859,6,"Residencial Norte",2694682.37982,0,0.557752172868775,0
15089,"Acacia SP","16/11/2011 12:54","Muy bajo (1 - 2 mts)",2,"Chico",-68.85888161,-32.868795128,6,"Residencial Norte",2694682.37982,0,0.593574200187606,0
16287,"Conifera","22/07/2011 08:50","Alto (> 8 mts)",110,"Grande",-68.8421949927,-32.8629712353,4,"Cuarta Oeste",1173332.70145,0,0.119570525873492,0
4213,"Fresno europeo","07/07/2011 10:46","Alto (> 8 mts)",125,"Grande",-68.8383795465,-32.8739051024,4,"Cuarta Oeste",1173332.70145,0,0.0959585338600248,0
35216,"Pltano","23/03/2011 09:39","Alto (> 8 mts)",145,"Grande",-68.8528969325,-32.8814281337,1,"Parque Central",1655357.93265,1,0.789023325071786,0
24238,"Perenne","27/01/2011 11:54","Alto (> 8 mts)",125,"Grande",-68.8447317884,-32.9010974931,2,"Barrio Civico",2366816.36021,0,0.381076388208353,0
5973,"Fresno americano","27/04/2011 09:07","Medio (4 - 8 mts)",40,"Mediano",-68.8471816771,-32.884918339,1,"Parque Central",1655357.93265,0,0.545354896504379,0
8285,"Fresno americano","21/02/2011 19:25","Alto (> 8 mts)",48,"Mediano",-68.8499691834,-32.8910186176,5,"Residencial Sur",2423808.92355,0,0.330047986862057,0
2525,"Fresno europeo","19/10/2011 12:46","Medio (4 - 8 mts)",90,"Grande",-68.834637406,-32.8876236775,3,"Parque O'Higgins",1531146.02653,0,0.571979957864155,0
27462,"Morera","27/10/2011 09:45","Alto (> 8 mts)",128,"Grande",-68.837193579,-32.8914334146,3,"Parque O'Higgins",1531146.02653,1,0.275583635489716,0
36367,"Pltano","17/03/2011 12:16","Alto (> 8 mts)",200,"Grande",-68.8524644516,-32.8779105142,6,"Residencial Norte",2694682.37982,0,0.319902644716239,0
7016,"Caducifolio","10/06/2011 12:24","Muy bajo (1 - 2 mts)",6,"Chico",-68.8538802378,-32.897761301,5,"Residencial Sur",2423808.92355,0,0.086749216400773,0
28142,"Morera","14/03/2011 16:24","Medio (4 - 8 mts)",28,"Mediano",-68.8476639332,-32.8917681506,2,"Barrio Civico",2366816.36021,0,0.300026451785228,0
38575,"Morera","22/12/2010 13:11","Alto (> 8 mts)",120,"Grande",-68.853120926,-32.8705433263,6,"Residencial Norte",2694682.37982,0,0.913822340091094,0
33533,"Fresno europeo","31/05/2011 13:04","Alto (> 8 mts)",56,"Mediano",-68.8556991153,-32.8885367301,5,"Residencial Sur",2423808.92355,0,0.48615889395349,0
5004,"Morera","04/07/2011 11:26","Medio (4 - 8 mts)",120,"Grande",-68.8361698521,-32.8634916513,4,"Cuarta Oeste",1173332.70145,0,0.20848905009641,0
46846,"Pltano","15/09/2011 13:36","Alto (> 8 mts)",160,"Grande",-68.8344848475,-32.8723984884,4,"Cuarta Este Área Fundacional",1822015.85685,0,0.580696198376353,0
35461,"Morera","28/03/2011 13:14","Alto (> 8 mts)",180,"Grande",-68.8540588846,-32.8817390281,6,"Residencial Norte",2694682.37982,0,0.150752055621871,0
34586,"Paraiso","17/01/2012 19:21","Medio (4 - 8 mts)",140,"Grande",-68.8489561996,-32.8747970684,6,"Residencial Norte",2694682.37982,0,0.892661801046347,0
35252,"Eucalyptus","24/06/2011 13:23","Alto (> 8 mts)",100,"Grande",-68.8516865496,-32.8836807225,1,"Parque Central",1655357.93265,0,0.423935246965064,0
30700,"Fresno europeo","03/02/2011 12:52","Muy bajo (1 - 2 mts)",10,"Chico",-68.8555207901,-32.8678632637,6,"Residencial Norte",2694682.37982,0,0.45687850120406,0
9055,"Fresno europeo","15/02/2011 12:32","Medio (4 - 8 mts)",35,"Mediano",-68.8551512962,-32.8661276631,6,"Residencial Norte",2694682.37982,0,0.931888497928311,0
45821,"Morera","26/08/2011 11:29","Medio (4 - 8 mts)",158,"Grande",-68.8214314666,-32.8694459505,4,"Cuarta Este Área Fundacional",1822015.85685,0,0.510955228094432,0
25957,"Morera","01/02/2011 11:43","Alto (> 8 mts)",180,"Grande",-68.8386460885,-32.9037593708,2,"Barrio Civico",2366816.36021,0,0.74850100735054,0
20101,"Paraiso","10/08/2011 10:47","Bajo (2 - 4 mts)",22,"Mediano",-68.8330893665,-32.8657121016,4,"Cuarta Oeste",1173332.70145,0,0.559190655380688,0
21986,"Olmo comun","27/05/2011 13:13","Alto (> 8 mts)",92,"Grande",-68.8581193196,-32.8940925669,5,"Residencial Sur",2423808.92355,0,0.526201235636302,0
29405,"Morera","02/03/2011 10:40","Alto (> 8 mts)",170,"Grande",-68.8451082905,-32.8914275984,2,"Barrio Civico",2366816.36021,0,0.554922084486472,0
38543,"Fresno europeo","20/12/2010 10:49","Muy bajo (1 - 2 mts)",5,"Chico",-68.8532935434,-32.8716010415,6,"Residencial Norte",2694682.37982,0,0.750250231282183,0
46161,"Morera","27/09/2011 10:31","Alto (> 8 mts)",150,"Grande",-68.82470805,-32.8740179343,4,"Cuarta Este Área Fundacional",1822015.85685,0,0.481605545505065,0
20425,"Fresno europeo","17/05/2011 11:19","Medio (4 - 8 mts)",28,"Mediano",-68.861470123,-32.8932958022,5,"Residencial Sur",2423808.92355,0,0.906584470694753,0
15802,"Morera","21/11/2011 18:04","Bajo (2 - 4 mts)",28,"Mediano",-68.8736753127,-32.8793128361,7,"Residencial Parque",1786336.08966,0,0.298718500967937,0
14417,"Conifera","02/12/2011 09:47","Bajo (2 - 4 mts)",25,"Mediano",-68.878913149,-32.8682471512,8,"Aeroparque",2203364.73622,0,0.67812065398949,0
37283,"Paraiso","15/03/2011 10:06","Alto (> 8 mts)",120,"Grande",-68.8580874834,-32.8735079692,6,"Residencial Norte",2694682.37982,0,0.438068759378182,0
20262,"Morera","17/05/2011 10:20","Alto (> 8 mts)",132,"Grande",-68.8594252156,-32.8925724376,5,"Residencial Sur",2423808.92355,0,0.0185200677238347,0
45046,"Morera","01/09/2011 07:59","Alto (> 8 mts)",165,"Grande",-68.8223893496,-32.8702550517,4,"Cuarta Este Área Fundacional",1822015.85685,0,0.380789586630011,0
9797,"Morera","14/01/2011 09:38","Alto (> 8 mts)",140,"Grande",-68.8454706485,-32.864139604,4,"Cuarta Oeste",1173332.70145,0,0.341777717348562,0
10301,"Fresno europeo","02/12/2010 10:06","Alto (> 8 mts)",90,"Grande",-68.8460582895,-32.8722519939,6,"Residencial Norte",2694682.37982,0,0.491820940263153,0
29137,"Morera","10/03/2011 13:24","Alto (> 8 mts)",76,"Grande",-68.8461687107,-32.8883153293,2,"Barrio Civico",2366816.36021,0,0.0488773265201242,0
32633,"Pltano","21/06/2011 12:05","Alto (> 8 mts)",140,"Grande",-68.8528775855,-32.8903593018,5,"Residencial Sur",2423808.92355,0,0.075236171942789,0
36792,"Morera","07/04/2011 16:15","Alto (> 8 mts)",170,"Grande",-68.8599594565,-32.8808128769,7,"Residencial Parque",1786336.08966,1,0.211542360767291,0
38440,"Fresno europeo","03/11/2010 10:27","Alto (> 8 mts)",96,"Grande",-68.8509146363,-32.8694210895,6,"Residencial Norte",2694682.37982,0,0.560184933126381,0
45437,"Morera","09/09/2011 09:13","Alto (> 8 mts)",260,"Grande",-68.8253260517,-32.8732752624,4,"Cuarta Este Área Fundacional",1822015.85685,0,0.812865237183701,0
13705,"Paraiso sombrilla","18/02/2011 14:15","Medio (4 - 8 mts)",57,"Mediano",-68.8533180113,-32.8655842205,6,"Residencial Norte",2694682.37982,0,0.670949989544124,0
20006,"Pltano","11/08/2011 10:15","Alto (> 8 mts)",155,"Grande",-68.833898582,-32.8665719654,4,"Cuarta Oeste",1173332.70145,0,0.974411260414385,0
7397,"Fresno americano","19/05/2011 15:42","Medio (4 - 8 mts)",38,"Mediano",-68.8545467088,-32.9004543263,5,"Residencial Sur",2423808.92355,0,0.919031794443305,0
21818,"Pltano","13/05/2011 09:48","Alto (> 8 mts)",190,"Grande",-68.8557650768,-32.8943274692,5,"Residencial Sur",2423808.92355,0,0.254937865665188,0
443,"Morera","06/03/2012 10:59","Medio (4 - 8 mts)",90,"Grande",-68.8181543076,-32.8679206082,4,"Cuarta Este Área Fundacional",1822015.85685,0,0.978979856741935,0
25623,"Paraiso","15/02/2011 15:46","Alto (> 8 mts)",92,"Grande",-68.8379864338,-32.9017927939,2,"Barrio Civico",2366816.36021,0,0.491873341220144,0
17316,"Morera","10/08/2011 07:39","Alto (> 8 mts)",123,"Grande",-68.8342723801,-32.8653588195,4,"Cuarta Oeste",1173332.70145,0,0.445455054132535,0
3392,"Perenne","16/08/2011 13:34","Medio (4 - 8 mts)",42,"Mediano",-68.8319131545,-32.8682669754,4,"Cuarta Oeste",1173332.70145,1,0.0562644120032377,0
3406,"Morera","16/08/2011 13:27","Alto (> 8 mts)",160,"Grande",-68.8323158981,-32.8671355989,4,"Cuarta Oeste",1173332.70145,0,0.497075225488887,0
5299,"Acer","28/04/2011 13:23","Medio (4 - 8 mts)",70,"Grande",-68.8432002125,-32.8768144823,1,"Parque Central",1655357.93265,0,0.322666033009137,0
31110,"Fresno europeo","08/02/2011 09:40","Medio (4 - 8 mts)",100,"Grande",-68.8548310007,-32.8644763744,6,"Residencial Norte",2694682.37982,0,0.74916368672861,0
19598,"Fresno europeo","11/07/2011 09:53","Alto (> 8 mts)",131,"Grande",-68.8362260682,-32.8715750575,4,"Cuarta Oeste",1173332.70145,1,0.742620292166004,0
42809,"Morera","07/10/2011 18:14","Alto (> 8 mts)",200,"Grande",-68.8309198558,-32.8776885321,4,"Cuarta Este Área Fundacional",1822015.85685,0,0.605491858194058,0
18324,"Pltano","01/08/2011 13:04","Alto (> 8 mts)",100,"Grande",-68.8375446205,-32.8676142097,4,"Cuarta Oeste",1173332.70145,0,0.850521530746993,0
27830,"Morera","02/11/2011 10:32","Medio (4 - 8 mts)",30,"Mediano",-68.8362828011,-32.8950903856,2,"Barrio Civico",2366816.36021,0,0.306159235617725,0
23951,"Morera","12/01/2011 12:27","Alto (> 8 mts)",260,"Grande",-68.8470388032,-32.9001200553,2,"Barrio Civico",2366816.36021,0,0.0368800972274954,0
38313,"Paraiso","09/11/2010 11:09","Alto (> 8 mts)",190,"Grande",-68.8533252985,-32.8702867653,6,"Residencial Norte",2694682.37982,0,0.390852084729155,0
7634,"Olmo comun","17/06/2011 15:33","Bajo (2 - 4 mts)",44,"Mediano",-68.854870335,-32.8836814142,5,"Residencial Sur",2423808.92355,0,0.569855316865349,0
47426,"Morera","22/09/2011 09:23","Alto (> 8 mts)",180,"Grande",-68.8276946025,-32.8745733793,4,"Cuarta Este Área Fundacional",1822015.85685,1,0.272436040063943,0
46572,"Morera","07/09/2011 09:08","Alto (> 8 mts)",132,"Grande",-68.8320538064,-32.8695944421,4,"Cuarta Este Área Fundacional",1822015.85685,1,0.589834152531306,0
18899,"Fresno americano","02/08/2011 10:18","Medio (4 - 8 mts)",50,"Mediano",-68.8408384866,-32.8702352514,4,"Cuarta Oeste",1173332.70145,0,0.828730337666255,0
37291,"Acer","17/03/2011 11:37","Medio (4 - 8 mts)",60,"Mediano",-68.8589035168,-32.8753625498,7,"Residencial Parque",1786336.08966,0,0.0781669627189774,0
12640,"Morera","17/01/2011 08:50","Medio (4 - 8 mts)",120,"Grande",-68.8463735822,-32.8629901996,4,"Cuarta Oeste",1173332.70145,0,0.9924661885981,0
5694,"lamo criollo","29/04/2011 10:38","Medio (4 - 8 mts)",20,"Chico",-68.8393144079,-32.8751951634,1,"Parque Central",1655357.93265,0,0.697782272371981,0
31481,"Paraiso","19/05/2011 11:17","Alto (> 8 mts)",150,"Grande",-68.8586759728,-32.8914009352,5,"Residencial Sur",2423808.92355,1,0.229213432720353,0
29944,"Pltano","28/04/2011 12:35","Alto (> 8 mts)",82,"Grande",-68.8432891577,-32.8855505398,1,"Parque Central",1655357.93265,1,0.3319909787851,0
47358,"Pltano","23/09/2011 08:56","Alto (> 8 mts)",250,"Grande",-68.8278228277,-32.8745733755,4,"Cuarta Este Área Fundacional",1822015.85685,0,0.0157026662751882,0
17449,"Acer","29/07/2011 09:40","Alto (> 8 mts)",110,"Grande",-68.8348380736,-32.8669518976,4,"Cuarta Oeste",1173332.70145,0,0.594632249558563,0
101,"Pltano","29/02/2012 10:27","Medio (4 - 8 mts)",160,"Grande",-68.8564013151,-32.9017206089,5,"Residencial Sur",2423808.92355,0,0.0696659367515957,0
29811,"Pltano","04/03/2011 13:00","Alto (> 8 mts)",180,"Grande",-68.8427493046,-32.8922386895,2,"Barrio Civico",2366816.36021,0,0.900482643218533,0
10540,"Morera","18/03/2011 11:34","Alto (> 8 mts)",135,"Grande",-68.8561552477,-32.875840347,6,"Residencial Norte",2694682.37982,0,0.0235591164152326,0
34841,"Pltano","30/03/2011 09:41","Alto (> 8 mts)",205,"Grande",-68.8517708274,-32.8768082846,6,"Residencial Norte",2694682.37982,0,0.617458338792758,0
24954,"Perenne","16/02/2011 12:09","Bajo (2 - 4 mts)",10,"Chico",-68.8367706452,-32.896431583,2,"Barrio Civico",2366816.36021,0,0.133055543468436,0
37260,"Pltano","15/03/2011 11:57","Bajo (2 - 4 mts)",7,"Chico",-68.8585103425,-32.8730782499,6,"Residencial Norte",2694682.37982,0,0.863352777628925,0
10435,"Paraiso","11/03/2011 09:53","Alto (> 8 mts)",150,"Grande",-68.8563686481,-32.8734927805,6,"Residencial Norte",2694682.37982,0,0.9161842194256,0
3506,"Ligustro","02/09/2011 10:24","Bajo (2 - 4 mts)",66,"Grande",-68.8262537986,-32.8688473464,4,"Cuarta Este Área Fundacional",1822015.85685,0,0.460273519713346,0
36377,"Fresno europeo","17/03/2011 10:09","Alto (> 8 mts)",98,"Grande",-68.8529992194,-32.878251314,6,"Residencial Norte",2694682.37982,0,0.21798112641569,0
26182,"Fresno europeo","19/10/2011 12:48","Medio (4 - 8 mts)",180,"Grande",-68.8320237473,-32.8877465944,3,"Parque O'Higgins",1531146.02653,0,0.383914371522925,0
39965,"Morera","02/05/2011 11:50","Alto (> 8 mts)",140,"Grande",-68.845508009,-32.8780050609,1,"Parque Central",1655357.93265,0,0.187882830272498,0
17352,"Morera","05/08/2011 07:34","Alto (> 8 mts)",180,"Grande",-68.8354790994,-32.8653868031,4,"Cuarta Oeste",1173332.70145,0,0.149967913455828,0
27014,"Acacia SP","09/11/2011 10:36","Medio (4 - 8 mts)",100,"Grande",-68.8391098628,-32.8907724735,3,"Parque O'Higgins",1531146.02653,0,0.0490243733870565,0
16146,"Morera","21/07/2011 09:28","Alto (> 8 mts)",132,"Grande",-68.8453155448,-32.8729580329,6,"Residencial Norte",2694682.37982,0,0.320861215368547,0
47281,"Fresno europeo","20/09/2011 11:12","Alto (> 8 mts)",125,"Grande",-68.83066572,-32.8732626772,4,"Cuarta Este Área Fundacional",1822015.85685,0,0.310998816575786,0
26550,"Pltano","04/11/2011 09:01","Alto (> 8 mts)",180,"Grande",-68.8316269653,-32.8905578052,3,"Parque O'Higgins",1531146.02653,0,0.660125980400958,0
19618,"Morera","11/07/2011 09:14","Alto (> 8 mts)",138,"Grande",-68.8371896176,-32.8723387832,4,"Cuarta Oeste",1173332.70145,1,0.894122377671616,0
34533,"Morera","29/03/2011 13:23","Alto (> 8 mts)",170,"Grande",-68.8500666986,-32.8760357067,6,"Residencial Norte",2694682.37982,0,0.779855241984672,0
12633,"Morera","14/01/2011 13:51","Alto (> 8 mts)",140,"Grande",-68.8462039595,-32.862657536,4,"Cuarta Oeste",1173332.70145,0,0.98609261367496,0
5096,"Acacia SP","09/08/2011 10:06","Bajo (2 - 4 mts)",7,"Chico",-68.8429566678,-32.8677838288,4,"Cuarta Oeste",1173332.70145,0,0.302998107679979,0
47790,"Morera","23/09/2011 12:44","Alto (> 8 mts)",196,"Grande",-68.8276372605,-32.8738355347,4,"Cuarta Este Área Fundacional",1822015.85685,0,0.917080409770621,0
17151,"Morera","15/08/2011 10:57","Alto (> 8 mts)",180,"Grande",-68.837980424,-32.8630425502,4,"Cuarta Oeste",1173332.70145,0,0.646661199084848,0
6369,"Morera","03/06/2011 10:43","Alto (> 8 mts)",145,"Grande",-68.8575900818,-32.8873883035,5,"Residencial Sur",2423808.92355,0,0.424024111407489,0
44831,"Morera","23/08/2011 09:30","Alto (> 8 mts)",180,"Grande",-68.8252901978,-32.867093739,4,"Cuarta Este Área Fundacional",1822015.85685,0,0.274557543018392,0
39667,"Morera","21/10/2010 13:58","Alto (> 8 mts)",98,"Grande",-68.847437442,-32.8689080385,6,"Residencial Norte",2694682.37982,0,0.972850850251796,0
21193,"Morera","06/05/2011 09:02","Alto (> 8 mts)",115,"Grande",-68.8529809518,-32.8927453657,5,"Residencial Sur",2423808.92355,0,0.304269639957003,0
45657,"Morera","19/09/2011 15:25","Alto (> 8 mts)",180,"Grande",-68.8207896193,-32.8720783548,4,"Cuarta Este Área Fundacional",1822015.85685,1,0.300775914896375,0
32155,"Morera","10/05/2011 11:08","Alto (> 8 mts)",182,"Grande",-68.8591388135,-32.8858993762,5,"Residencial Sur",2423808.92355,0,0.0049847825023086,0
39501,"Morera","10/11/2010 10:10","Alto (> 8 mts)",95,"Grande",-68.8542720773,-32.8690843025,6,"Residencial Norte",2694682.37982,1,0.700784814907372,0
24300,"Fresno americano","31/01/2011 07:39","Medio (4 - 8 mts)",70,"Grande",-68.843666301,-32.9015009764,2,"Barrio Civico",2366816.36021,0,0.138633153829461,0
17803,"Paraiso","22/07/2011 13:32","Muy bajo (1 - 2 mts)",50,"Mediano",-68.8431001644,-32.86902028,4,"Cuarta Oeste",1173332.70145,0,0.294308395594927,0
7699,"Morera","24/05/2011 09:31","Bajo (2 - 4 mts)",120,"Grande",-68.8518679788,-32.883999482,1,"Parque Central",1655357.93265,0,0.261838388934589,0
40620,"Pltano","12/04/2011 13:57","Alto (> 8 mts)",200,"Grande",-68.8445782901,-32.8845155631,1,"Parque Central",1655357.93265,0,0.256047636782253,0
36557,"Morera","07/06/2011 10:11","Medio (4 - 8 mts)",110,"Grande",-68.8577646912,-32.883537529,5,"Residencial Sur",2423808.92355,1,0.969707423099147,0
42931,"Fresno europeo","29/09/2011 10:25","Muy bajo (1 - 2 mts)",8,"Chico",-68.8348441083,-32.8772861197,1,"Parque Central",1655357.93265,0,0.870716048427943,0
43275,"Pltano","21/10/2011 18:22","Alto (> 8 mts)",130,"Grande",-68.8338558306,-32.8806400104,3,"Parque O'Higgins",1531146.02653,0,0.725260546019003,0
29272,"Morera","23/02/2011 14:32","Alto (> 8 mts)",140,"Grande",-68.8441900235,-32.8879476414,1,"Parque Central",1655357.93265,1,0.604891606294903,0
30525,"Pltano","04/04/2011 15:56","Alto (> 8 mts)",198,"Grande",-68.8387570191,-32.8878494132,3,"Parque O'Higgins",1531146.02653,0,0.0391881038452867,0
9023,"Paraiso","17/01/2011 12:29","Alto (> 8 mts)",180,"Grande",-68.8451028421,-32.8679214288,4,"Cuarta Oeste",1173332.70145,0,0.663720956010032,0
20629,"Fresno europeo","02/06/2011 12:07","Medio (4 - 8 mts)",65,"Grande",-68.8593517827,-32.8958382291,5,"Residencial Sur",2423808.92355,0,0.0714206026156601,0
19316,"Morera","12/07/2011 20:37","Alto (> 8 mts)",110,"Grande",-68.8364995866,-32.8704288021,4,"Cuarta Oeste",1173332.70145,0,0.215299118741252,0
32859,"Fresno americano","10/06/2011 11:22","Bajo (2 - 4 mts)",50,"Mediano",-68.8491971361,-32.8855226209,1,"Parque Central",1655357.93265,0,0.615898894438451,0
27089,"Pltano","27/10/2011 09:42","Alto (> 8 mts)",180,"Grande",-68.8377211446,-32.8896027066,3,"Parque O'Higgins",1531146.02653,0,0.514771739780662,0
23055,"lamo criollo","14/06/2011 13:34","Muy bajo (1 - 2 mts)",8,"Chico",-68.8623902393,-32.9021345595,5,"Residencial Sur",2423808.92355,0,0.11437195580278,0
15532,"Fresno americano","18/11/2011 17:45","Bajo (2 - 4 mts)",28,"Mediano",-68.8606269665,-32.871321708,7,"Residencial Parque",1786336.08966,0,0.330903266490945,0
20803,"Olmo comun","01/06/2011 12:26","Alto (> 8 mts)",115,"Grande",-68.8629772833,-32.8961537409,5,"Residencial Sur",2423808.92355,0,0.477932019029688,0
24514,"Morera","10/01/2011 10:25","Alto (> 8 mts)",107,"Grande",-68.8470008815,-32.9034973307,2,"Barrio Civico",2366816.36021,0,0.278285122947266,0
31885,"Fresno europeo","01/06/2011 13:17","Medio (4 - 8 mts)",110,"Grande",-68.858379793,-32.8848227485,5,"Residencial Sur",2423808.92355,1,0.714182898683006,0
39042,"Paraiso","23/12/2010 13:39","Medio (4 - 8 mts)",130,"Grande",-68.8540706833,-32.8710170159,6,"Residencial Norte",2694682.37982,0,0.00257071981138068,0
37650,"Morera","29/02/2012 08:28","Medio (4 - 8 mts)",90,"Grande",-68.8529058661,-32.8724029391,6,"Residencial Norte",2694682.37982,0,0.326702828639937,0
37511,"Paraiso","15/11/2010 10:35","Alto (> 8 mts)",175,"Grande",-68.8563220978,-32.8696402097,6,"Residencial Norte",2694682.37982,0,0.957613160827355,0
20129,"Jacarand","16/05/2011 11:14","Alto (> 8 mts)",30,"Mediano",-68.861747006,-32.891460355,5,"Residencial Sur",2423808.92355,0,0.749360190358891,0
25976,"Morera","31/01/2011 12:42","Alto (> 8 mts)",140,"Grande",-68.8389640442,-32.9030946603,2,"Barrio Civico",2366816.36021,0,0.339308201450458,0
14554,"Aguaribay","15/12/2011 08:14","Bajo (2 - 4 mts)",18,"Chico",-68.8793422167,-32.8671316773,8,"Aeroparque",2203364.73622,0,0.850271208517124,0
38032,"Fresno europeo","07/12/2010 09:38","Medio (4 - 8 mts)",140,"Grande",-68.8474112776,-32.8720007535,6,"Residencial Norte",2694682.37982,0,0.236136488398063,0
1800,"Jacarand","24/11/2011 13:27","Bajo (2 - 4 mts)",16,"Chico",-68.8702479827,-32.8794242485,7,"Residencial Parque",1786336.08966,0,0.756025320648817,0
47392,"Fresno europeo","21/09/2011 11:23","Alto (> 8 mts)",220,"Grande",-68.8286824613,-32.8754114175,4,"Cuarta Este Área Fundacional",1822015.85685,0,0.164492208161759,0
20729,"Morera","31/05/2011 10:25","Medio (4 - 8 mts)",138,"Grande",-68.8633242846,-32.8976398457,5,"Residencial Sur",2423808.92355,0,0.585586388580043,0
36553,"Fresno europeo","04/04/2011 10:41","Muy bajo (1 - 2 mts)",8,"Chico",-68.8551486441,-32.8794868449,6,"Residencial Norte",2694682.37982,0,0.736741090763367,0
33237,"Pltano","09/05/2011 11:43","Alto (> 8 mts)",180,"Grande",-68.8564128291,-32.8919644309,5,"Residencial Sur",2423808.92355,0,0.0596581290932144,0
22204,"Fresno europeo","18/05/2011 10:04","Bajo (2 - 4 mts)",98,"Grande",-68.8568947001,-32.8990951045,5,"Residencial Sur",2423808.92355,0,0.556726065205897,0
13174,"Fresno europeo","18/02/2011 09:52","Medio (4 - 8 mts)",130,"Grande",-68.8466394004,-32.8661014131,4,"Cuarta Oeste",1173332.70145,0,0.901544311910502,0
11015,"Morera","07/04/2011 15:19","Alto (> 8 mts)",62,"Grande",-68.8592773139,-32.8812096434,7,"Residencial Parque",1786336.08966,0,0.634391269959118,0
19007,"Morera","12/07/2011 09:35","Alto (> 8 mts)",145,"Grande",-68.8407866234,-32.8707367078,4,"Cuarta Oeste",1173332.70145,1,0.548332587596609,0
37533,"Paraiso","17/11/2010 12:14","Alto (> 8 mts)",160,"Grande",-68.8577129605,-32.8703656799,6,"Residencial Norte",2694682.37982,0,0.454903397219192,0
10912,"Acer","21/03/2011 09:31","Medio (4 - 8 mts)",58,"Mediano",-68.8534663743,-32.8794733157,6,"Residencial Norte",2694682.37982,0,0.205995718536153,0
23518,"Fresno europeo","19/01/2011 19:19","Alto (> 8 mts)",84,"Grande",-68.8486066464,-32.9029699151,2,"Barrio Civico",2366816.36021,0,0.34318778093527,0
12850,"Acer","18/01/2011 13:32","Alto (> 8 mts)",180,"Grande",-68.8466151442,-32.8639522623,4,"Cuarta Oeste",1173332.70145,0,0.553919539552389,0
8079,"Braquiquito","02/03/2011 12:33","Medio (4 - 8 mts)",70,"Grande",-68.8396760822,-32.8905973393,3,"Parque O'Higgins",1531146.02653,0,0.492706759382536,0
45402,"Morera","15/09/2011 16:15","Alto (> 8 mts)",142,"Grande",-68.8258373878,-32.8713389568,4,"Cuarta Este Área Fundacional",1822015.85685,0,0.0667102908000948,0
18747,"Morera","12/07/2011 10:10","Alto (> 8 mts)",100,"Grande",-68.8371137037,-32.8732282289,4,"Cuarta Oeste",1173332.70145,1,0.884159353533505,0
1709,"Acer","24/11/2011 12:08","Medio (4 - 8 mts)",65,"Grande",-68.8722444639,-32.8788636974,7,"Residencial Parque",1786336.08966,0,0.855615382363024,0
32517,"Morera","23/06/2011 13:57","Alto (> 8 mts)",96,"Grande",-68.8512264374,-32.8898251465,5,"Residencial Sur",2423808.92355,0,0.0811429252306071,0
1472,"Conifera","25/11/2011 11:19","Muy bajo (1 - 2 mts)",30,"Mediano",-68.8715222742,-32.8767688208,7,"Residencial Parque",1786336.08966,0,0.452094196202753,0
15801,"Fresno europeo","21/11/2011 18:06","Bajo (2 - 4 mts)",24,"Mediano",-68.8736123064,-32.879346347,7,"Residencial Parque",1786336.08966,0,0.0296256722934438,0
41452,"Fresno europeo","07/04/2011 11:32","Medio (4 - 8 mts)",80,"Grande",-68.8410792276,-32.8808515818,1,"Parque Central",1655357.93265,0,0.254972072449085,0
9491,"Jacarand","02/02/2011 09:09","Muy bajo (1 - 2 mts)",20,"Chico",-68.8520891405,-32.8641392452,6,"Residencial Norte",2694682.37982,0,0.731309090773173,0
21357,"Paraiso","09/05/2011 09:00","Alto (> 8 mts)",175,"Grande",-68.8531850396,-32.8929674215,5,"Residencial Sur",2423808.92355,0,0.691791816396959,0
35031,"Fresno europeo","23/03/2011 09:47","Alto (> 8 mts)",125,"Grande",-68.8545504179,-32.8809067429,6,"Residencial Norte",2694682.37982,0,0.955993964257487,0
21219,"Paraiso","10/05/2011 10:24","Alto (> 8 mts)",140,"Grande",-68.8513041336,-32.8938559798,5,"Residencial Sur",2423808.92355,0,0.0929388335033989,0
34631,"Prunas","31/03/2011 11:45","Medio (4 - 8 mts)",50,"Mediano",-68.8491833367,-32.8768376047,6,"Residencial Norte",2694682.37982,0,0.722140559763719,0
18729,"Tilo","12/07/2011 19:22","Medio (4 - 8 mts)",32,"Mediano",-68.8362458094,-32.873131967,4,"Cuarta Oeste",1173332.70145,0,0.680149764132997,0
35256,"Fresno americano","24/06/2011 13:13","Medio (4 - 8 mts)",100,"Grande",-68.851695355,-32.8833690466,1,"Parque Central",1655357.93265,1,0.330703653020489,0
38084,"Fresno americano","03/12/2010 14:06","Medio (4 - 8 mts)",80,"Grande",-68.8472086205,-32.8726005836,6,"Residencial Norte",2694682.37982,0,0.936789358780566,0
43321,"Paraiso","05/10/2011 13:20","Alto (> 8 mts)",158,"Grande",-68.8326402187,-32.8789100249,4,"Cuarta Este Área Fundacional",1822015.85685,0,0.618679659531148,0
21002,"Fresno europeo","22/06/2011 09:31","Alto (> 8 mts)",160,"Grande",-68.8626382153,-32.9013055477,5,"Residencial Sur",2423808.92355,0,0.467881123697185,0
23924,"Caducifolio","18/01/2012 09:12","Alto (> 8 mts)",80,"Grande",-68.852559308,-32.9003945294,2,"Barrio Civico",2366816.36021,0,0.847847652737601,0
22184,"Morera","18/05/2011 09:16","Bajo (2 - 4 mts)",8,"Chico",-68.8559335495,-32.8982965061,5,"Residencial Sur",2423808.92355,0,0.890322048171261,0
16541,"Jacarand","19/07/2011 10:40","Bajo (2 - 4 mts)",39,"Mediano",-68.8407786329,-32.8649253999,4,"Cuarta Oeste",1173332.70145,0,0.669585378629898,0
1771,"Morera","25/11/2011 10:15","Medio (4 - 8 mts)",30,"Mediano",-68.8704596208,-32.8783969015,7,"Residencial Parque",1786336.08966,0,0.470775591889221,0
1792,"Acer","25/11/2011 09:18","Medio (4 - 8 mts)",78,"Grande",-68.8701075915,-32.8790120234,7,"Residencial Parque",1786336.08966,0,0.379995648719878,0
21786,"Morera","13/05/2011 11:16","Alto (> 8 mts)",158,"Grande",-68.8560448791,-32.8933145026,5,"Residencial Sur",2423808.92355,0,0.558142606358511,0
48254,"Fresno europeo","02/09/2011 10:17","Bajo (2 - 4 mts)",7,"Chico",-68.8303690603,-32.8701288537,4,"Cuarta Este Área Fundacional",1822015.85685,0,0.102358268615084,0
16982,"Fresno americano","15/08/2011 11:44","Bajo (2 - 4 mts)",10,"Chico",-68.8382001942,-32.8649446918,4,"Cuarta Oeste",1173332.70145,0,0.465307646063848,0
19911,"Morera","28/06/2011 13:58","Medio (4 - 8 mts)",85,"Grande",-68.8335827592,-32.8629303778,4,"Cuarta Oeste",1173332.70145,0,0.583142220240826,0
13888,"Fresno europeo","19/12/2011 12:22","Muy bajo (1 - 2 mts)",15,"Chico",-68.8755500595,-32.8664236932,8,"Aeroparque",2203364.73622,0,0.7037108946854,0
21638,"Paraiso","10/06/2011 09:03","Alto (> 8 mts)",180,"Grande",-68.8543358515,-32.8966448948,5,"Residencial Sur",2423808.92355,0,0.376298272808824,0
3436,"Morera","19/08/2011 09:26","Medio (4 - 8 mts)",90,"Grande",-68.8290438572,-32.8671249549,4,"Cuarta Este Área Fundacional",1822015.85685,0,0.421304106109057,0
26674,"Morera","14/11/2011 12:33","Alto (> 8 mts)",150,"Grande",-68.8319268543,-32.8930472366,3,"Parque O'Higgins",1531146.02653,0,0.720990622412204,0
31579,"Morera","13/06/2011 11:16","Alto (> 8 mts)",115,"Grande",-68.8592523202,-32.8891738574,5,"Residencial Sur",2423808.92355,1,0.330805800763205,0
8607,"Morera","31/01/2011 10:26","Alto (> 8 mts)",147,"Grande",-68.8384293784,-32.9035507078,2,"Barrio Civico",2366816.36021,0,0.557741774605655,0
21504,"Fresno americano","11/05/2011 10:51","Alto (> 8 mts)",95,"Grande",-68.8533941653,-32.8943491479,5,"Residencial Sur",2423808.92355,0,0.758646204403249,0
37555,"Morera","16/11/2010 11:21","Alto (> 8 mts)",85,"Grande",-68.8571278316,-32.8692468214,6,"Residencial Norte",2694682.37982,0,0.462378555745144,0
22725,"Morera","11/05/2011 10:07","Alto (> 8 mts)",104,"Grande",-68.8532805495,-32.9012712146,2,"Barrio Civico",2366816.36021,0,0.580885802654682,0
41875,"Conifera","04/05/2011 11:35","Alto (> 8 mts)",75,"Grande",-68.841342652,-32.8777653055,1,"Parque Central",1655357.93265,0,0.0611546712382405,0
37488,"Morera","15/11/2010 12:09","Alto (> 8 mts)",200,"Grande",-68.8569619853,-32.8699696044,6,"Residencial Norte",2694682.37982,0,0.633656998994919,0
14056,"Jacarand","05/12/2011 12:09","Medio (4 - 8 mts)",50,"Mediano",-68.8760657544,-32.867660498,8,"Aeroparque",2203364.73622,1,0.225074258585792,0
31871,"Morera","29/06/2011 10:28","Alto (> 8 mts)",73,"Grande",-68.8602359135,-32.8895495234,5,"Residencial Sur",2423808.92355,0,0.515258234884985,0
223,"Fresno europeo","06/03/2012 09:48","Muy bajo (1 - 2 mts)",16,"Chico",-68.8383855905,-32.8699559094,4,"Cuarta Oeste",1173332.70145,0,0.840977795671079,0
39706,"Fresno europeo","09/08/2010 11:19","Bajo (2 - 4 mts)",20,"Chico",-68.8451309377,-32.869988345,6,"Residencial Norte",2694682.37982,0,0.810031154746463,0
15367,"Paraiso","16/11/2011 12:19","Medio (4 - 8 mts)",110,"Grande",-68.8607476383,-32.870370074,7,"Residencial Parque",1786336.08966,0,0.897113840340176,0
42462,"Morera","30/09/2011 17:23","Alto (> 8 mts)",190,"Grande",-68.8321170655,-32.8758323862,4,"Cuarta Este Área Fundacional",1822015.85685,1,0.0411880876999338,0
37932,"Morera","18/11/2010 11:12","Alto (> 8 mts)",160,"Grande",-68.8496211926,-32.8738891425,6,"Residencial Norte",2694682.37982,0,0.364510065351329,0
31037,"Paraiso sombrilla","16/02/2011 11:07","Bajo (2 - 4 mts)",42,"Mediano",-68.8557753794,-32.8650043489,6,"Residencial Norte",2694682.37982,0,0.364893906995311,0
7722,"Caducifolio","31/05/2011 13:05","Bajo (2 - 4 mts)",44,"Mediano",-68.8563623708,-32.8837860793,5,"Residencial Sur",2423808.92355,0,0.728635562124209,0
70,"Fresno europeo","02/03/2012 13:46","Bajo (2 - 4 mts)",20,"Chico",-68.8569471413,-32.896200889,5,"Residencial Sur",2423808.92355,0,0.267202331776863,0
48331,"Fresno americano","19/08/2011 09:41","Medio (4 - 8 mts)",30,"Mediano",-68.8273427998,-32.8675364352,4,"Cuarta Este Área Fundacional",1822015.85685,0,0.827949252390214,0
17674,"Morera","18/07/2011 11:41","Alto (> 8 mts)",180,"Grande",-68.8415884757,-32.868123443,4,"Cuarta Oeste",1173332.70145,1,0.822476639368578,0
24601,"Catalpa","07/02/2011 10:40","Alto (> 8 mts)",225,"Grande",-68.8435637058,-32.9030604585,2,"Barrio Civico",2366816.36021,0,0.431619899079919,0
9369,"Morera","16/02/2011 09:12","Bajo (2 - 4 mts)",48,"Mediano",-68.8446270692,-32.865512913,4,"Cuarta Oeste",1173332.70145,0,0.442103860163555,0
11959,"Morera","02/06/2010 11:43","Medio (4 - 8 mts)",205,"Grande",-68.8516259657,-32.8682510774,6,"Residencial Norte",2694682.37982,0,0.945799543471256,0
22621,"Acacia SP","23/06/2011 09:26","Medio (4 - 8 mts)",76,"Grande",-68.8619490184,-32.9015284755,5,"Residencial Sur",2423808.92355,0,0.1263078896324,0
38953,"Morera","03/01/2011 09:30","Medio (4 - 8 mts)",55,"Mediano",-68.8558876825,-32.8709424783,6,"Residencial Norte",2694682.37982,0,0.0962872034364854,0
33320,"Pltano","24/06/2011 09:51","Alto (> 8 mts)",180,"Grande",-68.8570705888,-32.8906894829,5,"Residencial Sur",2423808.92355,0,0.673245444352542,0
45444,"Morera","09/09/2011 08:57","Medio (4 - 8 mts)",80,"Grande",-68.8248072712,-32.8730089881,4,"Cuarta Este Área Fundacional",1822015.85685,0,0.311733091615828,0
9064,"Prunas","15/02/2011 13:32","Medio (4 - 8 mts)",50,"Mediano",-68.8550184846,-32.8654434635,6,"Residencial Norte",2694682.37982,0,0.854181808652697,0
48252,"Morera","02/09/2011 10:21","Medio (4 - 8 mts)",124,"Grande",-68.8303662016,-32.8699573828,4,"Cuarta Este Área Fundacional",1822015.85685,0,0.691244921920864,0
40644,"Pltano","15/04/2011 10:33","Alto (> 8 mts)",190,"Grande",-68.8439030397,-32.8851720846,1,"Parque Central",1655357.93265,0,0.840387699243247,0
22881,"Perenne","29/06/2011 16:50","Bajo (2 - 4 mts)",28,"Mediano",-68.8549922377,-32.9016194505,5,"Residencial Sur",2423808.92355,0,0.0124208176314305,0
18623,"Paraiso","06/07/2011 11:15","Alto (> 8 mts)",133,"Grande",-68.8376385661,-32.8740478295,4,"Cuarta Oeste",1173332.70145,0,0.923383694485602,0
8170,"Morera","03/03/2011 13:42","Alto (> 8 mts)",67,"Grande",-68.8436473159,-32.8913537451,2,"Barrio Civico",2366816.36021,1,0.853920881118649,0
5075,"Morera","10/08/2011 11:19","Medio (4 - 8 mts)",40,"Mediano",-68.8392047683,-32.8634834122,4,"Cuarta Oeste",1173332.70145,0,0.373852205077534,0
5903,"Paraiso","26/04/2011 10:10","Alto (> 8 mts)",102,"Grande",-68.8414252795,-32.8878847259,3,"Parque O'Higgins",1531146.02653,0,0.580455114440304,0
26893,"Fresno europeo","28/10/2011 17:14","Alto (> 8 mts)",130,"Grande",-68.8375691305,-32.8874155013,3,"Parque O'Higgins",1531146.02653,0,0.312128358628524,0
41401,"Fresno americano","15/04/2011 11:02","Alto (> 8 mts)",82,"Grande",-68.8423394118,-32.8819296408,1,"Parque Central",1655357.93265,0,0.703463635353356,0
13246,"Morera","21/02/2011 11:57","Medio (4 - 8 mts)",116,"Grande",-68.8473901218,-32.8661487864,6,"Residencial Norte",2694682.37982,0,0.990907903323679,0
10329,"Fresno europeo","30/11/2010 13:26","Medio (4 - 8 mts)",35,"Mediano",-68.8566459997,-32.8720914239,6,"Residencial Norte",2694682.37982,0,0.967975971846616,0
41276,"Fresno europeo","11/04/2011 10:01","Bajo (2 - 4 mts)",21,"Mediano",-68.8406423213,-32.8818760106,1,"Parque Central",1655357.93265,0,0.0400407800569195,0
8630,"Caducifolio","31/01/2011 12:58","Bajo (2 - 4 mts)",10,"Chico",-68.8393061091,-32.9032159051,2,"Barrio Civico",2366816.36021,0,0.625515640244298,0
6063,"Morera","08/04/2011 12:21","Alto (> 8 mts)",194,"Grande",-68.8451013821,-32.88196502,1,"Parque Central",1655357.93265,0,0.230809386613106,0
44802,"Morera","26/08/2011 10:51","Alto (> 8 mts)",220,"Grande",-68.8237220044,-32.870130429,4,"Cuarta Este Área Fundacional",1822015.85685,0,0.622593731148736,0
40964,"Morera","14/04/2011 15:27","Alto (> 8 mts)",162,"Grande",-68.8418070213,-32.8848839464,1,"Parque Central",1655357.93265,0,0.505802252085338,0
22588,"Algarrobo","24/06/2011 09:26","Alto (> 8 mts)",98,"Grande",-68.8613649694,-32.9011091069,5,"Residencial Sur",2423808.92355,1,0.363635351519674,0
20481,"Morera","02/06/2011 12:50","Alto (> 8 mts)",115,"Grande",-68.8595085659,-32.8974557294,5,"Residencial Sur",2423808.92355,0,0.00469702795971505,0
12350,"Olmo bola","18/01/2011 09:14","Muy bajo (1 - 2 mts)",2,"Chico",-68.8475063246,-32.8662872905,6,"Residencial Norte",2694682.37982,0,0.52118601977069,0
28678,"Pltano","02/03/2011 09:01","Alto (> 8 mts)",142,"Grande",-68.8464154233,-32.8914484166,2,"Barrio Civico",2366816.36021,0,0.382894787854394,0
17168,"Morera","06/07/2011 10:06","Alto (> 8 mts)",170,"Grande",-68.8351854001,-32.8635463734,4,"Cuarta Oeste",1173332.70145,1,0.581129207669008,0
19014,"Morera","12/07/2011 09:58","Medio (4 - 8 mts)",60,"Mediano",-68.8398414624,-32.8707637432,4,"Cuarta Oeste",1173332.70145,0,0.571564051017731,0
5520,"Morera","27/04/2011 12:19","Medio (4 - 8 mts)",57,"Mediano",-68.8381880475,-32.8761234331,1,"Parque Central",1655357.93265,0,0.781124160010219,0
4122,"Morera","28/09/2011 10:53","Medio (4 - 8 mts)",190,"Grande",-68.8247175079,-32.8750126038,4,"Cuarta Este Área Fundacional",1822015.85685,0,0.961041930879365,0
35268,"Fresno americano","24/06/2011 10:05","Medio (4 - 8 mts)",160,"Grande",-68.852173756,-32.8826809001,1,"Parque Central",1655357.93265,0,0.484624858977539,0
4914,"Acer","20/07/2011 10:16","Bajo (2 - 4 mts)",40,"Mediano",-68.8429031978,-32.8658494441,4,"Cuarta Oeste",1173332.70145,0,0.573377264178679,0
29758,"Morera","15/03/2011 08:47","Medio (4 - 8 mts)",136,"Grande",-68.840435678,-32.8937872246,2,"Barrio Civico",2366816.36021,0,0.00639330812071925,0
22282,"Morera","15/06/2011 10:50","Alto (> 8 mts)",113,"Grande",-68.855924708,-32.8981843652,5,"Residencial Sur",2423808.92355,0,0.0778123098805963,0
28011,"Morera","04/11/2011 08:58","Alto (> 8 mts)",100,"Grande",-68.8357144792,-32.8941510208,3,"Parque O'Higgins",1531146.02653,0,0.98444240679016,0
28035,"Fresno americano","16/03/2011 18:56","Alto (> 8 mts)",36,"Mediano",-68.8466492967,-32.8929399026,2,"Barrio Civico",2366816.36021,0,0.559898165972534,0
46023,"Fresno europeo","20/09/2011 09:25","Medio (4 - 8 mts)",178,"Grande",-68.8218248515,-32.8734574717,4,"Cuarta Este Área Fundacional",1822015.85685,0,0.684994307447283,0
14024,"Morera","29/11/2011 16:36","Bajo (2 - 4 mts)",70,"Grande",-68.8788530469,-32.8652671258,8,"Aeroparque",2203364.73622,0,0.433500150552582,0
37952,"Morera","26/08/2010 09:23","Medio (4 - 8 mts)",115,"Grande",-68.8475303828,-32.8735631441,6,"Residencial Norte",2694682.37982,0,0.502491390159469,0
22037,"Morera","16/05/2011 10:05","Alto (> 8 mts)",210,"Grande",-68.8570942743,-32.8934234268,5,"Residencial Sur",2423808.92355,0,0.307325657079925,0
38431,"Paraiso","03/11/2010 11:08","Alto (> 8 mts)",260,"Grande",-68.8510122288,-32.8701471961,6,"Residencial Norte",2694682.37982,1,0.978235736337064,0
18093,"Morera","01/08/2011 10:06","Alto (> 8 mts)",145,"Grande",-68.8399508375,-32.8679484136,4,"Cuarta Oeste",1173332.70145,0,0.578154547064955,0
17204,"Morera","30/06/2011 13:10","Muy bajo (1 - 2 mts)",2,"Chico",-68.8354413727,-32.8624571919,4,"Cuarta Oeste",1173332.70145,0,0.780207975201525,0
16707,"Paraiso","22/07/2011 09:19","Alto (> 8 mts)",153,"Grande",-68.840258618,-32.8636789207,4,"Cuarta Oeste",1173332.70145,0,0.238999404208044,0
25411,"Fresno europeo","14/02/2011 12:40","Bajo (2 - 4 mts)",25,"Mediano",-68.836813841,-32.9005501318,2,"Barrio Civico",2366816.36021,0,0.793034286043736,0
37571,"Morera","16/11/2010 10:36","Alto (> 8 mts)",190,"Grande",-68.8570829929,-32.870155949,6,"Residencial Norte",2694682.37982,0,0.639473789437112,0
3706,"Fresno europeo","26/08/2011 11:16","Medio (4 - 8 mts)",110,"Grande",-68.8228849039,-32.8696386322,4,"Cuarta Este Área Fundacional",1822015.85685,0,0.417104853991953,0
24440,"Fresno europeo","20/01/2011 12:10","Alto (> 8 mts)",150,"Grande",-68.8450398407,-32.903056616,2,"Barrio Civico",2366816.36021,0,0.727702581872842,0
35500,"Morera","06/04/2011 11:44","Alto (> 8 mts)",140,"Grande",-68.855800457,-32.8808848113,6,"Residencial Norte",2694682.37982,0,0.705465819967477,0
27079,"Pltano","21/10/2011 14:39","Alto (> 8 mts)",260,"Grande",-68.8386235996,-32.8881545278,3,"Parque O'Higgins",1531146.02653,0,0.897016422626335,0
7613,"Caducifolio","03/06/2011 15:48","Muy bajo (1 - 2 mts)",8,"Chico",-68.8587607802,-32.8833587043,7,"Residencial Parque",1786336.08966,0,0.0109219423608278,0
18757,"Paraiso","06/07/2011 12:06","Medio (4 - 8 mts)",62,"Grande",-68.8371519188,-32.8726611042,4,"Cuarta Oeste",1173332.70145,0,0.470665999041357,0
35667,"Morera","18/03/2011 10:08","Medio (4 - 8 mts)",100,"Grande",-68.8557220376,-32.8747198451,6,"Residencial Norte",2694682.37982,0,0.592927891980566,0
4755,"Tilo","03/08/2011 09:33","Medio (4 - 8 mts)",68,"Grande",-68.8344271252,-32.8659494732,4,"Cuarta Oeste",1173332.70145,0,0.841046491507331,0
8081,"Conifera","02/03/2011 12:30","Bajo (2 - 4 mts)",48,"Mediano",-68.8395699133,-32.8906232107,3,"Parque O'Higgins",1531146.02653,0,0.0368261628603702,0
33470,"Pltano","15/06/2011 10:02","Alto (> 8 mts)",154,"Grande",-68.8567444501,-32.8896480048,5,"Residencial Sur",2423808.92355,0,0.997998293998888,0
17526,"Fresno europeo","28/07/2011 09:29","Medio (4 - 8 mts)",40,"Mediano",-68.8389702076,-32.8672398577,4,"Cuarta Oeste",1173332.70145,0,0.160614185867982,0
30841,"Olmo bola","14/02/2011 13:30","Medio (4 - 8 mts)",70,"Grande",-68.8556479698,-32.8665901387,6,"Residencial Norte",2694682.37982,0,0.661529399393686,0
26349,"Fresno europeo","21/10/2011 10:05","Alto (> 8 mts)",190,"Grande",-68.8332606171,-32.8876848985,3,"Parque O'Higgins",1531146.02653,0,0.791707513770206,0
15076,"Acacia SP","17/11/2011 12:08","Muy bajo (1 - 2 mts)",1,"Chico",-68.8590208842,-32.8696076606,6,"Residencial Norte",2694682.37982,0,0.704629546671783,0
31578,"Morera","13/06/2011 11:18","Alto (> 8 mts)",121,"Grande",-68.8591732166,-32.8891854904,5,"Residencial Sur",2423808.92355,0,0.188371002834903,0
35326,"Morera","23/06/2011 10:36","Medio (4 - 8 mts)",130,"Grande",-68.8541391628,-32.8826383034,5,"Residencial Sur",2423808.92355,0,0.911172305635242,0
37841,"Morera","24/11/2010 11:51","Alto (> 8 mts)",190,"Grande",-68.8530053137,-32.8726161858,6,"Residencial Norte",2694682.37982,0,0.015280907452608,0
25235,"Morera","09/02/2011 09:11","Alto (> 8 mts)",170,"Grande",-68.8386249368,-32.8974532444,2,"Barrio Civico",2366816.36021,0,0.0782813927056117,0
29147,"Paraiso","10/03/2011 12:59","Alto (> 8 mts)",180,"Grande",-68.8467810147,-32.8884292803,2,"Barrio Civico",2366816.36021,0,0.309218447339893,0
26073,"Fresno americano","04/11/2011 17:46","Bajo (2 - 4 mts)",120,"Grande",-68.8338533676,-32.8861019848,3,"Parque O'Higgins",1531146.02653,0,0.944418117129742,0
38101,"Fresno americano","02/12/2010 12:58","Bajo (2 - 4 mts)",23,"Mediano",-68.8469924356,-32.87226955,6,"Residencial Norte",2694682.37982,0,0.755872323575501,0
45116,"Paraiso sombrilla","31/08/2011 15:51","Alto (> 8 mts)",160,"Grande",-68.8257565021,-32.8706287476,4,"Cuarta Este Área Fundacional",1822015.85685,0,0.127710368851854,0
39958,"Acer","27/04/2011 13:10","Medio (4 - 8 mts)",130,"Grande",-68.8437369505,-32.8773799603,1,"Parque Central",1655357.93265,0,0.545109656549541,0
15041,"Paraiso sombrilla","22/12/2011 17:11","Medio (4 - 8 mts)",95,"Grande",-68.8813077375,-32.8715938527,8,"Aeroparque",2203364.73622,0,0.0371911430545178,0
43209,"Morera","11/11/2011 09:23","Medio (4 - 8 mts)",60,"Mediano",-68.8279761337,-32.881504269,3,"Parque O'Higgins",1531146.02653,0,0.945199602271407,0
5262,"Morera","02/05/2011 11:59","Alto (> 8 mts)",200,"Grande",-68.8433879559,-32.8743581525,1,"Parque Central",1655357.93265,0,0.109582342237875,0
6897,"Perenne","24/05/2011 12:47","Bajo (2 - 4 mts)",300,"Grande",-68.8607175168,-32.8947150073,5,"Residencial Sur",2423808.92355,0,0.707841135114429,0
43161,"Fresno americano","05/10/2011 07:33","Alto (> 8 mts)",130,"Grande",-68.8308542838,-32.8790747062,4,"Cuarta Este Área Fundacional",1822015.85685,0,0.620867410222758,0
23473,"Morera","24/01/2011 15:47","Alto (> 8 mts)",124,"Grande",-68.8492842631,-32.9023718314,2,"Barrio Civico",2366816.36021,0,0.580421252025105,0
47557,"Fresno europeo","19/09/2011 08:55","Alto (> 8 mts)",58,"Mediano",-68.8274636696,-32.8713293081,4,"Cuarta Este Área Fundacional",1822015.85685,0,0.34050088517327,0
34876,"Morera","29/03/2011 10:35","Medio (4 - 8 mts)",66,"Grande",-68.8516395351,-32.8799914193,6,"Residencial Norte",2694682.37982,0,0.79075367431754,0
35545,"Morera","16/06/2011 13:14","Medio (4 - 8 mts)",120,"Grande",-68.8570077594,-32.8828759658,5,"Residencial Sur",2423808.92355,0,0.668241423983805,0
945,"Paraiso","10/01/2012 17:35","Muy bajo (1 - 2 mts)",8,"Chico",-68.848539123,-32.8731849981,6,"Residencial Norte",2694682.37982,0,0.482814637932931,0
34627,"Conifera","31/03/2011 11:34","Medio (4 - 8 mts)",50,"Mediano",-68.8493617645,-32.8769608017,6,"Residencial Norte",2694682.37982,0,0.186981565831763,0
17486,"Pltano","16/01/2012 09:10","Alto (> 8 mts)",150,"Grande",-68.8351540563,-32.8680526604,4,"Cuarta Oeste",1173332.70145,1,0.594452175329567,0
7799,"Fresno europeo","12/05/2011 08:53","Medio (4 - 8 mts)",120,"Grande",-68.8566487653,-32.885519488,5,"Residencial Sur",2423808.92355,1,0.302840496406439,0
27421,"Morera","25/10/2011 09:42","Alto (> 8 mts)",152,"Grande",-68.8352602802,-32.8927861244,3,"Parque O'Higgins",1531146.02653,0,0.280751393800229,0
47831,"Pltano","21/09/2011 10:06","Alto (> 8 mts)",300,"Grande",-68.8282745561,-32.8741566927,4,"Cuarta Este Área Fundacional",1822015.85685,0,0.748424928104022,0
13271,"Morera","23/02/2011 12:23","Alto (> 8 mts)",180,"Grande",-68.8476757673,-32.8646708829,6,"Residencial Norte",2694682.37982,0,0.894337036149498,0
30710,"Aguaribay","04/02/2011 11:53","Alto (> 8 mts)",170,"Grande",-68.855628322,-32.8677072124,6,"Residencial Norte",2694682.37982,0,0.592936470227288,0
29008,"Morera","20/04/2011 11:50","Alto (> 8 mts)",75,"Grande",-68.8451272155,-32.8865697578,1,"Parque Central",1655357.93265,1,0.183494927038652,0
13486,"Morera","31/01/2011 13:05","Alto (> 8 mts)",220,"Grande",-68.8520014616,-32.8637694896,6,"Residencial Norte",2694682.37982,0,0.181506308940224,0
21400,"Pltano","11/05/2011 09:44","Alto (> 8 mts)",170,"Grande",-68.8550651786,-32.8923799104,5,"Residencial Sur",2423808.92355,0,0.433142315165732,0
12958,"Prunas","11/01/2011 13:54","Bajo (2 - 4 mts)",20,"Chico",-68.8439539166,-32.8635016294,4,"Cuarta Oeste",1173332.70145,0,0.0732191073653454,0
39824,"Tipa","29/04/2011 10:12","Alto (> 8 mts)",250,"Grande",-68.8468952034,-32.883012414,1,"Parque Central",1655357.93265,0,0.0137873162170125,0
16820,"Prunas","09/08/2011 09:21","Bajo (2 - 4 mts)",30,"Mediano",-68.838635638,-32.8653366061,4,"Cuarta Oeste",1173332.70145,0,0.152649844917146,0
47211,"Morera","19/09/2011 10:54","Alto (> 8 mts)",126,"Grande",-68.8321661518,-32.8744504265,4,"Cuarta Este Área Fundacional",1822015.85685,0,0.277530005592157,0
30457,"Pltano","18/02/2011 14:08","Muy bajo (1 - 2 mts)",8,"Chico",-68.8410183817,-32.8881551866,3,"Parque O'Higgins",1531146.02653,0,0.391848751397468,0
33289,"Pltano","27/06/2011 09:23","Medio (4 - 8 mts)",18,"Chico",-68.8564182611,-32.8898231594,5,"Residencial Sur",2423808.92355,0,0.930612302867984,0
35568,"Morera","09/03/2011 10:09","Alto (> 8 mts)",145,"Grande",-68.8559093073,-32.8734273022,6,"Residencial Norte",2694682.37982,0,0.699909791449157,0
7097,"Fresno europeo","01/06/2011 12:15","Medio (4 - 8 mts)",103,"Grande",-68.8608946257,-32.8978493333,5,"Residencial Sur",2423808.92355,0,0.853534661037138,0
27953,"Morera","03/11/2011 09:58","Alto (> 8 mts)",92,"Grande",-68.83659015,-32.8940050816,3,"Parque O'Higgins",1531146.02653,0,0.582948442343687,0
12497,"Morera","25/01/2011 13:22","Alto (> 8 mts)",180,"Grande",-68.8486971973,-32.8677343608,6,"Residencial Norte",2694682.37982,0,0.968214350571623,0
40153,"Ligustro","14/04/2011 11:58","Medio (4 - 8 mts)",80,"Grande",-68.8442485478,-32.8793565689,1,"Parque Central",1655357.93265,0,0.199579365166279,0
22136,"Fresno europeo","13/05/2011 14:06","Medio (4 - 8 mts)",28,"Mediano",-68.8556031502,-32.8991106301,5,"Residencial Sur",2423808.92355,1,0.134898541464946,0
45144,"Fresno europeo","01/09/2011 11:44","Medio (4 - 8 mts)",110,"Grande",-68.8244147587,-32.8704832443,4,"Cuarta Este Área Fundacional",1822015.85685,0,0.365235448266101,0
39914,"Morera","02/05/2011 10:09","Medio (4 - 8 mts)",170,"Grande",-68.8431307463,-32.8758386583,1,"Parque Central",1655357.93265,0,0.496458435775945,0
36828,"Acer","07/04/2011 11:40","Medio (4 - 8 mts)",70,"Grande",-68.8587362807,-32.8803217368,7,"Residencial Parque",1786336.08966,0,0.379309297770724,0
45118,"Morera","31/08/2011 15:47","Alto (> 8 mts)",128,"Grande",-68.8257733458,-32.8707577259,4,"Cuarta Este Área Fundacional",1822015.85685,0,0.329639814470127,0
20011,"lamo criollo","11/08/2011 09:50","Alto (> 8 mts)",250,"Grande",-68.8333106664,-32.8666841324,4,"Cuarta Oeste",1173332.70145,0,0.456440252600432,0
2019,"Morera","02/11/2011 08:51","Medio (4 - 8 mts)",95,"Grande",-68.8329485656,-32.8948666297,3,"Parque O'Higgins",1531146.02653,1,0.943912140889503,0
47504,"Morera","29/08/2011 14:29","Alto (> 8 mts)",152,"Grande",-68.8274344034,-32.8709927556,4,"Cuarta Este Área Fundacional",1822015.85685,0,0.129919656288704,0
12513,"Fresno europeo","25/01/2011 13:52","Medio (4 - 8 mts)",67,"Grande",-68.8492894229,-32.8681942151,6,"Residencial Norte",2694682.37982,0,0.130011391644089,0
17577,"Acer","28/07/2011 09:32","Medio (4 - 8 mts)",70,"Grande",-68.8405139284,-32.8663494099,4,"Cuarta Oeste",1173332.70145,0,0.0201833094949332,0
14638,"Acacia SP","12/12/2011 12:37","Medio (4 - 8 mts)",40,"Mediano",-68.8793491446,-32.8655346568,8,"Aeroparque",2203364.73622,0,0.500928965466439,0
35197,"Morera","29/03/2011 10:27","Alto (> 8 mts)",86,"Grande",-68.8524194396,-32.8824211421,1,"Parque Central",1655357.93265,0,0.612401932937752,0
23031,"Morera","10/06/2011 18:44","Alto (> 8 mts)",82,"Grande",-68.8623428989,-32.9016439879,5,"Residencial Sur",2423808.92355,0,0.279060005121077,0
9078,"Paraiso sombrilla","17/02/2011 13:21","Medio (4 - 8 mts)",126,"Grande",-68.8547763057,-32.8658087181,6,"Residencial Norte",2694682.37982,0,0.788246722565314,0
18719,"Morera","12/07/2011 20:10","Medio (4 - 8 mts)",15,"Chico",-68.8367932456,-32.8732926123,4,"Cuarta Oeste",1173332.70145,0,0.14005492762812,0
14049,"Acer","05/12/2011 12:24","Medio (4 - 8 mts)",35,"Mediano",-68.8763403882,-32.867558247,8,"Aeroparque",2203364.73622,0,0.590655659416277,0
43344,"Acacia SP","26/10/2011 13:03","Alto (> 8 mts)",200,"Grande",-68.8324378636,-32.8804238766,3,"Parque O'Higgins",1531146.02653,0,0.226326676953649,0
784,"Aguaribay","14/12/2011 10:33","Bajo (2 - 4 mts)",35,"Mediano",-68.879554013,-32.8673239091,8,"Aeroparque",2203364.73622,0,0.386869040977291,0
8918,"Morera","26/01/2011 10:05","Bajo (2 - 4 mts)",33,"Mediano",-68.8487281001,-32.8686438746,6,"Residencial Norte",2694682.37982,0,0.0103578729672481,0
28581,"Morera","22/02/2011 09:50","Alto (> 8 mts)",145,"Grande",-68.8487569582,-32.8901478735,5,"Residencial Sur",2423808.92355,0,0.634626477280999,0
17520,"Paraiso","28/07/2011 09:57","Alto (> 8 mts)",148,"Grande",-68.8395034166,-32.8670863612,4,"Cuarta Oeste",1173332.70145,0,0.997262082593438,0
10941,"Morera","07/04/2011 16:07","Muy bajo (1 - 2 mts)",10,"Chico",-68.8587487012,-32.8799471172,7,"Residencial Parque",1786336.08966,0,0.415205722193157,0
15723,"Paraiso","15/11/2011 13:15","Muy bajo (1 - 2 mts)",8,"Chico",-68.8610022353,-32.8694505492,7,"Residencial Parque",1786336.08966,0,0.377451887805663,0
14243,"Morera","07/12/2011 09:51","Bajo (2 - 4 mts)",40,"Mediano",-68.8775814057,-32.86681832,8,"Aeroparque",2203364.73622,0,0.704571675408131,0
26928,"Pltano","01/11/2011 17:58","Alto (> 8 mts)",180,"Grande",-68.8355380978,-32.8867447068,3,"Parque O'Higgins",1531146.02653,0,0.175255041388823,0
44763,"Morera","24/08/2011 09:41","Medio (4 - 8 mts)",36,"Mediano",-68.8236872973,-32.8687711664,4,"Cuarta Este Área Fundacional",1822015.85685,0,0.361281988207324,0
33360,"Fresno europeo","19/05/2011 10:04","Alto (> 8 mts)",112,"Grande",-68.8575719732,-32.8907106018,5,"Residencial Sur",2423808.92355,0,0.277695140628384,0
24141,"Olmo comun","25/01/2011 12:25","Alto (> 8 mts)",143,"Grande",-68.8459398064,-32.9024610801,2,"Barrio Civico",2366816.36021,0,0.589478586779924,0
17542,"Caducifolio","28/07/2011 10:33","Alto (> 8 mts)",180,"Grande",-68.8396833834,-32.8668864158,4,"Cuarta Oeste",1173332.70145,0,0.0354845585694245,0
40470,"Pltano","11/04/2011 09:53","Alto (> 8 mts)",190,"Grande",-68.8438583217,-32.8823276112,1,"Parque Central",1655357.93265,0,0.887930626481611,0
41641,"Fresno europeo","03/05/2011 11:41","Alto (> 8 mts)",40,"Mediano",-68.8373611935,-32.8779579333,1,"Parque Central",1655357.93265,0,0.550979050437727,0
43000,"Morera","05/10/2011 12:01","Medio (4 - 8 mts)",130,"Grande",-68.833649067,-32.8784926218,1,"Parque Central",1655357.93265,0,0.172799265781217,0
31246,"Paraiso sombrilla","04/02/2011 10:48","Medio (4 - 8 mts)",200,"Grande",-68.8540810983,-32.8637295474,6,"Residencial Norte",2694682.37982,0,0.760619333193705,0
20997,"Caducifolio","22/06/2011 09:40","Muy bajo (1 - 2 mts)",12,"Chico",-68.8627953326,-32.9015172567,5,"Residencial Sur",2423808.92355,0,0.370746466209252,0
43424,"Fresno europeo","26/10/2011 16:20","Alto (> 8 mts)",170,"Grande",-68.8321555064,-32.8800994296,3,"Parque O'Higgins",1531146.02653,0,0.524682401219771,0
13732,"Morera","28/01/2011 09:00","Alto (> 8 mts)",90,"Grande",-68.8498266033,-32.8632829625,6,"Residencial Norte",2694682.37982,0,0.781656431511265,0
33965,"Morera","24/05/2011 10:41","Medio (4 - 8 mts)",110,"Grande",-68.8515828967,-32.8849725652,5,"Residencial Sur",2423808.92355,0,0.300016668640627,0
35979,"Acer","22/03/2011 09:50","Alto (> 8 mts)",190,"Grande",-68.8550274524,-32.8754596158,6,"Residencial Norte",2694682.37982,0,0.284196921915164,0
40875,"Fresno europeo","20/04/2011 19:18","Alto (> 8 mts)",58,"Mediano",-68.8386278442,-32.8850444328,3,"Parque O'Higgins",1531146.02653,0,0.114955654611599,0
21990,"Morera","27/05/2011 13:07","Medio (4 - 8 mts)",60,"Mediano",-68.8584543509,-32.8939591689,5,"Residencial Sur",2423808.92355,0,0.326765334793066,0
25143,"Morera","09/02/2011 15:34","Medio (4 - 8 mts)",72,"Grande",-68.835423358,-32.8982852991,2,"Barrio Civico",2366816.36021,1,0.0223563377600503,0
31274,"Fresno europeo","03/02/2011 12:16","Medio (4 - 8 mts)",124,"Grande",-68.8533512641,-32.864934451,6,"Residencial Norte",2694682.37982,0,0.978050030917393,0
10479,"Fresno europeo","04/03/2011 08:57","Bajo (2 - 4 mts)",34,"Mediano",-68.8527583143,-32.8737657979,6,"Residencial Norte",2694682.37982,0,0.408213201125784,0
3535,"Morera","05/09/2011 10:55","Alto (> 8 mts)",130,"Grande",-68.8335336218,-32.8687085018,4,"Cuarta Oeste",1173332.70145,0,0.889894848178715,0
41189,"Morera","15/04/2011 14:16","Medio (4 - 8 mts)",60,"Mediano",-68.8383208932,-32.8816199623,1,"Parque Central",1655357.93265,0,0.712811071667155,0
45074,"Morera","31/08/2011 12:05","Medio (4 - 8 mts)",130,"Grande",-68.821929232,-32.8710279148,4,"Cuarta Este Área Fundacional",1822015.85685,0,0.241501946039292,0
27985,"Fresno americano","31/10/2011 09:20","Medio (4 - 8 mts)",58,"Mediano",-68.8372252449,-32.8931195388,3,"Parque O'Higgins",1531146.02653,0,0.186248996620391,0
39448,"Paraiso","11/11/2010 10:11","Alto (> 8 mts)",140,"Grande",-68.854674239,-32.8694042263,6,"Residencial Norte",2694682.37982,0,0.573964609837843,0
47735,"Morera","15/09/2011 09:53","Alto (> 8 mts)",133,"Grande",-68.8291644469,-32.8725901365,4,"Cuarta Este Área Fundacional",1822015.85685,0,0.711373042198989,0
45227,"Fresno europeo","30/09/2011 10:44","Medio (4 - 8 mts)",115,"Grande",-68.8222155666,-32.8732765609,4,"Cuarta Este Área Fundacional",1822015.85685,0,0.757089442833988,0
24968,"Morera","16/02/2011 11:39","Muy bajo (1 - 2 mts)",8,"Chico",-68.837433698,-32.895673749,2,"Barrio Civico",2366816.36021,0,0.47250802146317,0
22054,"Acer","16/05/2011 09:36","Bajo (2 - 4 mts)",29,"Mediano",-68.8580689664,-32.8939088352,5,"Residencial Sur",2423808.92355,0,0.81682557705363,0
2436,"Pltano","27/10/2011 10:30","Medio (4 - 8 mts)",33,"Mediano",-68.8384831639,-32.8896502294,3,"Parque O'Higgins",1531146.02653,0,0.827251765986822,0
43134,"Fresno europeo","04/10/2011 08:40","Muy bajo (1 - 2 mts)",22,"Mediano",-68.8293188165,-32.8779040263,4,"Cuarta Este Área Fundacional",1822015.85685,0,0.0989477844983813,0
28074,"Morera","21/02/2011 18:10","Bajo (2 - 4 mts)",32,"Mediano",-68.8502420893,-32.8919519636,5,"Residencial Sur",2423808.92355,0,0.902215684594481,0
10499,"Morera","10/03/2011 08:56","Bajo (2 - 4 mts)",26,"Mediano",-68.8510033206,-32.8740110012,6,"Residencial Norte",2694682.37982,0,0.952814795595175,0
15053,"Paraiso sombrilla","21/12/2011 16:29","Bajo (2 - 4 mts)",22,"Mediano",-68.881903516,-32.8720760334,8,"Aeroparque",2203364.73622,0,0.908722738924329,0
47324,"Morera","21/09/2011 11:42","Alto (> 8 mts)",172,"Grande",-68.8307205008,-32.8744616432,4,"Cuarta Este Área Fundacional",1822015.85685,0,0.696893749200754,0
39999,"Morera","20/04/2011 12:54","Medio (4 - 8 mts)",190,"Grande",-68.844123985,-32.8777486046,1,"Parque Central",1655357.93265,1,0.326044664541084,0
40749,"Morera","15/04/2011 11:45","Alto (> 8 mts)",165,"Grande",-68.8420285729,-32.8851153302,1,"Parque Central",1655357.93265,1,0.320497517118992,0
19970,"Prunas","05/08/2011 09:02","Bajo (2 - 4 mts)",35,"Mediano",-68.8331229833,-32.8646072789,4,"Cuarta Oeste",1173332.70145,0,0.281818765264622,0
6937,"Morera","07/06/2011 12:14","Alto (> 8 mts)",86,"Grande",-68.8547732984,-32.8969077551,5,"Residencial Sur",2423808.92355,0,0.768696470475279,0
20931,"Olmo comun","24/05/2011 12:34","Alto (> 8 mts)",155,"Grande",-68.8607713958,-32.8952558439,5,"Residencial Sur",2423808.92355,0,0.941743360138777,0
30205,"Fresno europeo","09/03/2011 09:28","Alto (> 8 mts)",114,"Grande",-68.8418197203,-32.8891046922,3,"Parque O'Higgins",1531146.02653,0,0.810818528180759,0
47765,"Morera","15/09/2011 14:05","Alto (> 8 mts)",110,"Grande",-68.8267667766,-32.8721616661,4,"Cuarta Este Área Fundacional",1822015.85685,0,0.270198826416409,0
9823,"Fresno europeo","12/01/2011 11:39","Alto (> 8 mts)",84,"Grande",-68.8446809891,-32.8634225123,4,"Cuarta Oeste",1173332.70145,0,0.0955957346543781,0
1569,"Morera","25/11/2011 10:20","Medio (4 - 8 mts)",70,"Grande",-68.8738241745,-32.8768453797,7,"Residencial Parque",1786336.08966,0,0.146099948096604,0
23081,"Fresno europeo","17/01/2011 14:31","Alto (> 8 mts)",82,"Grande",-68.847321457,-32.9007058321,2,"Barrio Civico",2366816.36021,0,0.676423288117739,0
15018,"Morera","19/12/2011 17:17","Bajo (2 - 4 mts)",18,"Chico",-68.8806879794,-32.8721179034,8,"Aeroparque",2203364.73622,0,0.180085618398761,0
26059,"Fresno europeo","08/11/2011 15:39","Bajo (2 - 4 mts)",60,"Mediano",-68.8340494239,-32.8875460656,3,"Parque O'Higgins",1531146.02653,0,0.178855202280031,0
13808,"Morera","26/01/2011 13:26","Medio (4 - 8 mts)",130,"Grande",-68.8492591405,-32.8637120642,6,"Residencial Norte",2694682.37982,0,0.606118804769724,0
9090,"Fresno europeo","17/02/2011 11:20","Alto (> 8 mts)",50,"Mediano",-68.8547234323,-32.8663752829,6,"Residencial Norte",2694682.37982,0,0.21603985151774,0
15282,"Paraiso","18/11/2011 12:16","Bajo (2 - 4 mts)",30,"Mediano",-68.8600341647,-32.8708033942,6,"Residencial Norte",2694682.37982,0,0.828556848274493,0
40621,"Pltano","12/04/2011 13:56","Alto (> 8 mts)",190,"Grande",-68.8445640846,-32.8844499022,1,"Parque Central",1655357.93265,0,0.184775808071798,0
19227,"Morera","05/07/2011 12:29","Alto (> 8 mts)",112,"Grande",-68.8395853697,-32.872188163,4,"Cuarta Oeste",1173332.70145,0,0.872575836066133,0
19463,"Fresno europeo","12/07/2011 11:36","Alto (> 8 mts)",85,"Grande",-68.8390088082,-32.870710433,4,"Cuarta Oeste",1173332.70145,0,0.687624332052357,0
44351,"Pltano","17/10/2011 13:26","Alto (> 8 mts)",170,"Grande",-68.8364028982,-32.8835271176,3,"Parque O'Higgins",1531146.02653,0,0.71562349803327,0
5914,"Fresno americano","25/04/2011 12:42","Alto (> 8 mts)",165,"Grande",-68.8429100132,-32.8866922889,1,"Parque Central",1655357.93265,0,0.838710195510973,0
5616,"Pltano","05/05/2011 13:34","Medio (4 - 8 mts)",34,"Mediano",-68.8396159944,-32.8764603667,1,"Parque Central",1655357.93265,0,0.00546226558818563,0
40143,"Morera","13/04/2011 10:11","Medio (4 - 8 mts)",120,"Grande",-68.843278266,-32.8795952073,1,"Parque Central",1655357.93265,1,0.766161854961153,0
45463,"Morera","19/09/2011 11:09","Alto (> 8 mts)",180,"Grande",-68.8231201598,-32.8713449411,4,"Cuarta Este Área Fundacional",1822015.85685,0,0.938036633369531,0
43380,"Morera","25/10/2011 16:39","Medio (4 - 8 mts)",170,"Grande",-68.8336412858,-32.8811072889,3,"Parque O'Higgins",1531146.02653,0,0.454884405374605,0
11790,"Fresno europeo","02/03/2011 09:48","Alto (> 8 mts)",185,"Grande",-68.851094393,-32.8652344248,6,"Residencial Norte",2694682.37982,0,0.00890154848177627,0
18420,"Morera","11/07/2011 11:07","Alto (> 8 mts)",150,"Grande",-68.8390288688,-32.8737411596,4,"Cuarta Oeste",1173332.70145,0,0.734741080683019,0
33131,"Fresno europeo","27/06/2011 10:14","Medio (4 - 8 mts)",25,"Mediano",-68.85430021,-32.8910350747,5,"Residencial Sur",2423808.92355,0,0.0623214442086489,0
32593,"Pltano","17/06/2011 09:26","Alto (> 8 mts)",198,"Grande",-68.853885377,-32.8891768713,5,"Residencial Sur",2423808.92355,0,0.823198147633564,0
17405,"Paraiso","22/07/2011 09:43","Medio (4 - 8 mts)",85,"Grande",-68.8408686266,-32.8661626057,4,"Cuarta Oeste",1173332.70145,0,0.956794772533096,0
47490,"Morera","29/08/2011 12:32","Alto (> 8 mts)",180,"Grande",-68.826044742,-32.8702115869,4,"Cuarta Este Área Fundacional",1822015.85685,0,0.658043062489253,0
39716,"Morera","30/08/2010 10:45","Medio (4 - 8 mts)",110,"Grande",-68.8454125729,-32.8692341013,4,"Cuarta Oeste",1173332.70145,0,0.891990984412122,0
39006,"Morera","27/12/2010 10:18","Alto (> 8 mts)",160,"Grande",-68.8547325292,-32.8705481838,6,"Residencial Norte",2694682.37982,0,0.336002347638861,0
16046,"Morera","15/08/2011 13:26","Alto (> 8 mts)",170,"Grande",-68.8452322997,-32.8709325445,6,"Residencial Norte",2694682.37982,0,0.737573135225792,0
18966,"Morera","04/08/2011 09:12","Alto (> 8 mts)",230,"Grande",-68.8376119929,-32.8688126493,4,"Cuarta Oeste",1173332.70145,0,0.703951854856939,0
1606,"Paraiso","24/11/2011 10:18","Medio (4 - 8 mts)",66,"Grande",-68.8716554456,-32.8793064499,7,"Residencial Parque",1786336.08966,0,0.889246064341112,0
15799,"Paraiso sombrilla","22/11/2011 17:05","Bajo (2 - 4 mts)",80,"Grande",-68.8733176775,-32.8794053894,7,"Residencial Parque",1786336.08966,0,0.603975270100983,0
18539,"Fresno europeo","05/07/2011 12:43","Medio (4 - 8 mts)",65,"Grande",-68.8381574095,-32.8733630343,4,"Cuarta Oeste",1173332.70145,0,0.0632270597262756,0
48126,"Morera","17/08/2011 11:16","Medio (4 - 8 mts)",60,"Mediano",-68.8298726157,-32.8668631812,4,"Cuarta Este Área Fundacional",1822015.85685,0,0.053984378083229,0
1806,"Acer","24/11/2011 13:19","Medio (4 - 8 mts)",28,"Mediano",-68.8703620152,-32.8798207341,7,"Residencial Parque",1786336.08966,0,0.106291970346006,0
1388,"Acer","23/11/2011 11:06","Medio (4 - 8 mts)",60,"Mediano",-68.8708369615,-32.8790524199,7,"Residencial Parque",1786336.08966,0,0.385787234539171,0
12062,"Liquidambar","27/01/2011 09:14","Medio (4 - 8 mts)",36,"Mediano",-68.8532422212,-32.8672530385,6,"Residencial Norte",2694682.37982,0,0.975708583490561,0
32526,"Fresno europeo","23/06/2011 13:37","Alto (> 8 mts)",93,"Grande",-68.8504448267,-32.8901100505,5,"Residencial Sur",2423808.92355,0,0.650040255234768,0
15321,"Acacia SP","16/11/2011 12:30","Alto (> 8 mts)",95,"Grande",-68.860208398,-32.8708600973,7,"Residencial Parque",1786336.08966,0,0.50129766647115,0
30497,"Pltano","15/07/2011 10:27","Alto (> 8 mts)",160,"Grande",-68.8391595691,-32.8893449363,3,"Parque O'Higgins",1531146.02653,0,0.954115629752575,0
2058,"Fresno europeo","11/10/2011 16:57","Medio (4 - 8 mts)",90,"Grande",-68.8289573083,-32.8814494077,3,"Parque O'Higgins",1531146.02653,0,0.117285819961449,0
23586,"Paraiso","19/01/2012 09:09","Alto (> 8 mts)",180,"Grande",-68.8515586614,-32.8979577139,2,"Barrio Civico",2366816.36021,0,0.596985739824928,0
18356,"Pltano","01/08/2011 10:50","Alto (> 8 mts)",210,"Grande",-68.8363351448,-32.8683009869,4,"Cuarta Oeste",1173332.70145,0,0.359844593373786,0
47389,"Morera","21/09/2011 11:28","Medio (4 - 8 mts)",190,"Grande",-68.8289624476,-32.875398185,4,"Cuarta Este Área Fundacional",1822015.85685,0,0.293344561588772,0
4753,"Morera","03/08/2011 09:37","Medio (4 - 8 mts)",60,"Mediano",-68.8344465177,-32.8660263764,4,"Cuarta Oeste",1173332.70145,0,0.0266530322748112,0
21996,"Fresno europeo","27/05/2011 10:52","Medio (4 - 8 mts)",83,"Grande",-68.8589030159,-32.8940581073,5,"Residencial Sur",2423808.92355,1,0.451559738315662,0
43078,"Fresno americano","03/10/2011 09:31","Medio (4 - 8 mts)",46,"Mediano",-68.8309570019,-32.8788499187,4,"Cuarta Este Área Fundacional",1822015.85685,0,0.893460036293705,0
418,"Acer","06/03/2012 12:27","Medio (4 - 8 mts)",130,"Grande",-68.8180617823,-32.8673495768,4,"Cuarta Este Área Fundacional",1822015.85685,0,0.576631789828845,0
11681,"Acer","27/01/2011 10:02","Alto (> 8 mts)",125,"Grande",-68.8497446216,-32.8677926482,6,"Residencial Norte",2694682.37982,0,0.804263113957269,0
43375,"Morera","25/10/2011 16:51","Medio (4 - 8 mts)",140,"Grande",-68.8337472696,-32.8808891832,3,"Parque O'Higgins",1531146.02653,0,0.0149862460523047,0
17398,"Prunas","22/07/2011 09:58","Bajo (2 - 4 mts)",40,"Mediano",-68.8402410224,-32.8662824526,4,"Cuarta Oeste",1173332.70145,0,0.324926042276157,0
28733,"Morera","11/03/2011 13:40","Alto (> 8 mts)",250,"Grande",-68.8479517914,-32.8872372298,1,"Parque Central",1655357.93265,0,0.92414808004784,0
36233,"Fresno europeo","18/03/2011 09:12","Alto (> 8 mts)",100,"Grande",-68.854513954,-32.8779170239,6,"Residencial Norte",2694682.37982,0,0.276922687067061,0
9907,"Prunas","11/02/2011 11:30","Bajo (2 - 4 mts)",8,"Chico",-68.8578814869,-32.8647621039,6,"Residencial Norte",2694682.37982,0,0.748792371155056,0
23252,"Morera","27/01/2012 12:43","Bajo (2 - 4 mts)",48,"Mediano",-68.8521185824,-32.9016325605,2,"Barrio Civico",2366816.36021,0,0.133109182746831,0
38430,"Paraiso","03/11/2010 11:09","Alto (> 8 mts)",210,"Grande",-68.8510233846,-32.8701952607,6,"Residencial Norte",2694682.37982,0,0.314833838657463,0
45809,"Fresno europeo","01/09/2011 10:47","Medio (4 - 8 mts)",108,"Grande",-68.8200791168,-32.8703320912,4,"Cuarta Este Área Fundacional",1822015.85685,0,0.30423345210069,0
9959,"Paraiso","11/11/2010 13:53","Alto (> 8 mts)",95,"Grande",-68.8555044962,-32.869284241,6,"Residencial Norte",2694682.37982,0,0.855166972661361,0
25220,"Morera","09/02/2011 19:18","Alto (> 8 mts)",132,"Grande",-68.8364768754,-32.8978684449,2,"Barrio Civico",2366816.36021,1,0.611790514231541,0
27330,"Pltano","25/10/2011 09:11","Alto (> 8 mts)",300,"Grande",-68.8355791078,-32.890381456,3,"Parque O'Higgins",1531146.02653,0,0.0693275699182895,0
16426,"Paraiso","12/08/2011 10:20","Medio (4 - 8 mts)",60,"Mediano",-68.8420675194,-32.8645987823,4,"Cuarta Oeste",1173332.70145,0,0.239733744032824,0
6678,"Morera","10/05/2011 11:10","Alto (> 8 mts)",112,"Grande",-68.8521982749,-32.8959431551,5,"Residencial Sur",2423808.92355,0,0.789557275100965,0
8228,"Fresno europeo","03/03/2011 14:38","Muy bajo (1 - 2 mts)",10,"Chico",-68.8415645315,-32.8925895136,2,"Barrio Civico",2366816.36021,0,0.991585716630176,0
10125,"Morera","03/01/2011 10:21","Alto (> 8 mts)",130,"Grande",-68.856425906,-32.8708835989,6,"Residencial Norte",2694682.37982,0,0.799332189116177,0
228,"Pltano","06/03/2012 09:41","Alto (> 8 mts)",180,"Grande",-68.8380639089,-32.8700831815,4,"Cuarta Oeste",1173332.70145,0,0.44983721537846,0
4941,"Morera","19/07/2011 10:51","Alto (> 8 mts)",50,"Mediano",-68.842698011,-32.8661954002,4,"Cuarta Oeste",1173332.70145,0,0.870704956675798,0
26584,"Acacia SP","04/11/2011 08:15","Medio (4 - 8 mts)",100,"Grande",-68.8325462197,-32.8912206103,3,"Parque O'Higgins",1531146.02653,0,0.2672840234447,0
22059,"Morera","16/05/2011 09:20","Alto (> 8 mts)",130,"Grande",-68.8586455473,-32.8938051626,5,"Residencial Sur",2423808.92355,0,0.0914097259400147,0
8755,"Morera","15/02/2011 09:37","Alto (> 8 mts)",100,"Grande",-68.840278714,-32.8951348319,2,"Barrio Civico",2366816.36021,0,0.423192923577486,0
13537,"Morera","01/02/2011 12:53","Alto (> 8 mts)",220,"Grande",-68.8513416803,-32.8640682272,6,"Residencial Norte",2694682.37982,0,0.590030919463282,0
32256,"Morera","29/06/2011 10:06","Alto (> 8 mts)",120,"Grande",-68.8513269409,-32.8908231681,5,"Residencial Sur",2423808.92355,1,0.569211096043709,0
36742,"Morera","09/06/2011 13:02","Medio (4 - 8 mts)",120,"Grande",-68.8584183211,-32.8820318728,7,"Residencial Parque",1786336.08966,0,0.198226677879505,0
16826,"Fresno europeo","08/08/2011 14:13","Alto (> 8 mts)",172,"Grande",-68.8384305697,-32.8648474081,4,"Cuarta Oeste",1173332.70145,0,0.594377438689579,0
17570,"Morera","28/07/2011 09:43","Alto (> 8 mts)",200,"Grande",-68.8410084765,-32.8664671055,4,"Cuarta Oeste",1173332.70145,0,0.498705293004569,0
21249,"Morera","10/05/2011 11:57","Alto (> 8 mts)",180,"Grande",-68.8534608284,-32.8956980592,5,"Residencial Sur",2423808.92355,1,0.208177287459893,0
25551,"Fresno europeo","15/02/2011 19:20","Alto (> 8 mts)",88,"Grande",-68.8387628574,-32.9007258677,2,"Barrio Civico",2366816.36021,0,0.624227070770838,0
13080,"Morera","17/02/2011 10:16","Alto (> 8 mts)",170,"Grande",-68.8463808632,-32.8644721575,4,"Cuarta Oeste",1173332.70145,0,0.0365922303447012,0
41854,"Conifera","05/05/2011 12:03","Medio (4 - 8 mts)",45,"Mediano",-68.8416996216,-32.8791123464,1,"Parque Central",1655357.93265,0,0.286868102306524,0
46823,"Fresno europeo","16/09/2011 08:29","Alto (> 8 mts)",50,"Mediano",-68.8334608727,-32.8722379578,4,"Cuarta Este Área Fundacional",1822015.85685,0,0.293818236912759,0
6654,"Acacia SP","12/05/2011 11:19","Medio (4 - 8 mts)",35,"Mediano",-68.8603486621,-32.8919267755,5,"Residencial Sur",2423808.92355,1,0.25734231438285,0
21178,"Pltano","06/05/2011 09:53","Alto (> 8 mts)",190,"Grande",-68.8513617909,-32.8930635962,5,"Residencial Sur",2423808.92355,0,0.986609312645287,0
44139,"Morera","06/10/2011 16:54","Medio (4 - 8 mts)",152,"Grande",-68.8350459761,-32.8783748199,1,"Parque Central",1655357.93265,1,0.899311296605569,0
26051,"Fresno europeo","08/11/2011 16:18","Medio (4 - 8 mts)",90,"Grande",-68.8317463627,-32.8876465467,3,"Parque O'Higgins",1531146.02653,0,0.0622479740717896,0
33377,"Pltano","19/05/2011 09:18","Alto (> 8 mts)",134,"Grande",-68.8572731756,-32.8917944912,5,"Residencial Sur",2423808.92355,0,0.777174122062214,0
18212,"Palo borracho","05/08/2011 12:06","Bajo (2 - 4 mts)",140,"Grande",-68.8388881668,-32.8681098956,4,"Cuarta Oeste",1173332.70145,0,0.367218800990181,0
35796,"Morera","21/03/2011 12:00","Medio (4 - 8 mts)",170,"Grande",-68.8538647387,-32.8749521295,6,"Residencial Norte",2694682.37982,0,0.387683081409828,0
11511,"Fresno europeo","22/02/2011 10:53","Alto (> 8 mts)",186,"Grande",-68.8527575887,-32.8664663686,6,"Residencial Norte",2694682.37982,0,0.419305752943173,0
46249,"Morera","27/09/2011 12:23","Alto (> 8 mts)",160,"Grande",-68.8259818364,-32.8756120132,4,"Cuarta Este Área Fundacional",1822015.85685,1,0.890015242311073,0
6537,"Fresno europeo","09/05/2011 12:20","Medio (4 - 8 mts)",50,"Mediano",-68.8546562646,-32.8917352124,5,"Residencial Sur",2423808.92355,0,0.0241104448691727,0
8672,"Fresno europeo","01/02/2011 13:37","Bajo (2 - 4 mts)",29,"Mediano",-68.8404404299,-32.9034419227,2,"Barrio Civico",2366816.36021,0,0.531424609615846,0
16794,"Perenne","10/08/2011 07:59","Bajo (2 - 4 mts)",56,"Mediano",-68.8381041002,-32.8629497455,4,"Cuarta Oeste",1173332.70145,0,0.580605354238379,0
23699,"Fresno americano","24/01/2011 19:39","Medio (4 - 8 mts)",76,"Grande",-68.8491788997,-32.9005266663,2,"Barrio Civico",2366816.36021,0,0.0385303949800778,0
11596,"Paraiso","10/05/2010 10:52","Medio (4 - 8 mts)",6,"Chico",-68.8525565554,-32.8669227187,6,"Residencial Norte",2694682.37982,0,0.991245859832488,0
15752,"Morera","22/11/2011 09:38","Medio (4 - 8 mts)",105,"Grande",-68.8729224971,-32.8790787152,7,"Residencial Parque",1786336.08966,0,0.852183608662626,0
43639,"Pltano","14/10/2011 17:53","Alto (> 8 mts)",200,"Grande",-68.8339322149,-32.882026915,3,"Parque O'Higgins",1531146.02653,1,0.461745971980291,0
32665,"Acacia visco","24/06/2011 10:45","Alto (> 8 mts)",180,"Grande",-68.8504432323,-32.8902321376,5,"Residencial Sur",2423808.92355,0,0.905404393045433,0
43595,"Fresno europeo","13/10/2011 12:13","Alto (> 8 mts)",135,"Grande",-68.8325583425,-32.8828999053,3,"Parque O'Higgins",1531146.02653,0,0.862439580289122,0
37153,"Morera","07/04/2011 11:10","Alto (> 8 mts)",140,"Grande",-68.8585392225,-32.8788569668,7,"Residencial Parque",1786336.08966,0,0.630366173890587,0
23187,"Morera","18/01/2011 13:11","Alto (> 8 mts)",180,"Grande",-68.8480319167,-32.9008992084,2,"Barrio Civico",2366816.36021,0,0.450508630562759,0
24270,"Morera","30/01/2011 23:54","Alto (> 8 mts)",200,"Grande",-68.8445770295,-32.9007288225,2,"Barrio Civico",2366816.36021,0,0.0237884695020032,0
46848,"Pltano","15/09/2011 13:32","Alto (> 8 mts)",140,"Grande",-68.8345134029,-32.8725000867,4,"Cuarta Este Área Fundacional",1822015.85685,0,0.339512437474178,0
29584,"Morera","04/03/2011 09:20","Alto (> 8 mts)",82,"Grande",-68.8440042453,-32.8919942014,2,"Barrio Civico",2366816.36021,0,0.132452056587669,0
32462,"Morera","26/05/2011 09:50","Alto (> 8 mts)",165,"Grande",-68.8518134991,-32.8884706909,5,"Residencial Sur",2423808.92355,0,0.291793896570104,0
17880,"Fresno europeo","01/08/2011 10:47","Medio (4 - 8 mts)",15,"Chico",-68.8370246151,-32.8676065903,4,"Cuarta Oeste",1173332.70145,0,0.477404682862993,0
11960,"Fresno americano","14/05/2010 09:56","Bajo (2 - 4 mts)",52,"Mediano",-68.8516202426,-32.8682872286,6,"Residencial Norte",2694682.37982,0,0.392083417599109,0
15892,"Paraiso sombrilla","28/11/2011 12:42","Medio (4 - 8 mts)",90,"Grande",-68.8719812733,-32.875913739,7,"Residencial Parque",1786336.08966,0,0.509131925281611,0
47659,"Morera","08/09/2011 15:29","Medio (4 - 8 mts)",240,"Grande",-68.8286821902,-32.8711077234,4,"Cuarta Este Área Fundacional",1822015.85685,1,0.15935325369369,0
43039,"Palo borracho","03/10/2011 10:37","Muy bajo (1 - 2 mts)",10,"Chico",-68.830985632,-32.8778119771,4,"Cuarta Este Área Fundacional",1822015.85685,0,0.458771073359224,0
16853,"Morera","05/08/2011 13:52","Alto (> 8 mts)",130,"Grande",-68.8400504974,-32.8643046305,4,"Cuarta Oeste",1173332.70145,0,0.299265430502313,0
34610,"Ligustro","17/01/2012 11:58","Medio (4 - 8 mts)",40,"Mediano",-68.8473894213,-32.8750604639,6,"Residencial Norte",2694682.37982,0,0.781437418607365,0
30447,"Pltano","21/02/2011 09:22","Alto (> 8 mts)",150,"Grande",-68.8414210356,-32.8884145735,3,"Parque O'Higgins",1531146.02653,0,0.435489124460469,0
23773,"Morera","26/01/2011 14:24","Alto (> 8 mts)",172,"Grande",-68.8502173584,-32.8999793263,2,"Barrio Civico",2366816.36021,0,0.765673295027148,0
11527,"Olmo bola","23/02/2011 09:31","Alto (> 8 mts)",50,"Mediano",-68.8533244227,-32.8661594338,6,"Residencial Norte",2694682.37982,0,0.0588908057044329,0
28492,"Morera","25/02/2011 10:14","Alto (> 8 mts)",170,"Grande",-68.847689566,-32.8892147195,2,"Barrio Civico",2366816.36021,1,0.157463915950479,0
25153,"Morera","09/02/2011 14:53","Medio (4 - 8 mts)",98,"Grande",-68.8360278879,-32.8979366883,2,"Barrio Civico",2366816.36021,0,0.0715578752612975,0
38984,"Perenne","27/12/2010 11:58","Medio (4 - 8 mts)",50,"Mediano",-68.8550257497,-32.8712790696,6,"Residencial Norte",2694682.37982,0,0.977753286922639,0
4322,"Ligustro","13/07/2011 10:43","Medio (4 - 8 mts)",48,"Mediano",-68.8346599907,-32.8699203687,4,"Cuarta Oeste",1173332.70145,0,0.421860446837335,0
27664,"Paraiso","28/10/2011 11:39","Medio (4 - 8 mts)",80,"Grande",-68.8366482937,-32.8950875697,2,"Barrio Civico",2366816.36021,0,0.568815585353481,0
19503,"Morera","18/07/2011 09:37","Alto (> 8 mts)",170,"Grande",-68.8384633911,-32.8716200947,4,"Cuarta Oeste",1173332.70145,0,0.907681907705541,0
44009,"Pltano","14/10/2011 11:32","Muy bajo (1 - 2 mts)",10,"Chico",-68.8327585194,-32.8849317983,3,"Parque O'Higgins",1531146.02653,0,0.0424358845599527,0
44827,"Morera","24/08/2011 11:44","Medio (4 - 8 mts)",53,"Mediano",-68.824329822,-32.8698503126,4,"Cuarta Este Área Fundacional",1822015.85685,0,0.439217040360028,0
487,"Fresno europeo","07/03/2012 10:03","Medio (4 - 8 mts)",145,"Grande",-68.8226703547,-32.8679905353,4,"Cuarta Este Área Fundacional",1822015.85685,0,0.0887002876403061,0
32826,"Fresno europeo","13/07/2011 11:37","Medio (4 - 8 mts)",85,"Grande",-68.852357917,-32.885947138,5,"Residencial Sur",2423808.92355,0,0.0173478987645596,0
35746,"Fresno europeo","04/03/2011 10:07","Medio (4 - 8 mts)",62,"Grande",-68.8554450723,-32.8736653549,6,"Residencial Norte",2694682.37982,0,0.824221019578609,0
2913,"Aguaribay","20/09/2011 08:50","Bajo (2 - 4 mts)",40,"Mediano",-68.8206207402,-32.8732439448,4,"Cuarta Este Área Fundacional",1822015.85685,0,0.355778672105716,0
9288,"Acer","23/02/2011 09:55","Alto (> 8 mts)",162,"Grande",-68.8483359035,-32.8653930754,6,"Residencial Norte",2694682.37982,0,0.669953164274934,0
37078,"Olmo bola","06/04/2011 09:52","Medio (4 - 8 mts)",140,"Grande",-68.8578638353,-32.8757876485,6,"Residencial Norte",2694682.37982,0,0.170193172592713,0
24840,"Fresno americano","18/02/2011 10:02","Alto (> 8 mts)",81,"Grande",-68.8395834176,-32.8965831742,2,"Barrio Civico",2366816.36021,0,0.946695079025757,0
36359,"Morera","17/03/2011 13:01","Medio (4 - 8 mts)",43,"Mediano",-68.851585129,-32.8780780509,6,"Residencial Norte",2694682.37982,0,0.977324652705408,0
17128,"Morera","15/08/2011 13:47","Alto (> 8 mts)",97,"Grande",-68.8363362864,-32.8624849658,4,"Cuarta Oeste",1173332.70145,1,0.596135412442842,0
45165,"Fresno europeo","31/08/2011 14:08","Alto (> 8 mts)",179,"Grande",-68.8233256294,-32.871162551,4,"Cuarta Este Área Fundacional",1822015.85685,0,0.955904574408566,0
43457,"Fresno europeo","03/10/2011 10:03","Alto (> 8 mts)",140,"Grande",-68.8322898095,-32.8799403708,3,"Parque O'Higgins",1531146.02653,0,0.473745499449896,0
21819,"Caducifolio","13/05/2011 09:45","Muy bajo (1 - 2 mts)",15,"Chico",-68.8556783036,-32.8943452758,5,"Residencial Sur",2423808.92355,0,0.982195518063754,0
45731,"Morera","24/08/2011 11:29","Medio (4 - 8 mts)",140,"Grande",-68.8219035013,-32.8687243421,4,"Cuarta Este Área Fundacional",1822015.85685,0,0.0594218351409936,0
41881,"Fresno europeo","18/04/2011 12:13","Alto (> 8 mts)",100,"Grande",-68.8424042425,-32.879481668,1,"Parque Central",1655357.93265,0,0.460451728984055,0
33586,"Acacia SP","16/05/2011 10:44","Alto (> 8 mts)",205,"Grande",-68.8553326307,-32.8871701531,5,"Residencial Sur",2423808.92355,1,0.759666356511394,0
47230,"Morera","16/09/2011 13:24","Alto (> 8 mts)",125,"Grande",-68.8334811829,-32.8750342272,4,"Cuarta Este Área Fundacional",1822015.85685,0,0.218004421262658,0
8589,"Morera","11/02/2011 09:03","Alto (> 8 mts)",160,"Grande",-68.8373725926,-32.8994990312,2,"Barrio Civico",2366816.36021,0,0.075008199985631,0
43050,"Morera","03/10/2011 10:20","Bajo (2 - 4 mts)",36,"Mediano",-68.8320795072,-32.8777563877,4,"Cuarta Este Área Fundacional",1822015.85685,0,0.596410656988555,0
47365,"Morera","23/09/2011 08:38","Medio (4 - 8 mts)",180,"Grande",-68.8280612872,-32.8742732115,4,"Cuarta Este Área Fundacional",1822015.85685,1,0.652923289247429,0
42111,"Acer","04/05/2011 10:16","Medio (4 - 8 mts)",80,"Grande",-68.8429696396,-32.8774817924,1,"Parque Central",1655357.93265,0,0.264214117179695,0
29019,"Fresno europeo","20/04/2011 11:21","Muy bajo (1 - 2 mts)",12,"Chico",-68.8456421425,-32.8861805929,1,"Parque Central",1655357.93265,0,0.373509536114088,0
3204,"Morera","23/09/2011 14:36","Medio (4 - 8 mts)",44,"Mediano",-68.8274390359,-32.8754520338,4,"Cuarta Este Área Fundacional",1822015.85685,0,0.837448608617811,0
37983,"Paraiso sombrilla","10/01/2012 17:31","Medio (4 - 8 mts)",100,"Grande",-68.8484569818,-32.8732856827,6,"Residencial Norte",2694682.37982,0,0.138819690459,0
4320,"Fresno europeo","14/07/2011 08:51","Medio (4 - 8 mts)",45,"Mediano",-68.834882016,-32.8698788486,4,"Cuarta Oeste",1173332.70145,0,0.218961184734751,0
45108,"Morera","31/08/2011 16:05","Alto (> 8 mts)",170,"Grande",-68.8252919317,-32.8702088453,4,"Cuarta Este Área Fundacional",1822015.85685,0,0.574609311607199,0
8728,"Morera","14/02/2011 12:33","Alto (> 8 mts)",80,"Grande",-68.8367876557,-32.9004536682,2,"Barrio Civico",2366816.36021,0,0.10033146983314,0
36913,"Caducifolio","07/04/2011 16:37","Medio (4 - 8 mts)",60,"Mediano",-68.8586918754,-32.878954763,7,"Residencial Parque",1786336.08966,1,0.591849371530566,0
26628,"Morera","03/11/2011 10:48","Muy bajo (1 - 2 mts)",8,"Chico",-68.8342959062,-32.8900937837,3,"Parque O'Higgins",1531146.02653,0,0.960335488577845,0
47812,"Morera","23/09/2011 15:27","Alto (> 8 mts)",145,"Grande",-68.8262964289,-32.8742919205,4,"Cuarta Este Área Fundacional",1822015.85685,1,0.883083445081722,0
451,"Morera","05/03/2012 18:21","Medio (4 - 8 mts)",140,"Grande",-68.8187626756,-32.8676594587,4,"Cuarta Este Área Fundacional",1822015.85685,0,0.228407956601676,0
30067,"Pltano","11/04/2011 15:33","Alto (> 8 mts)",168,"Grande",-68.8392739896,-32.8862341215,3,"Parque O'Higgins",1531146.02653,0,0.0599729863933426,0
12949,"Fresno europeo","12/01/2011 09:03","Medio (4 - 8 mts)",80,"Grande",-68.8445065897,-32.8637879232,4,"Cuarta Oeste",1173332.70145,0,0.578045655372336,0
9352,"Jacarand","18/02/2011 13:16","Bajo (2 - 4 mts)",30,"Mediano",-68.8468372578,-32.8645063719,4,"Cuarta Oeste",1173332.70145,0,0.465994073519299,0
7949,"Morera","25/02/2011 18:42","Medio (4 - 8 mts)",45,"Mediano",-68.8465442516,-32.8875018397,1,"Parque Central",1655357.93265,1,0.766037912587739,0
18473,"Paraiso","07/07/2011 12:03","Medio (4 - 8 mts)",145,"Grande",-68.8389583358,-32.8742140947,1,"Parque Central",1655357.93265,0,0.472616097617879,0
11526,"Fresno europeo","23/02/2011 09:32","Medio (4 - 8 mts)",48,"Mediano",-68.8533988878,-32.8661652739,6,"Residencial Norte",2694682.37982,0,0.114681596864962,0
37937,"Paraiso","27/08/2010 09:20","Bajo (2 - 4 mts)",26,"Mediano",-68.8485561922,-32.8733813761,6,"Residencial Norte",2694682.37982,0,0.327786737676362,0
14906,"Paraiso sombrilla","19/12/2011 09:05","Bajo (2 - 4 mts)",55,"Mediano",-68.8810501381,-32.8737105453,8,"Aeroparque",2203364.73622,0,0.581951198332711,0
3341,"Pltano","05/10/2011 11:10","Bajo (2 - 4 mts)",40,"Mediano",-68.8295613869,-32.8791804816,4,"Cuarta Este Área Fundacional",1822015.85685,0,0.421630009730391,0
45549,"Morera","08/09/2011 09:37","Alto (> 8 mts)",150,"Grande",-68.8205769368,-32.8703803255,4,"Cuarta Este Área Fundacional",1822015.85685,0,0.609157555238033,0
35776,"Fresno europeo","18/03/2011 12:09","Medio (4 - 8 mts)",70,"Grande",-68.8547199711,-32.8748415862,6,"Residencial Norte",2694682.37982,1,0.61881653580134,0
37457,"Fresno europeo","04/01/2011 11:24","Bajo (2 - 4 mts)",35,"Mediano",-68.8579671383,-32.8707782235,6,"Residencial Norte",2694682.37982,0,0.221787176054668,0
25416,"Morera","14/02/2011 12:07","Alto (> 8 mts)",148,"Grande",-68.836742041,-32.9007521581,2,"Barrio Civico",2366816.36021,0,0.721894260582112,0
23323,"Olmo comun","28/01/2011 14:02","Alto (> 8 mts)",142,"Grande",-68.850219357,-32.9019669241,2,"Barrio Civico",2366816.36021,0,0.738788643698412,0
1345,"Fresno americano","29/11/2011 13:00","Muy bajo (1 - 2 mts)",20,"Chico",-68.8773281987,-32.8654611302,8,"Aeroparque",2203364.73622,0,0.893811622288214,0
30386,"Fresno europeo","02/03/2011 13:23","Muy bajo (1 - 2 mts)",12,"Chico",-68.8402911344,-32.8893920599,3,"Parque O'Higgins",1531146.02653,0,0.436546837201465,0
6153,"Pltano","19/04/2011 10:41","Alto (> 8 mts)",148,"Grande",-68.8404450383,-32.8841129871,1,"Parque Central",1655357.93265,0,0.421027614130592,0
33076,"Morera","18/05/2011 10:00","Alto (> 8 mts)",165,"Grande",-68.8524958578,-32.8877043381,5,"Residencial Sur",2423808.92355,0,0.934886532838622,0
40950,"Pltano","18/04/2011 15:33","Alto (> 8 mts)",136,"Grande",-68.8407233892,-32.8851251263,1,"Parque Central",1655357.93265,0,0.0966616907035316,0
40125,"Olmo comun","15/04/2011 10:51","Alto (> 8 mts)",210,"Grande",-68.8457443641,-32.8794245167,1,"Parque Central",1655357.93265,0,0.384680107780889,0
1270,"Palo borracho","05/12/2011 11:24","Bajo (2 - 4 mts)",90,"Grande",-68.8788154966,-32.8685753738,8,"Aeroparque",2203364.73622,0,0.184846233329078,0
15929,"Fresno americano","24/11/2011 12:04","Muy bajo (1 - 2 mts)",20,"Chico",-68.8735903214,-32.8770565963,7,"Residencial Parque",1786336.08966,0,0.292338716393393,0
33609,"Fresno americano","17/05/2011 09:07","Medio (4 - 8 mts)",97,"Grande",-68.8536483243,-32.8871317651,5,"Residencial Sur",2423808.92355,0,0.061891240218148,0
34708,"Morera","01/04/2011 11:44","Alto (> 8 mts)",220,"Grande",-68.8502858159,-32.8772121428,6,"Residencial Norte",2694682.37982,0,0.657021849449958,0
22946,"Pltano","19/05/2011 17:03","Alto (> 8 mts)",152,"Grande",-68.8558326986,-32.9003803099,5,"Residencial Sur",2423808.92355,0,0.919502213054044,0
16518,"Fresno europeo","20/07/2011 09:26","Alto (> 8 mts)",205,"Grande",-68.8407980544,-32.864339559,4,"Cuarta Oeste",1173332.70145,0,0.375656392195348,0
19536,"Morera","26/07/2011 10:27","Alto (> 8 mts)",210,"Grande",-68.836908255,-32.8707027671,4,"Cuarta Oeste",1173332.70145,0,0.246705142641779,0
17133,"Morera","15/08/2011 13:40","Alto (> 8 mts)",150,"Grande",-68.8366329269,-32.8624891407,4,"Cuarta Oeste",1173332.70145,0,0.467909460443294,0
19476,"Morera","11/07/2011 12:57","Alto (> 8 mts)",149,"Grande",-68.839548266,-32.871252359,4,"Cuarta Oeste",1173332.70145,0,0.547723661819025,0
36547,"Fresno europeo","04/04/2011 11:44","Alto (> 8 mts)",89,"Grande",-68.8555641567,-32.8794141025,6,"Residencial Norte",2694682.37982,0,0.306196082450922,0
3940,"Fresno europeo","05/09/2011 13:54","Alto (> 8 mts)",154,"Grande",-68.8209597856,-32.8712333841,4,"Cuarta Este Área Fundacional",1822015.85685,0,0.516591509891943,0
38544,"Fresno europeo","20/12/2010 10:48","Muy bajo (1 - 2 mts)",5,"Chico",-68.8532948058,-32.871628633,6,"Residencial Norte",2694682.37982,0,0.447521820142013,0
29261,"Fresno americano","23/02/2011 16:50","Medio (4 - 8 mts)",220,"Grande",-68.8449064991,-32.8884208742,2,"Barrio Civico",2366816.36021,0,0.599503375358188,0
11726,"Morera","02/06/2010 10:21","Medio (4 - 8 mts)",135,"Grande",-68.851012612,-32.8665693096,6,"Residencial Norte",2694682.37982,0,0.641415940696108,0
35498,"Fresno europeo","06/04/2011 11:47","Muy bajo (1 - 2 mts)",12,"Chico",-68.8559492148,-32.880860609,7,"Residencial Parque",1786336.08966,0,0.627344631335961,0
40041,"Fresno europeo","18/04/2011 13:18","Muy bajo (1 - 2 mts)",12,"Chico",-68.8430513566,-32.8787717671,1,"Parque Central",1655357.93265,0,0.198150150221888,0
48333,"Fresno americano","19/08/2011 09:31","Medio (4 - 8 mts)",65,"Grande",-68.8273294565,-32.8672543668,4,"Cuarta Este Área Fundacional",1822015.85685,0,0.670964310153101,0
39200,"Perenne","25/11/2010 13:19","Bajo (2 - 4 mts)",30,"Mediano",-68.8543113479,-32.8724963457,6,"Residencial Norte",2694682.37982,0,0.440740173316675,0
13558,"Fresno europeo","28/01/2011 10:06","Muy bajo (1 - 2 mts)",6,"Chico",-68.8505510339,-32.8641080112,6,"Residencial Norte",2694682.37982,0,0.837769796728687,0
2625,"Morera","27/10/2011 12:47","Muy bajo (1 - 2 mts)",20,"Chico",-68.8310391538,-32.8804666738,3,"Parque O'Higgins",1531146.02653,0,0.286706339690205,0
14971,"Conifera","21/12/2011 16:40","Alto (> 8 mts)",30,"Mediano",-68.8807216602,-32.8717618851,8,"Aeroparque",2203364.73622,0,0.812032918345444,0
36976,"Fresno europeo","07/04/2011 16:50","Alto (> 8 mts)",85,"Grande",-68.8569172987,-32.8785196929,7,"Residencial Parque",1786336.08966,0,0.44142532091904,0
20033,"Morera","10/08/2011 12:25","Alto (> 8 mts)",135,"Grande",-68.8344285461,-32.8680648661,4,"Cuarta Oeste",1173332.70145,1,0.973404241117715,0
38890,"Morera","26/10/2010 10:43","Medio (4 - 8 mts)",65,"Grande",-68.8489623208,-32.8697374894,6,"Residencial Norte",2694682.37982,0,0.519448901395947,0
2115,"Fresno europeo","18/10/2011 11:23","Medio (4 - 8 mts)",110,"Grande",-68.8305148243,-32.8878103388,3,"Parque O'Higgins",1531146.02653,0,0.561419346580213,0
12684,"Caducifolio","19/01/2011 13:02","Muy bajo (1 - 2 mts)",30,"Mediano",-68.8486565633,-32.863070243,6,"Residencial Norte",2694682.37982,0,0.465116353424356,0
11028,"Morera","07/04/2011 16:35","Alto (> 8 mts)",102,"Grande",-68.8586153651,-32.8799764041,7,"Residencial Parque",1786336.08966,1,0.554267179166341,0
38567,"Morera","22/12/2010 13:29","Alto (> 8 mts)",110,"Grande",-68.852550099,-32.8703739432,6,"Residencial Norte",2694682.37982,0,0.45699139745112,0
3595,"Fresno europeo","01/09/2011 11:34","Bajo (2 - 4 mts)",32,"Mediano",-68.8303334059,-32.8692244349,4,"Cuarta Este Área Fundacional",1822015.85685,0,0.329951642004377,0
12421,"Acer","24/01/2011 09:38","Medio (4 - 8 mts)",70,"Grande",-68.8484738278,-32.8666243385,6,"Residencial Norte",2694682.37982,0,0.856996246352343,0
8332,"Morera","16/03/2011 18:12","Alto (> 8 mts)",98,"Grande",-68.8457197435,-32.893747174,2,"Barrio Civico",2366816.36021,1,0.473985075882043,0
1722,"Fresno americano","22/11/2011 10:22","Medio (4 - 8 mts)",28,"Mediano",-68.8724624713,-32.8794986192,7,"Residencial Parque",1786336.08966,0,0.710392449016435,0
13139,"Fresno europeo","21/02/2011 09:20","Alto (> 8 mts)",64,"Grande",-68.8470297912,-32.8649710022,4,"Cuarta Oeste",1173332.70145,0,0.526786294739863,0
44307,"Fresno europeo","12/10/2011 18:09","Bajo (2 - 4 mts)",30,"Mediano",-68.8363575849,-32.8810128862,1,"Parque Central",1655357.93265,0,0.945824374579247,0
32803,"Morera","14/07/2011 09:32","Alto (> 8 mts)",170,"Grande",-68.8526674585,-32.8851408491,5,"Residencial Sur",2423808.92355,0,0.71749862659596,0
3950,"Fresno europeo","27/09/2011 11:10","Bajo (2 - 4 mts)",60,"Mediano",-68.8236322777,-32.8747773162,4,"Cuarta Este Área Fundacional",1822015.85685,0,0.43241773318109,0
9401,"Ailanthus","08/02/2011 09:39","Alto (> 8 mts)",80,"Grande",-68.8571799481,-32.8667377155,6,"Residencial Norte",2694682.37982,0,0.572359112308636,0
47840,"Pltano","21/09/2011 09:49","Alto (> 8 mts)",220,"Grande",-68.8277581583,-32.8736202172,4,"Cuarta Este Área Fundacional",1822015.85685,0,0.929028523933458,0
20095,"Fresno europeo","10/08/2011 11:08","Muy bajo (1 - 2 mts)",10,"Chico",-68.8338105779,-32.8658062564,4,"Cuarta Oeste",1173332.70145,0,0.997554835944598,0
28255,"Morera","28/02/2011 16:27","Alto (> 8 mts)",172,"Grande",-68.8482363401,-32.8933442815,2,"Barrio Civico",2366816.36021,0,0.704573177993463,0
19533,"Morera","26/07/2011 10:41","Medio (4 - 8 mts)",100,"Grande",-68.8369655579,-32.8709190681,4,"Cuarta Oeste",1173332.70145,0,0.474468814231075,0
3470,"Fresno europeo","23/08/2011 09:16","Medio (4 - 8 mts)",63,"Grande",-68.8246764683,-32.8671248941,4,"Cuarta Este Área Fundacional",1822015.85685,0,0.92540747389058,0
19583,"Morera","11/07/2011 10:34","Alto (> 8 mts)",158,"Grande",-68.8360748152,-32.8724515052,4,"Cuarta Oeste",1173332.70145,1,0.448284106118711,0
41085,"Pltano","28/04/2011 12:07","Alto (> 8 mts)",205,"Grande",-68.8378507053,-32.8840015998,3,"Parque O'Higgins",1531146.02653,0,0.939622704098491,0
13877,"Paraiso","16/12/2011 12:31","Bajo (2 - 4 mts)",90,"Grande",-68.8760697154,-32.8682472242,8,"Aeroparque",2203364.73622,0,0.0812495788286616,0
12031,"Morera","03/05/2010 12:50","Alto (> 8 mts)",190,"Grande",-68.8533958548,-32.8666430146,6,"Residencial Norte",2694682.37982,0,0.0312360792838856,0
14032,"Morera","29/11/2011 16:17","Muy bajo (1 - 2 mts)",7,"Chico",-68.8787582531,-32.8649117262,8,"Aeroparque",2203364.73622,0,0.453068368696385,0
30986,"Fresno europeo","11/02/2011 09:38","Medio (4 - 8 mts)",136,"Grande",-68.8558764567,-32.8638201317,6,"Residencial Norte",2694682.37982,0,0.596617980756534,0
33575,"Pltano","31/05/2011 14:15","Alto (> 8 mts)",160,"Grande",-68.8549760159,-32.8888706017,5,"Residencial Sur",2423808.92355,0,0.774568259662299,0
30119,"Fresno americano","26/04/2011 09:37","Alto (> 8 mts)",117,"Grande",-68.8414773758,-32.8869632818,3,"Parque O'Higgins",1531146.02653,0,0.227220796295638,0
10225,"Morera","14/12/2010 13:24","Medio (4 - 8 mts)",33,"Mediano",-68.8503858944,-32.8706099484,6,"Residencial Norte",2694682.37982,0,0.468729050799531,0
30038,"Acacia SP","05/05/2011 09:33","Medio (4 - 8 mts)",74,"Grande",-68.8398732674,-32.8869394434,3,"Parque O'Higgins",1531146.02653,0,0.592119347586096,0
42043,"Morera","30/09/2011 10:54","Medio (4 - 8 mts)",98,"Grande",-68.84180637,-32.8799570973,1,"Parque Central",1655357.93265,0,0.34272455794764,0
531,"Morera","08/03/2012 17:59","Bajo (2 - 4 mts)",20,"Chico",-68.8214477588,-32.8684996196,4,"Cuarta Este Área Fundacional",1822015.85685,0,0.235595527791274,0
42999,"Ailanthus","05/10/2011 12:04","Medio (4 - 8 mts)",104,"Grande",-68.8336179661,-32.8784043074,4,"Cuarta Este Área Fundacional",1822015.85685,0,0.940973003814032,0
44940,"Morera","23/08/2011 10:06","Medio (4 - 8 mts)",122,"Grande",-68.8244226224,-32.868661743,4,"Cuarta Este Área Fundacional",1822015.85685,1,0.275458493553677,0
15332,"Paraiso","16/11/2011 13:15","Alto (> 8 mts)",130,"Grande",-68.860316933,-32.8701703581,6,"Residencial Norte",2694682.37982,0,0.551226281978752,0
3793,"Paraiso","07/09/2011 10:49","Alto (> 8 mts)",144,"Grande",-68.8330665578,-32.8699335922,4,"Cuarta Oeste",1173332.70145,0,0.405429113722483,0
3496,"Fresno americano","29/08/2011 08:59","Alto (> 8 mts)",60,"Mediano",-68.8229348302,-32.868041183,4,"Cuarta Este Área Fundacional",1822015.85685,0,0.325411288265829,0
23599,"Tipa","14/01/2011 20:30","Bajo (2 - 4 mts)",62,"Grande",-68.8476407021,-32.9006565384,2,"Barrio Civico",2366816.36021,0,0.231679670975602,0
47958,"Morera","02/09/2011 10:22","Medio (4 - 8 mts)",208,"Grande",-68.826185231,-32.8688513962,4,"Cuarta Este Área Fundacional",1822015.85685,0,0.354651936569913,0
43393,"Fresno europeo","25/10/2011 12:28","Medio (4 - 8 mts)",120,"Grande",-68.8324758378,-32.8811419453,3,"Parque O'Higgins",1531146.02653,0,0.0984706759766185,0
47930,"Caducifolio","31/08/2011 11:42","Bajo (2 - 4 mts)",80,"Grande",-68.8275326203,-32.8705399701,4,"Cuarta Este Área Fundacional",1822015.85685,0,0.0470707368207516,0
44126,"Pltano","04/10/2011 09:55","Alto (> 8 mts)",180,"Grande",-68.8351428163,-32.8796884437,1,"Parque Central",1655357.93265,0,0.965121869517986,0
9207,"Paraiso","02/03/2011 09:57","Alto (> 8 mts)",190,"Grande",-68.8502782884,-32.8655577283,6,"Residencial Norte",2694682.37982,0,0.119829524701537,0
33658,"Paraiso","16/05/2011 09:36","Alto (> 8 mts)",140,"Grande",-68.8569868574,-32.8872195505,5,"Residencial Sur",2423808.92355,0,0.60310926868204,0
10797,"Morera","31/03/2011 12:57","Medio (4 - 8 mts)",126,"Grande",-68.8510437424,-32.8777826411,6,"Residencial Norte",2694682.37982,0,0.552585480160232,0
42220,"Acer","02/05/2011 09:56","Medio (4 - 8 mts)",56,"Mediano",-68.8397899137,-32.8739114486,4,"Cuarta Oeste",1173332.70145,0,0.641878874625739,0
253,"Paraiso sombrilla","07/03/2012 11:49","Medio (4 - 8 mts)",150,"Grande",-68.8221276323,-32.8669915711,4,"Cuarta Este Área Fundacional",1822015.85685,0,0.448873584500137,0
24102,"Fresno europeo","11/01/2011 10:40","Alto (> 8 mts)",105,"Grande",-68.8465408563,-32.9016686974,2,"Barrio Civico",2366816.36021,0,0.408024564660918,0
19362,"Morera","19/07/2011 09:46","Alto (> 8 mts)",146,"Grande",-68.8368751847,-32.871402573,4,"Cuarta Oeste",1173332.70145,0,0.60943883888791,0
31827,"Fresno europeo","03/01/2012 09:11","Medio (4 - 8 mts)",60,"Mediano",-68.859025672,-32.8899666401,5,"Residencial Sur",2423808.92355,0,0.135388837886626,0
30936,"Fresno europeo","11/02/2011 13:20","Medio (4 - 8 mts)",90,"Grande",-68.8562697163,-32.8635626343,6,"Residencial Norte",2694682.37982,0,0.131053479848143,0
21256,"Fresno europeo","14/06/2011 12:34","Bajo (2 - 4 mts)",55,"Mediano",-68.8536073277,-32.8967894633,5,"Residencial Sur",2423808.92355,0,0.160237853285328,0
2489,"Fresno europeo","27/10/2011 10:43","Bajo (2 - 4 mts)",18,"Chico",-68.8369370069,-32.8877124371,3,"Parque O'Higgins",1531146.02653,0,0.33395879394905,0
48100,"Morera","29/09/2011 09:41","Alto (> 8 mts)",150,"Grande",-68.8259907317,-32.867776216,4,"Cuarta Este Área Fundacional",1822015.85685,0,0.5204958479755,0
3662,"Paraiso","26/08/2011 11:02","Medio (4 - 8 mts)",105,"Grande",-68.8204141241,-32.8692556353,4,"Cuarta Este Área Fundacional",1822015.85685,0,0.169946179524837,0
32929,"Morera","19/05/2011 09:48","Alto (> 8 mts)",140,"Grande",-68.8508039039,-32.8873175277,5,"Residencial Sur",2423808.92355,0,0.850641218527862,0
21811,"Pltano","13/05/2011 10:04","Alto (> 8 mts)",210,"Grande",-68.8564481346,-32.8941948049,5,"Residencial Sur",2423808.92355,0,0.149804718573113,0
48057,"Morera","27/09/2011 11:23","Alto (> 8 mts)",184,"Grande",-68.8263374362,-32.8665249772,4,"Cuarta Este Área Fundacional",1822015.85685,0,0.440802195529624,0
45684,"Fresno europeo","26/08/2011 11:13","Alto (> 8 mts)",150,"Grande",-68.8229085523,-32.8697597659,4,"Cuarta Este Área Fundacional",1822015.85685,0,0.0686061733114466,0
5548,"Morera","11/04/2011 09:59","Bajo (2 - 4 mts)",18,"Chico",-68.8407314537,-32.8818646312,1,"Parque Central",1655357.93265,0,0.156237769667094,0
16163,"Morera","18/07/2011 10:10","Alto (> 8 mts)",205,"Grande",-68.8437477249,-32.8676436618,4,"Cuarta Oeste",1173332.70145,0,0.0972104948617062,0
19244,"Pltano","03/08/2011 12:42","Alto (> 8 mts)",317,"Grande",-68.8376544024,-32.8699316169,4,"Cuarta Oeste",1173332.70145,0,0.152526366764762,0
11702,"Morera","31/01/2011 09:51","Alto (> 8 mts)",160,"Grande",-68.8508646208,-32.8685120459,6,"Residencial Norte",2694682.37982,0,0.681318689852596,0
39281,"Conifera","29/12/2010 11:00","Alto (> 8 mts)",95,"Grande",-68.855808384,-32.8719550385,6,"Residencial Norte",2694682.37982,0,0.882973579955708,0
36686,"Fresno europeo","07/06/2011 09:42","Bajo (2 - 4 mts)",50,"Mediano",-68.8590651003,-32.8834904603,7,"Residencial Parque",1786336.08966,0,0.0529137734968681,0
4228,"Morera","11/07/2011 11:33","Alto (> 8 mts)",155,"Grande",-68.839313319,-32.873961379,4,"Cuarta Oeste",1173332.70145,0,0.987832989356343,0
40787,"Pltano","19/04/2011 10:36","Alto (> 8 mts)",138,"Grande",-68.84038966,-32.8838819344,1,"Parque Central",1655357.93265,0,0.642385919709371,0
11775,"Morera","25/01/2011 12:59","Alto (> 8 mts)",144,"Grande",-68.8486990533,-32.8644913293,6,"Residencial Norte",2694682.37982,0,0.982346363245332,0
47644,"Morera","08/09/2011 17:18","Muy bajo (1 - 2 mts)",8,"Chico",-68.8278951205,-32.8719986888,4,"Cuarta Este Área Fundacional",1822015.85685,0,0.0742632288088019,0
16961,"Olmo comun","16/08/2011 09:02","Medio (4 - 8 mts)",110,"Grande",-68.837706077,-32.8661386822,4,"Cuarta Oeste",1173332.70145,0,0.707394515098391,0
5385,"Acer","20/04/2011 13:08","Medio (4 - 8 mts)",100,"Grande",-68.8441844374,-32.8773768586,1,"Parque Central",1655357.93265,0,0.211878136366966,0
396,"Morera","05/03/2012 11:24","Alto (> 8 mts)",185,"Grande",-68.8200295583,-32.8675016291,4,"Cuarta Este Área Fundacional",1822015.85685,0,0.958987823041389,0
28767,"Morera","20/04/2011 10:29","Medio (4 - 8 mts)",70,"Grande",-68.8488241204,-32.8860375625,1,"Parque Central",1655357.93265,0,0.0174894435208661,0
18985,"Morera","03/08/2011 13:05","Alto (> 8 mts)",200,"Grande",-68.8370697598,-32.869796324,4,"Cuarta Oeste",1173332.70145,0,0.0606914879277846,0
34793,"Morera","30/03/2011 10:12","Alto (> 8 mts)",120,"Grande",-68.8508622443,-32.8765366487,6,"Residencial Norte",2694682.37982,0,0.968336647829855,0
44268,"Pltano","13/10/2011 10:50","Alto (> 8 mts)",190,"Grande",-68.8352674701,-32.8846846156,3,"Parque O'Higgins",1531146.02653,1,0.86954526294964,0
47687,"Morera","09/09/2011 14:37","Alto (> 8 mts)",140,"Grande",-68.8294593901,-32.8720153484,4,"Cuarta Este Área Fundacional",1822015.85685,0,0.360646995430381,0
691,"Fresno europeo","19/07/2011 12:08","Alto (> 8 mts)",75,"Grande",-68.8410491626,-32.8633084083,4,"Cuarta Oeste",1173332.70145,0,0.327569802991172,0
760,"Perenne","15/12/2011 08:07","Bajo (2 - 4 mts)",80,"Grande",-68.8804605529,-32.8670100599,8,"Aeroparque",2203364.73622,0,0.01114006022269,0
9354,"Fresno europeo","16/02/2011 10:51","Medio (4 - 8 mts)",80,"Grande",-68.8454812322,-32.8645432465,4,"Cuarta Oeste",1173332.70145,0,0.360431157223872,0
21928,"Morera","06/06/2011 10:31","Alto (> 8 mts)",137,"Grande",-68.8578256266,-32.8957039159,5,"Residencial Sur",2423808.92355,0,0.00660316052592913,0
34044,"Fresno americano","30/05/2011 13:00","Bajo (2 - 4 mts)",60,"Mediano",-68.8555790391,-32.8851478519,5,"Residencial Sur",2423808.92355,0,0.133245802440943,0
38234,"Fresno europeo","18/01/2012 12:22","Alto (> 8 mts)",165,"Grande",-68.8464783307,-32.8730211863,6,"Residencial Norte",2694682.37982,0,0.913130297977918,0
37539,"Paraiso","16/11/2010 13:53","Alto (> 8 mts)",170,"Grande",-68.8576475468,-32.8699781473,6,"Residencial Norte",2694682.37982,0,0.508954159359082,0
16893,"Paraiso","27/07/2011 14:02","Alto (> 8 mts)",155,"Grande",-68.8392156289,-32.8653395891,4,"Cuarta Oeste",1173332.70145,0,0.0143055354282803,0
36981,"Morera","07/04/2011 16:39","Medio (4 - 8 mts)",33,"Mediano",-68.8571254909,-32.8790054188,7,"Residencial Parque",1786336.08966,0,0.845969291643176,0
26842,"Morera","09/11/2011 11:30","Alto (> 8 mts)",168,"Grande",-68.8330211805,-32.892971516,3,"Parque O'Higgins",1531146.02653,0,0.302607296131511,0
25214,"Morera","09/02/2011 19:30","Alto (> 8 mts)",62,"Grande",-68.8368674108,-32.8977947215,2,"Barrio Civico",2366816.36021,0,0.20176067973219,0
15214,"Paraiso","16/11/2011 12:54","Bajo (2 - 4 mts)",38,"Mediano",-68.8606038821,-32.8695076215,6,"Residencial Norte",2694682.37982,0,0.177966179871238,0
41362,"Fresno americano","19/04/2011 09:06","Medio (4 - 8 mts)",71,"Grande",-68.8408942452,-32.8819689695,1,"Parque Central",1655357.93265,1,0.170991978892342,0
22687,"Morera","10/05/2011 12:13","Alto (> 8 mts)",150,"Grande",-68.8529493742,-32.899864794,2,"Barrio Civico",2366816.36021,0,0.204087473770006,0
31959,"Morera","02/06/2011 13:21","Alto (> 8 mts)",150,"Grande",-68.8605582279,-32.8836893341,7,"Residencial Parque",1786336.08966,0,0.195988057780081,0
46284,"Morera","21/09/2011 09:46","Alto (> 8 mts)",155,"Grande",-68.8230388342,-32.8740997121,4,"Cuarta Este Área Fundacional",1822015.85685,0,0.997714863743092,0
30847,"Prunas","15/02/2011 10:14","Medio (4 - 8 mts)",45,"Mediano",-68.8557070219,-32.865828727,6,"Residencial Norte",2694682.37982,0,0.581588652534919,0
26388,"Pltano","25/10/2011 10:05","Alto (> 8 mts)",270,"Grande",-68.8329204973,-32.8899863205,3,"Parque O'Higgins",1531146.02653,0,0.209964823503208,0
9566,"Fresno europeo","09/02/2011 13:28","Muy bajo (1 - 2 mts)",10,"Chico",-68.8555383983,-32.8647719502,6,"Residencial Norte",2694682.37982,0,0.120536790506873,0
32448,"Acacia visco","26/05/2011 14:19","Alto (> 8 mts)",143,"Grande",-68.8513172835,-32.889246639,5,"Residencial Sur",2423808.92355,0,0.281116387834534,0
1616,"Acer","24/11/2011 10:04","Muy bajo (1 - 2 mts)",20,"Chico",-68.8714738124,-32.8787806869,7,"Residencial Parque",1786336.08966,0,0.524486964636326,0
20360,"Morera","26/05/2011 09:36","Medio (4 - 8 mts)",113,"Grande",-68.8606348292,-32.8940795259,5,"Residencial Sur",2423808.92355,0,0.108560842175757,0
45774,"Morera","24/08/2011 09:44","Medio (4 - 8 mts)",135,"Grande",-68.8213468763,-32.869573148,4,"Cuarta Este Área Fundacional",1822015.85685,1,0.883518775690563,0
22444,"Paraiso","28/06/2011 09:27","Alto (> 8 mts)",145,"Grande",-68.8616545336,-32.8981446712,5,"Residencial Sur",2423808.92355,0,0.881460612809374,0
10328,"Morera","01/12/2010 08:59","Alto (> 8 mts)",90,"Grande",-68.8566381293,-32.8720434385,6,"Residencial Norte",2694682.37982,0,0.408753403705504,0
36340,"Morera","18/03/2011 10:00","Alto (> 8 mts)",125,"Grande",-68.8520715792,-32.8789586808,6,"Residencial Norte",2694682.37982,0,0.798816143873051,0
1699,"Acacia SP","24/11/2011 12:26","Medio (4 - 8 mts)",48,"Mediano",-68.8720652276,-32.8783361082,7,"Residencial Parque",1786336.08966,0,0.897126015740662,0
22265,"Olmo comun","15/06/2011 08:03","Alto (> 8 mts)",133,"Grande",-68.8567815971,-32.8977022337,5,"Residencial Sur",2423808.92355,0,0.717083223978797,0
21508,"Fresno europeo","11/05/2011 10:40","Alto (> 8 mts)",125,"Grande",-68.853337253,-32.893992282,5,"Residencial Sur",2423808.92355,0,0.373754697373605,0
25444,"Morera","11/02/2011 08:59","Alto (> 8 mts)",126,"Grande",-68.8375668125,-32.9001323088,2,"Barrio Civico",2366816.36021,1,0.717993325969423,0
15947,"Morera","25/11/2011 09:25","Medio (4 - 8 mts)",100,"Grande",-68.8733144611,-32.8764619846,7,"Residencial Parque",1786336.08966,0,0.513705545847948,0
41406,"Morera","15/04/2011 12:46","Alto (> 8 mts)",92,"Grande",-68.8424232611,-32.8822610699,1,"Parque Central",1655357.93265,0,0.631569715364735,0
28184,"Tipa","23/02/2011 15:49","Alto (> 8 mts)",132,"Grande",-68.8489477283,-32.8916344542,2,"Barrio Civico",2366816.36021,0,0.747372891612229,0
42163,"Morera","04/05/2011 12:36","Medio (4 - 8 mts)",180,"Grande",-68.8415706981,-32.8736333026,1,"Parque Central",1655357.93265,0,0.445298334548999,0
4601,"Morera","29/07/2011 09:30","Medio (4 - 8 mts)",130,"Grande",-68.8351232276,-32.8669673608,4,"Cuarta Oeste",1173332.70145,0,0.580615792020356,0
22852,"Fresno europeo","10/05/2011 10:44","Medio (4 - 8 mts)",42,"Mediano",-68.8570459399,-32.9009585304,5,"Residencial Sur",2423808.92355,0,0.802392061587441,0
16460,"Morera","16/08/2011 09:37","Medio (4 - 8 mts)",70,"Grande",-68.8415535916,-32.8634060914,4,"Cuarta Oeste",1173332.70145,0,0.872343119303333,0
21877,"Fresno europeo","06/06/2011 11:15","Alto (> 8 mts)",83,"Grande",-68.8592077648,-32.8962486664,5,"Residencial Sur",2423808.92355,0,0.881303677877804,0
8932,"Morera","24/01/2011 09:43","Muy bajo (1 - 2 mts)",10,"Chico",-68.8484789541,-32.8665251312,6,"Residencial Norte",2694682.37982,0,0.167044685967326,0
6968,"Acer","31/05/2011 11:04","Alto (> 8 mts)",76,"Grande",-68.8608395196,-32.8958703419,5,"Residencial Sur",2423808.92355,0,0.472852234156943,0
36127,"Morera","04/04/2011 10:00","Bajo (2 - 4 mts)",15,"Chico",-68.8527225615,-32.8777347691,6,"Residencial Norte",2694682.37982,0,0.117561194448314,0
45696,"Fresno europeo","26/08/2011 10:44","Alto (> 8 mts)",148,"Grande",-68.822137863,-32.870144364,4,"Cuarta Este Área Fundacional",1822015.85685,0,0.943258706087485,0
29809,"Pltano","04/03/2011 13:05","Alto (> 8 mts)",180,"Grande",-68.8429513725,-32.8922014448,2,"Barrio Civico",2366816.36021,0,0.5290742747115,0
2517,"Pltano","21/10/2011 13:49","Alto (> 8 mts)",160,"Grande",-68.8354738896,-32.8880558733,3,"Parque O'Higgins",1531146.02653,0,0.969264252046093,0
22586,"Morera","24/06/2011 09:32","Alto (> 8 mts)",135,"Grande",-68.8613923922,-32.9013224366,5,"Residencial Sur",2423808.92355,0,0.298652401653785,0
1220,"Jacarand","29/11/2011 12:08","Muy bajo (1 - 2 mts)",3,"Chico",-68.8770196599,-32.8647028917,8,"Aeroparque",2203364.73622,0,0.855160040606476,0
9973,"Morera","10/11/2010 12:24","Alto (> 8 mts)",170,"Grande",-68.8538802989,-32.8697962014,6,"Residencial Norte",2694682.37982,1,0.650803404036245,0
46357,"Morera","19/09/2011 13:52","Alto (> 8 mts)",140,"Grande",-68.8255413364,-32.8742862431,4,"Cuarta Este Área Fundacional",1822015.85685,0,0.279548311514932,0
42540,"Morera","28/09/2011 10:35","Alto (> 8 mts)",235,"Grande",-68.8306804545,-32.8758548487,4,"Cuarta Este Área Fundacional",1822015.85685,0,0.210256825801231,0
43027,"Pltano","05/10/2011 08:25","Alto (> 8 mts)",220,"Grande",-68.8323158223,-32.877759481,4,"Cuarta Este Área Fundacional",1822015.85685,0,0.444434705706101,0
36503,"Morera","06/04/2011 11:30","Alto (> 8 mts)",134,"Grande",-68.8550545026,-32.8785372952,6,"Residencial Norte",2694682.37982,0,0.968612528168027,0
41201,"Fresno europeo","18/04/2011 09:20","Alto (> 8 mts)",80,"Grande",-68.8373455316,-32.8812359084,1,"Parque Central",1655357.93265,0,0.722993516352061,0
36724,"Pltano","13/06/2011 12:57","Medio (4 - 8 mts)",130,"Grande",-68.8594961203,-32.8813020857,7,"Residencial Parque",1786336.08966,0,0.70526174575006,0
46306,"Morera","28/09/2011 08:24","Alto (> 8 mts)",220,"Grande",-68.8240269503,-32.8734629505,4,"Cuarta Este Área Fundacional",1822015.85685,1,0.253959304467383,0
14366,"Morera","01/12/2011 13:24","Bajo (2 - 4 mts)",30,"Mediano",-68.8781189844,-32.8657634626,8,"Aeroparque",2203364.73622,0,0.106796751869554,0
35826,"Jacarand","03/03/2011 13:17","Muy bajo (1 - 2 mts)",10,"Chico",-68.8541789613,-32.8731819623,6,"Residencial Norte",2694682.37982,0,0.671579031072461,0
48366,"Morera","17/08/2011 10:36","Alto (> 8 mts)",208,"Grande",-68.8288276065,-32.8666622089,4,"Cuarta Este Área Fundacional",1822015.85685,0,0.616741995067492,0
8875,"Morera","19/02/2010 12:06","Muy bajo (1 - 2 mts)",52,"Mediano",-68.852725493,-32.8682895824,6,"Residencial Norte",2694682.37982,0,0.0487407444644831,0
18679,"Morera","05/07/2011 09:35","Alto (> 8 mts)",107,"Grande",-68.8363264525,-32.8740191751,4,"Cuarta Oeste",1173332.70145,0,0.0476121682844663,0
29680,"Pltano","02/03/2011 19:14","Alto (> 8 mts)",158,"Grande",-68.8405333507,-32.8945677148,2,"Barrio Civico",2366816.36021,0,0.441275107897609,0
21500,"Paraiso","11/05/2011 11:02","Alto (> 8 mts)",200,"Grande",-68.8534287239,-32.8945863331,5,"Residencial Sur",2423808.92355,0,0.356814011398348,0
34931,"Fresno europeo","06/04/2011 10:13","Medio (4 - 8 mts)",74,"Grande",-68.8563436356,-32.8797391165,7,"Residencial Parque",1786336.08966,0,0.0751306931250663,0
19393,"Fresno europeo","05/07/2011 10:08","Alto (> 8 mts)",125,"Grande",-68.8351484092,-32.8736069806,4,"Cuarta Este Área Fundacional",1822015.85685,0,0.297932614298698,0
32796,"Fresno europeo","14/07/2011 09:48","Medio (4 - 8 mts)",73,"Grande",-68.8520352787,-32.8851135029,5,"Residencial Sur",2423808.92355,0,0.891430400650651,0
15740,"Morera","22/11/2011 10:11","Alto (> 8 mts)",42,"Mediano",-68.8728630045,-32.8795139735,7,"Residencial Parque",1786336.08966,0,0.684670741811182,0
17571,"Morera","28/07/2011 09:42","Alto (> 8 mts)",180,"Grande",-68.8409960625,-32.8664184884,4,"Cuarta Oeste",1173332.70145,0,0.921032633520326,0
48305,"Paraiso","19/08/2011 11:15","Medio (4 - 8 mts)",160,"Grande",-68.8284314899,-32.8686820029,4,"Cuarta Este Área Fundacional",1822015.85685,0,0.205231874833289,0
38056,"Fresno europeo","07/12/2010 11:34","Alto (> 8 mts)",90,"Grande",-68.8476528154,-32.8709719703,6,"Residencial Norte",2694682.37982,0,0.599277441361334,0
4897,"Morera","21/07/2011 10:36","Alto (> 8 mts)",220,"Grande",-68.8430379551,-32.8637711924,4,"Cuarta Oeste",1173332.70145,0,0.852439732385103,0
6866,"Morera","07/06/2011 10:39","Alto (> 8 mts)",105,"Grande",-68.8579467808,-32.8951269064,5,"Residencial Sur",2423808.92355,0,0.167448277408618,0
31956,"Morera","02/06/2011 13:29","Medio (4 - 8 mts)",130,"Grande",-68.8605961055,-32.8838638538,7,"Residencial Parque",1786336.08966,0,0.394484998508402,0
30089,"Morera","26/04/2011 10:52","Alto (> 8 mts)",175,"Grande",-68.8424882066,-32.8874609458,3,"Parque O'Higgins",1531146.02653,1,0.512639942455441,0
29077,"Fresno americano","28/04/2011 09:33","Alto (> 8 mts)",150,"Grande",-68.8446726462,-32.8862322453,1,"Parque Central",1655357.93265,0,0.838994343251735,0
18203,"Morera","22/07/2011 09:07","Alto (> 8 mts)",96,"Grande",-68.8403632787,-32.8689512642,4,"Cuarta Oeste",1173332.70145,1,0.113638376670301,0
42494,"Fresno europeo","30/09/2011 09:11","Alto (> 8 mts)",170,"Grande",-68.8309158072,-32.8753985946,4,"Cuarta Este Área Fundacional",1822015.85685,0,0.874535028246742,0
11961,"Acacia visco","14/05/2010 09:58","Bajo (2 - 4 mts)",35,"Mediano",-68.8516191296,-32.8683140076,6,"Residencial Norte",2694682.37982,0,0.756599400263917,0
13465,"Morera","02/02/2011 13:27","Medio (4 - 8 mts)",84,"Grande",-68.8526726577,-32.8633918132,6,"Residencial Norte",2694682.37982,0,0.221967850808012,0
11844,"Morera","02/03/2011 12:21","Alto (> 8 mts)",170,"Grande",-68.8499659919,-32.8647311083,6,"Residencial Norte",2694682.37982,0,0.246843008936784,0
29749,"Pltano","15/03/2011 09:59","Alto (> 8 mts)",210,"Grande",-68.8401494384,-32.8928449481,2,"Barrio Civico",2366816.36021,0,0.493089374876675,0
7054,"Paraiso","09/06/2011 11:14","Alto (> 8 mts)",124,"Grande",-68.8580506083,-32.8970609448,5,"Residencial Sur",2423808.92355,0,0.970491935375715,0
48251,"Morera","02/09/2011 10:25","Medio (4 - 8 mts)",125,"Grande",-68.8302681113,-32.8698889203,4,"Cuarta Este Área Fundacional",1822015.85685,1,0.186577958512406,0
41017,"Pltano","11/04/2011 13:57","Alto (> 8 mts)",7,"Chico",-68.8405548261,-32.8800711953,1,"Parque Central",1655357.93265,0,0.137082727270946,0
11011,"Pltano","07/04/2011 15:52","Alto (> 8 mts)",66,"Grande",-68.8598615669,-32.8811020791,7,"Residencial Parque",1786336.08966,0,0.0724856273638342,0
2088,"Acacia SP","22/11/2011 12:00","Medio (4 - 8 mts)",85,"Grande",-68.8280645019,-32.8823559119,3,"Parque O'Higgins",1531146.02653,0,0.568383984275055,0
15281,"Paraiso","18/11/2011 12:17","Bajo (2 - 4 mts)",28,"Mediano",-68.8600432567,-32.8708461239,6,"Residencial Norte",2694682.37982,0,0.152295076958463,0
27994,"Morera","04/11/2011 09:32","Alto (> 8 mts)",178,"Grande",-68.8357635368,-32.8930779135,3,"Parque O'Higgins",1531146.02653,0,0.799095764892339,0
9546,"Prunas","08/02/2011 12:05","Bajo (2 - 4 mts)",28,"Mediano",-68.8548557418,-32.8650118271,6,"Residencial Norte",2694682.37982,0,0.839788008851381,0
1687,"Paraiso","25/11/2011 11:03","Bajo (2 - 4 mts)",25,"Mediano",-68.8719846185,-32.8772619389,7,"Residencial Parque",1786336.08966,0,0.00586459148700103,0
33543,"Morera","30/05/2011 13:07","Alto (> 8 mts)",140,"Grande",-68.8552245902,-32.8878245664,5,"Residencial Sur",2423808.92355,0,0.593025162752675,0
37016,"Morera","07/04/2011 17:32","Alto (> 8 mts)",76,"Grande",-68.8565337656,-32.8772691457,6,"Residencial Norte",2694682.37982,0,0.510647249266275,0
6203,"Tilo","31/03/2011 16:06","Medio (4 - 8 mts)",58,"Mediano",-68.8412421078,-32.8877176877,3,"Parque O'Higgins",1531146.02653,0,0.3254284317974,0
16768,"Morera","11/08/2011 13:45","Medio (4 - 8 mts)",41,"Mediano",-68.8390123913,-32.8625129641,4,"Cuarta Oeste",1173332.70145,0,0.828391152986426,0
12090,"Morera","05/05/2010 11:50","Bajo (2 - 4 mts)",10,"Chico",-68.8525626091,-32.8685117998,6,"Residencial Norte",2694682.37982,0,0.712533456320115,0
24051,"Paraiso","21/01/2011 10:17","Alto (> 8 mts)",146,"Grande",-68.8458544415,-32.9010808754,2,"Barrio Civico",2366816.36021,0,0.490364256276563,0
42204,"Morera","04/05/2011 10:32","Medio (4 - 8 mts)",130,"Grande",-68.8412998181,-32.8730783381,4,"Cuarta Oeste",1173332.70145,0,0.225673532202725,0
1117,"Fresno americano","01/12/2011 12:33","Bajo (2 - 4 mts)",16,"Chico",-68.8762367349,-32.8661205219,8,"Aeroparque",2203364.73622,0,0.997882554728783,0
26814,"Morera","01/11/2011 08:39","Medio (4 - 8 mts)",120,"Grande",-68.8333273256,-32.8951221882,3,"Parque O'Higgins",1531146.02653,1,0.863758332796825,0
46433,"Morera","16/08/2011 13:03","Alto (> 8 mts)",115,"Grande",-68.8319223682,-32.8667772008,4,"Cuarta Oeste",1173332.70145,0,0.95708267398576,0
7240,"Paraiso","17/06/2011 11:20","Bajo (2 - 4 mts)",20,"Chico",-68.862274566,-32.8981406687,5,"Residencial Sur",2423808.92355,0,0.686863287284752,0
41795,"Fresno europeo","26/04/2011 13:29","Medio (4 - 8 mts)",130,"Grande",-68.842112951,-32.8782105445,1,"Parque Central",1655357.93265,0,0.960894889086879,0
45042,"Morera","01/09/2011 08:09","Alto (> 8 mts)",122,"Grande",-68.8221254191,-32.8702617099,4,"Cuarta Este Área Fundacional",1822015.85685,1,0.467268583442664,0
37986,"Fresno europeo","10/01/2012 17:26","Medio (4 - 8 mts)",130,"Grande",-68.8482360486,-32.8733258946,6,"Residencial Norte",2694682.37982,0,0.606538700227521,0
23644,"Morera","21/01/2011 14:21","Alto (> 8 mts)",104,"Grande",-68.8479867895,-32.8997960926,2,"Barrio Civico",2366816.36021,0,0.937052709076341,0
46855,"Morera","15/09/2011 13:12","Alto (> 8 mts)",118,"Grande",-68.8338929175,-32.8726709378,4,"Cuarta Este Área Fundacional",1822015.85685,1,0.0789429288565081,0
7057,"Fresno europeo","09/06/2011 10:46","Bajo (2 - 4 mts)",25,"Mediano",-68.8581224424,-32.8979826516,5,"Residencial Sur",2423808.92355,1,0.328044444254803,0
38851,"Pltano","09/12/2010 11:32","Alto (> 8 mts)",195,"Grande",-68.8492509764,-32.8709030973,6,"Residencial Norte",2694682.37982,0,0.965729868607414,0
11528,"Fresno europeo","23/02/2011 09:27","Medio (4 - 8 mts)",43,"Mediano",-68.8532368748,-32.8661541004,6,"Residencial Norte",2694682.37982,0,0.37744144283637,0
12990,"Morera","15/02/2011 12:15","Medio (4 - 8 mts)",110,"Grande",-68.8446028499,-32.8646031429,4,"Cuarta Oeste",1173332.70145,1,0.608171057529077,0
22472,"Morera","23/06/2011 12:33","Medio (4 - 8 mts)",55,"Mediano",-68.8620645039,-32.8992793355,5,"Residencial Sur",2423808.92355,1,0.311980275297764,0
1655,"Aguaribay","23/11/2011 08:41","Alto (> 8 mts)",110,"Grande",-68.8717857924,-32.8780327619,7,"Residencial Parque",1786336.08966,1,0.326696198211993,0
25796,"Olmo comun","02/02/2011 09:40","Alto (> 8 mts)",130,"Grande",-68.8402485409,-32.9041823687,2,"Barrio Civico",2366816.36021,0,0.083187609003455,0
34032,"Paraiso","27/05/2011 11:05","Medio (4 - 8 mts)",100,"Grande",-68.8547889433,-32.8845096208,5,"Residencial Sur",2423808.92355,0,0.771628664531831,0
10883,"Paraiso","08/04/2011 10:49","Alto (> 8 mts)",150,"Grande",-68.8581826221,-32.8783608029,7,"Residencial Parque",1786336.08966,1,0.991485698598657,0
10228,"Fresno europeo","13/12/2010 11:47","Medio (4 - 8 mts)",90,"Grande",-68.8504557906,-32.8717877999,6,"Residencial Norte",2694682.37982,0,0.14357551396019,0
12726,"Paraiso","25/01/2011 08:35","Alto (> 8 mts)",140,"Grande",-68.8481553897,-32.863599847,6,"Residencial Norte",2694682.37982,0,0.364563664406229,0
30392,"Conifera","02/03/2011 12:37","Medio (4 - 8 mts)",50,"Mediano",-68.839884752,-32.8905615273,3,"Parque O'Higgins",1531146.02653,0,0.74234061262523,0
47482,"Olmo comun","20/09/2011 11:03","Alto (> 8 mts)",210,"Grande",-68.8293697636,-32.8747373492,4,"Cuarta Este Área Fundacional",1822015.85685,0,0.0461711384103454,0
3534,"Paraiso","07/09/2011 11:53","Alto (> 8 mts)",125,"Grande",-68.8335130298,-32.868628651,4,"Cuarta Oeste",1173332.70145,0,0.776940114806637,0
42442,"Morera","26/09/2011 10:21","Alto (> 8 mts)",130,"Grande",-68.8324084753,-32.8764309053,4,"Cuarta Este Área Fundacional",1822015.85685,0,0.925058516453179,0
18319,"Morera","03/08/2011 08:40","Alto (> 8 mts)",150,"Grande",-68.8375983824,-32.8681316719,4,"Cuarta Oeste",1173332.70145,0,0.328518813934903,0
27659,"Morera","01/11/2011 10:15","Alto (> 8 mts)",168,"Grande",-68.8363609851,-32.8948858042,2,"Barrio Civico",2366816.36021,0,0.597300102758436,0
28434,"Pltano","28/02/2011 10:06","Alto (> 8 mts)",225,"Grande",-68.8459207973,-32.8896100987,2,"Barrio Civico",2366816.36021,0,0.0951451128325546,0
25972,"Morera","31/01/2011 12:54","Alto (> 8 mts)",190,"Grande",-68.839242245,-32.903037394,2,"Barrio Civico",2366816.36021,0,0.186945403596705,0
12950,"Fresno americano","12/01/2011 08:56","Bajo (2 - 4 mts)",49,"Mediano",-68.8443539944,-32.8637849202,4,"Cuarta Oeste",1173332.70145,0,0.250921623447906,0
28307,"Pltano","10/03/2011 15:07","Alto (> 8 mts)",168,"Grande",-68.849306231,-32.8924288259,2,"Barrio Civico",2366816.36021,0,0.310126377056925,0
12653,"Ailanthus","18/01/2011 08:57","Alto (> 8 mts)",180,"Grande",-68.846966831,-32.863318573,4,"Cuarta Oeste",1173332.70145,0,0.675840394017537,0
28501,"Perenne","25/02/2011 09:29","Alto (> 8 mts)",120,"Grande",-68.8482908398,-32.8891471544,5,"Residencial Sur",2423808.92355,0,0.298182616366687,0
41193,"Morera","15/04/2011 14:24","Alto (> 8 mts)",153,"Grande",-68.8384291589,-32.8820093611,1,"Parque Central",1655357.93265,1,0.700718107905107,0
15241,"Fresno europeo","16/11/2011 12:22","Muy bajo (1 - 2 mts)",12,"Chico",-68.8603188966,-32.8694134381,6,"Residencial Norte",2694682.37982,0,0.530312766979402,0
27969,"Morera","31/10/2011 09:46","Alto (> 8 mts)",240,"Grande",-68.8359350299,-32.8931700498,3,"Parque O'Higgins",1531146.02653,0,0.88650239893576,0
3243,"Paraiso sombrilla","29/09/2011 11:18","Medio (4 - 8 mts)",80,"Grande",-68.8270953741,-32.867728406,4,"Cuarta Este Área Fundacional",1822015.85685,0,0.489680135887359,0
27006,"Pltano","02/11/2011 16:23","Alto (> 8 mts)",180,"Grande",-68.8354061183,-32.8866271328,3,"Parque O'Higgins",1531146.02653,0,0.240632248459265,0
14058,"Morera","05/12/2011 12:06","Medio (4 - 8 mts)",78,"Grande",-68.8760825034,-32.8677183087,8,"Aeroparque",2203364.73622,0,0.893685931780228,0
14373,"Fresno europeo","30/11/2011 12:15","Bajo (2 - 4 mts)",40,"Mediano",-68.8783138982,-32.8660672469,8,"Aeroparque",2203364.73622,0,0.0257534728970276,0
15622,"Acacia SP","15/11/2011 19:21","Muy bajo (1 - 2 mts)",30,"Mediano",-68.8620595151,-32.8718597446,7,"Residencial Parque",1786336.08966,0,0.0332752106937686,0
18231,"Paraiso","29/07/2011 13:33","Muy bajo (1 - 2 mts)",4,"Chico",-68.839014842,-32.8681346749,4,"Cuarta Oeste",1173332.70145,0,0.701655445258299,0
33115,"Pltano","27/06/2011 11:55","Alto (> 8 mts)",210,"Grande",-68.8533915032,-32.8903849678,5,"Residencial Sur",2423808.92355,0,0.180358845231579,0
21936,"Jacarand","06/06/2011 10:04","Alto (> 8 mts)",118,"Grande",-68.8575017671,-32.8953775292,5,"Residencial Sur",2423808.92355,0,0.646261853759316,0
15390,"Paraiso","15/11/2011 12:14","Muy bajo (1 - 2 mts)",15,"Chico",-68.8605070316,-32.8705626063,7,"Residencial Parque",1786336.08966,0,0.524802093070602,0
23811,"Morera","26/01/2011 16:00","Medio (4 - 8 mts)",76,"Grande",-68.8508881818,-32.9009913736,2,"Barrio Civico",2366816.36021,0,0.532103145682569,0
2156,"Fresno europeo","07/11/2011 09:26","Medio (4 - 8 mts)",104,"Grande",-68.8385339749,-32.8943044361,2,"Barrio Civico",2366816.36021,0,0.775469026047751,0
2000,"Ailanthus","14/11/2011 13:03","Alto (> 8 mts)",58,"Mediano",-68.8319161685,-32.8937893931,3,"Parque O'Higgins",1531146.02653,0,0.75170555771578,0
29568,"Morera","04/03/2011 10:26","Alto (> 8 mts)",180,"Grande",-68.8448171338,-32.8913224609,2,"Barrio Civico",2366816.36021,0,0.686115387748644,0
10838,"Prunas","18/03/2011 09:10","Bajo (2 - 4 mts)",38,"Mediano",-68.8545214913,-32.8779918813,6,"Residencial Norte",2694682.37982,0,0.170917675465587,0
14190,"Morera","30/11/2011 13:26","Muy bajo (1 - 2 mts)",16,"Chico",-68.8773481057,-32.8672580611,8,"Aeroparque",2203364.73622,0,0.543282874584946,0
15156,"Paraiso","21/11/2011 12:41","Bajo (2 - 4 mts)",30,"Mediano",-68.8594304755,-32.8686536117,6,"Residencial Norte",2694682.37982,0,0.816843008836337,0
5540,"Morera","08/04/2011 12:36","Alto (> 8 mts)",150,"Grande",-68.8412940188,-32.8806974748,1,"Parque Central",1655357.93265,0,0.0978523989441669,0
42178,"Morera","06/05/2011 11:03","Alto (> 8 mts)",152,"Grande",-68.8404384039,-32.8743138252,1,"Parque Central",1655357.93265,0,0.767091784703563,0
34803,"Olmo bola","30/03/2011 10:35","Alto (> 8 mts)",136,"Grande",-68.8510511654,-32.875962495,6,"Residencial Norte",2694682.37982,0,0.15666219514601,0
36938,"Morera","08/04/2011 11:09","Alto (> 8 mts)",146,"Grande",-68.8579452101,-32.8789673831,7,"Residencial Parque",1786336.08966,0,0.503208232651466,0
16122,"Fresno europeo","18/07/2011 12:51","Alto (> 8 mts)",97,"Grande",-68.8444507054,-32.8730667868,6,"Residencial Norte",2694682.37982,0,0.132009280354391,0
30173,"Morera","09/03/2011 13:28","Alto (> 8 mts)",127,"Grande",-68.8420904439,-32.8900588437,2,"Barrio Civico",2366816.36021,0,0.205599379677364,0
6715,"Morera","13/05/2011 10:08","Medio (4 - 8 mts)",39,"Mediano",-68.8565829881,-32.8941713867,5,"Residencial Sur",2423808.92355,0,0.133764199667327,0
42325,"Pltano","05/05/2011 12:23","Bajo (2 - 4 mts)",30,"Mediano",-68.841825675,-32.8738561669,1,"Parque Central",1655357.93265,0,0.504338067113381,0
6354,"Fresno europeo","27/06/2011 10:11","Bajo (2 - 4 mts)",23,"Mediano",-68.854326287,-32.8911253472,5,"Residencial Sur",2423808.92355,0,0.60327817467334,0
37621,"Morera","13/12/2010 11:35","Alto (> 8 mts)",170,"Grande",-68.8505000452,-32.8721805839,6,"Residencial Norte",2694682.37982,0,0.217617624969968,0
25533,"Morera","04/03/2011 13:47","Alto (> 8 mts)",82,"Grande",-68.8406225952,-32.9010127036,2,"Barrio Civico",2366816.36021,1,0.242941202288908,0
4029,"Paraiso","21/09/2011 11:53","Muy bajo (1 - 2 mts)",8,"Chico",-68.8293462174,-32.874001583,4,"Cuarta Este Área Fundacional",1822015.85685,0,0.412647261970081,0
6221,"Morera","04/04/2011 15:31","Medio (4 - 8 mts)",32,"Mediano",-68.8396862508,-32.8882670126,3,"Parque O'Higgins",1531146.02653,0,0.495748326559649,0
9962,"Acer","11/11/2010 13:41","Bajo (2 - 4 mts)",42,"Mediano",-68.8555342004,-32.8694572519,6,"Residencial Norte",2694682.37982,0,0.652426534820223,0
31829,"Morera","03/01/2012 09:07","Medio (4 - 8 mts)",55,"Mediano",-68.8590212674,-32.890130863,5,"Residencial Sur",2423808.92355,0,0.50196258560163,0
12888,"Morera","18/01/2011 11:35","Alto (> 8 mts)",190,"Grande",-68.8459426015,-32.8638475426,4,"Cuarta Oeste",1173332.70145,0,0.217105818731427,0
21377,"Morera","10/05/2011 09:53","Alto (> 8 mts)",110,"Grande",-68.8548850504,-32.8931442428,5,"Residencial Sur",2423808.92355,0,0.61810550120585,0
10830,"Morera","30/03/2011 12:54","Medio (4 - 8 mts)",47,"Mediano",-68.8547648316,-32.8774813232,6,"Residencial Norte",2694682.37982,0,0.567124128696759,0
15684,"Aguaribay","15/11/2011 17:02","Bajo (2 - 4 mts)",140,"Grande",-68.8623247379,-32.8717572743,7,"Residencial Parque",1786336.08966,1,0.866355275391693,0
34528,"Morera","30/03/2011 09:29","Medio (4 - 8 mts)",150,"Grande",-68.8496226857,-32.8761225361,6,"Residencial Norte",2694682.37982,0,0.570346451395071,0
4651,"Paraiso","12/08/2011 09:57","Medio (4 - 8 mts)",50,"Mediano",-68.835259283,-32.8638340952,4,"Cuarta Oeste",1173332.70145,0,0.353117125895484,0
925,"Fresno europeo","16/01/2012 12:46","Muy bajo (1 - 2 mts)",3,"Chico",-68.8528412018,-32.8719377159,6,"Residencial Norte",2694682.37982,0,0.699316560980226,0
13851,"Aguaribay","19/12/2011 07:59","Bajo (2 - 4 mts)",90,"Grande",-68.8760293937,-32.8689558994,8,"Aeroparque",2203364.73622,0,0.850185522000357,0
37598,"Pltano","17/11/2010 11:24","Muy bajo (1 - 2 mts)",5,"Chico",-68.8581768199,-32.870281808,6,"Residencial Norte",2694682.37982,0,0.829619424202201,0
34927,"Pltano","06/04/2011 10:27","Alto (> 8 mts)",100,"Grande",-68.8564357188,-32.8800895301,7,"Residencial Parque",1786336.08966,0,0.409532494429611,0
41246,"Morera","15/04/2011 10:41","Alto (> 8 mts)",170,"Grande",-68.8393938739,-32.8810277586,1,"Parque Central",1655357.93265,1,0.0492243215558801,0
36962,"Morera","08/04/2011 10:18","Alto (> 8 mts)",120,"Grande",-68.8575983169,-32.8780485237,7,"Residencial Parque",1786336.08966,1,0.0812748660073206,0
20809,"Morera","31/05/2011 11:43","Alto (> 8 mts)",128,"Grande",-68.8628058469,-32.8956326496,5,"Residencial Sur",2423808.92355,1,0.745863909609676,0
24312,"Tilo","27/01/2011 12:56","Alto (> 8 mts)",81,"Grande",-68.8441412164,-32.9013771884,2,"Barrio Civico",2366816.36021,0,0.826513084371903,0
41549,"Morera","06/05/2011 10:20","Medio (4 - 8 mts)",98,"Grande",-68.8395735355,-32.8797673324,1,"Parque Central",1655357.93265,0,0.713120486758397,0
44210,"Pltano","14/10/2011 09:56","Alto (> 8 mts)",230,"Grande",-68.835237311,-32.8828863436,3,"Parque O'Higgins",1531146.02653,0,0.627775153103418,0
2914,"Jacarand","20/09/2011 09:41","Muy bajo (1 - 2 mts)",33,"Mediano",-68.8205321691,-32.8728630623,4,"Cuarta Este Área Fundacional",1822015.85685,0,0.80272778876745,0
625,"Morera","07/03/2012 17:42","Alto (> 8 mts)",140,"Grande",-68.8188574669,-32.8686192204,4,"Cuarta Este Área Fundacional",1822015.85685,0,0.255734254173359,0
36948,"Pltano","08/04/2011 10:50","Alto (> 8 mts)",108,"Grande",-68.8581902097,-32.8783879759,7,"Residencial Parque",1786336.08966,0,0.838637029092663,0
15344,"Paraiso","16/11/2011 12:56","Alto (> 8 mts)",150,"Grande",-68.8600427395,-32.8701769135,6,"Residencial Norte",2694682.37982,0,0.306298119901752,0
5885,"Acacia SP","08/04/2011 12:41","Medio (4 - 8 mts)",52,"Mediano",-68.8427201853,-32.8824748679,1,"Parque Central",1655357.93265,0,0.0507419262789799,0
5137,"Acacia SP","08/08/2011 11:08","Medio (4 - 8 mts)",16,"Chico",-68.8433860965,-32.8696431402,4,"Cuarta Oeste",1173332.70145,0,0.771996225605963,0
14598,"Morera","14/12/2011 10:05","Medio (4 - 8 mts)",40,"Mediano",-68.8795549117,-32.8682904624,8,"Aeroparque",2203364.73622,0,0.641641813458838,0
6384,"Morera","23/05/2011 10:45","Medio (4 - 8 mts)",53,"Mediano",-68.8498417834,-32.8885340976,5,"Residencial Sur",2423808.92355,0,0.939034426769357,0
45387,"Paraiso","16/09/2011 12:38","Medio (4 - 8 mts)",120,"Grande",-68.8247150482,-32.8720140329,4,"Cuarta Este Área Fundacional",1822015.85685,0,0.632148735040669,0
19845,"Pltano","30/06/2011 10:05","Alto (> 8 mts)",210,"Grande",-68.8344350159,-32.8635997927,4,"Cuarta Oeste",1173332.70145,0,0.0690528762392496,0
43058,"Acacia SP","03/10/2011 10:07","Alto (> 8 mts)",230,"Grande",-68.8322110974,-32.8782720433,4,"Cuarta Este Área Fundacional",1822015.85685,1,0.588378256907415,0
37464,"Morera","04/01/2011 12:09","Alto (> 8 mts)",50,"Mediano",-68.8572996127,-32.8707186571,6,"Residencial Norte",2694682.37982,0,0.850600704139712,0
26664,"Morera","14/11/2011 12:58","Medio (4 - 8 mts)",18,"Chico",-68.831856887,-32.8937163143,3,"Parque O'Higgins",1531146.02653,0,0.997620047670516,0
41454,"Paraiso","07/04/2011 11:29","Alto (> 8 mts)",205,"Grande",-68.8412282699,-32.8808294136,1,"Parque Central",1655357.93265,0,0.528443192775248,0
35158,"Paraiso","30/03/2011 10:30","Alto (> 8 mts)",134,"Grande",-68.8514718508,-32.8820534822,1,"Parque Central",1655357.93265,0,0.0197211685794881,0
39259,"Morera","30/12/2010 09:10","Alto (> 8 mts)",170,"Grande",-68.8551535207,-32.8717980219,6,"Residencial Norte",2694682.37982,1,0.352814569933699,0
45260,"Morera","29/09/2011 11:03","Alto (> 8 mts)",118,"Grande",-68.8224814234,-32.8728439452,4,"Cuarta Este Área Fundacional",1822015.85685,1,0.110964758788571,0
22012,"Morera","17/05/2011 12:15","Alto (> 8 mts)",140,"Grande",-68.8588870059,-32.8933029228,5,"Residencial Sur",2423808.92355,0,0.468519852985941,0
36379,"Morera","17/03/2011 10:02","Alto (> 8 mts)",160,"Grande",-68.8530206493,-32.8783455661,6,"Residencial Norte",2694682.37982,0,0.179235989897187,0
37234,"Olmo bola","11/03/2011 13:45","Medio (4 - 8 mts)",90,"Grande",-68.8574434551,-32.8727223121,6,"Residencial Norte",2694682.37982,0,0.97929680073128,0
348,"Paraiso sombrilla","07/03/2012 09:34","Bajo (2 - 4 mts)",75,"Grande",-68.8212900713,-32.8673360267,4,"Cuarta Este Área Fundacional",1822015.85685,0,0.705816716052934,0
43028,"Fresno americano","04/10/2011 11:36","Bajo (2 - 4 mts)",62,"Grande",-68.8323519701,-32.8777436597,4,"Cuarta Este Área Fundacional",1822015.85685,0,0.111430223028447,0
1689,"Acer","24/11/2011 12:41","Bajo (2 - 4 mts)",25,"Mediano",-68.8719340279,-32.877874267,7,"Residencial Parque",1786336.08966,0,0.236673132103376,0
18040,"Morera","01/08/2011 09:43","Alto (> 8 mts)",96,"Grande",-68.8403662042,-32.8684312346,4,"Cuarta Oeste",1173332.70145,1,0.684169338500287,0
10989,"Prunas","28/03/2011 10:14","Bajo (2 - 4 mts)",10,"Chico",-68.8540150652,-32.8815501291,6,"Residencial Norte",2694682.37982,0,0.882122357732895,0
20810,"Morera","31/05/2011 11:41","Alto (> 8 mts)",135,"Grande",-68.8626747783,-32.8956415903,5,"Residencial Sur",2423808.92355,1,0.446211070851966,0
31973,"Fresno europeo","02/06/2011 12:55","Bajo (2 - 4 mts)",60,"Mediano",-68.8592770712,-32.8836568809,5,"Residencial Sur",2423808.92355,0,0.257571542881839,0
12484,"Morera","25/01/2011 10:00","Alto (> 8 mts)",120,"Grande",-68.8493709967,-32.8671820139,6,"Residencial Norte",2694682.37982,1,0.602184416158953,0
26975,"Morera","03/11/2011 17:04","Bajo (2 - 4 mts)",44,"Mediano",-68.8341793324,-32.8863614067,3,"Parque O'Higgins",1531146.02653,0,0.836988129008938,0
44027,"Pltano","19/10/2011 09:30","Alto (> 8 mts)",170,"Grande",-68.8316388062,-32.8850098126,3,"Parque O'Higgins",1531146.02653,0,0.771682565616005,0
29150,"Paraiso","10/03/2011 12:51","Alto (> 8 mts)",144,"Grande",-68.8468140238,-32.8885815425,2,"Barrio Civico",2366816.36021,0,0.694546157235443,0
578,"Morera","08/03/2012 10:54","Alto (> 8 mts)",168,"Grande",-68.8199852537,-32.8686512066,4,"Cuarta Este Área Fundacional",1822015.85685,0,0.00236082275392946,0
41757,"Pltano","27/04/2011 12:41","Medio (4 - 8 mts)",110,"Grande",-68.8416907964,-32.8786065756,1,"Parque Central",1655357.93265,0,0.444046725153246,0
10783,"Olmo bola","31/03/2011 10:08","Medio (4 - 8 mts)",120,"Grande",-68.8499180812,-32.8776412526,6,"Residencial Norte",2694682.37982,0,0.0570234867448963,0
992,"Pltano","16/01/2012 09:05","Alto (> 8 mts)",135,"Grande",-68.8354210723,-32.868004554,4,"Cuarta Oeste",1173332.70145,1,0.282714341354997,0
20493,"Fresno europeo","01/06/2011 12:46","Medio (4 - 8 mts)",50,"Mediano",-68.8600679686,-32.8980379851,5,"Residencial Sur",2423808.92355,0,0.236072774299147,0
38866,"Morera","07/12/2010 13:30","Alto (> 8 mts)",130,"Grande",-68.8481139538,-32.8709848582,6,"Residencial Norte",2694682.37982,0,0.832725941408385,0
13410,"Morera","07/01/2011 13:03","Medio (4 - 8 mts)",71,"Grande",-68.8437886687,-32.8643792533,4,"Cuarta Oeste",1173332.70145,0,0.0839576562033967,0
37755,"Fresno europeo","13/01/2012 17:56","Bajo (2 - 4 mts)",60,"Mediano",-68.8506523168,-32.8726217844,6,"Residencial Norte",2694682.37982,0,0.857094700419185,0
31140,"Fresno europeo","08/02/2011 09:48","Bajo (2 - 4 mts)",36,"Mediano",-68.8549178663,-32.8643092557,6,"Residencial Norte",2694682.37982,0,0.00895337282234165,0
2773,"Fresno americano","19/10/2011 17:06","Medio (4 - 8 mts)",160,"Grande",-68.8301897939,-32.8825895495,3,"Parque O'Higgins",1531146.02653,0,0.886793207980055,0
46575,"Morera","07/09/2011 08:59","Alto (> 8 mts)",165,"Grande",-68.8323485625,-32.8695620474,4,"Cuarta Este Área Fundacional",1822015.85685,0,0.0767892691247889,0
22978,"Fresno europeo","02/06/2011 11:17","Alto (> 8 mts)",48,"Mediano",-68.8569732248,-32.9000671255,5,"Residencial Sur",2423808.92355,0,0.271409610804653,0
26312,"Pltano","21/10/2011 08:44","Alto (> 8 mts)",143,"Grande",-68.8315419052,-32.8894788413,3,"Parque O'Higgins",1531146.02653,0,0.116063800074966,0
28672,"Pltano","02/03/2011 09:20","Alto (> 8 mts)",145,"Grande",-68.8468386583,-32.8914732985,2,"Barrio Civico",2366816.36021,0,0.646854392263626,0
30082,"Morera","26/04/2011 11:05","Alto (> 8 mts)",180,"Grande",-68.8423675675,-32.8869830269,1,"Parque Central",1655357.93265,1,0.228719018302192,0
35537,"Acacia SP","16/06/2011 14:53","Alto (> 8 mts)",180,"Grande",-68.8567804638,-32.8820092691,7,"Residencial Parque",1786336.08966,0,0.0363436782238996,0
3253,"Paraiso sombrilla","28/09/2011 10:14","Alto (> 8 mts)",88,"Grande",-68.8225725028,-32.8722738506,4,"Cuarta Este Área Fundacional",1822015.85685,0,0.814500270959487,0
18389,"Morera","02/08/2011 15:08","Alto (> 8 mts)",170,"Grande",-68.839055151,-32.8693022408,4,"Cuarta Oeste",1173332.70145,0,0.360354161377837,0
21118,"Morera","21/06/2011 10:01","Alto (> 8 mts)",126,"Grande",-68.8631098266,-32.8992722121,5,"Residencial Sur",2423808.92355,1,0.0335901064502482,0
41199,"Morera","18/04/2011 09:16","Alto (> 8 mts)",160,"Grande",-68.8376566281,-32.8811978292,1,"Parque Central",1655357.93265,0,0.539853309845365,0
934,"Morera","13/01/2012 19:17","Medio (4 - 8 mts)",100,"Grande",-68.8503960711,-32.8729352534,6,"Residencial Norte",2694682.37982,0,0.678516735194468,0
23929,"Morera","19/01/2012 09:37","Alto (> 8 mts)",90,"Grande",-68.8515255776,-32.8989298268,2,"Barrio Civico",2366816.36021,0,0.992813822521805,0
33876,"Acacia visco","13/05/2011 11:35","Medio (4 - 8 mts)",150,"Grande",-68.8550061301,-32.8858665592,5,"Residencial Sur",2423808.92355,0,0.113362063865909,0
30381,"Fresno americano","02/03/2011 13:30","Alto (> 8 mts)",180,"Grande",-68.8397464757,-32.8894995409,3,"Parque O'Higgins",1531146.02653,0,0.343434036995474,0
5513,"Morera","27/04/2011 13:24","Medio (4 - 8 mts)",52,"Mediano",-68.8383230244,-32.8766329472,1,"Parque Central",1655357.93265,0,0.815385151622234,0
9608,"Paraiso sombrilla","27/01/2011 13:42","Medio (4 - 8 mts)",110,"Grande",-68.8497616542,-32.8640412194,6,"Residencial Norte",2694682.37982,0,0.541877590884873,0
25431,"Morera","11/02/2011 10:12","Alto (> 8 mts)",206,"Grande",-68.8363184753,-32.8997520811,2,"Barrio Civico",2366816.36021,1,0.294525479843099,0
8252,"Pltano","18/02/2011 10:57","Alto (> 8 mts)",152,"Grande",-68.8443741218,-32.8920745629,2,"Barrio Civico",2366816.36021,0,0.852534250466688,0
12208,"Paraiso","18/01/2011 13:33","Alto (> 8 mts)",130,"Grande",-68.8466434256,-32.8679790245,6,"Residencial Norte",2694682.37982,0,0.538645258638095,0
22933,"Fresno europeo","19/05/2011 15:31","Muy bajo (1 - 2 mts)",5,"Chico",-68.8555085874,-32.900438708,5,"Residencial Sur",2423808.92355,0,0.987906948323985,0
32253,"Pltano","09/05/2011 10:38","Alto (> 8 mts)",220,"Grande",-68.8591887282,-32.8847838071,5,"Residencial Sur",2423808.92355,0,0.362268231582945,0
44274,"Pltano","13/10/2011 10:31","Alto (> 8 mts)",120,"Grande",-68.835284577,-32.8838136034,3,"Parque O'Higgins",1531146.02653,0,0.727405622229662,0
38247,"Paraiso","17/01/2012 10:27","Alto (> 8 mts)",145,"Grande",-68.8472583684,-32.8733123514,6,"Residencial Norte",2694682.37982,0,0.469049616892597,0
43585,"Fresno americano","07/10/2011 12:09","Medio (4 - 8 mts)",102,"Grande",-68.8309928376,-32.8826447847,3,"Parque O'Higgins",1531146.02653,1,0.583638386526788,0
38232,"Fresno europeo","18/01/2012 12:26","Alto (> 8 mts)",190,"Grande",-68.8462686948,-32.8730564511,6,"Residencial Norte",2694682.37982,0,0.686940370316721,0
43159,"Fresno europeo","05/10/2011 10:38","Alto (> 8 mts)",155,"Grande",-68.8306998905,-32.8790382908,4,"Cuarta Este Área Fundacional",1822015.85685,0,0.354313730802305,0
45719,"Morera","24/08/2011 11:57","Medio (4 - 8 mts)",150,"Grande",-68.8217093949,-32.8693844005,4,"Cuarta Este Área Fundacional",1822015.85685,0,0.925122640250689,0
27024,"Paraiso","28/10/2011 10:26","Medio (4 - 8 mts)",128,"Grande",-68.8383471478,-32.8914791904,3,"Parque O'Higgins",1531146.02653,0,0.455695748240494,0
24446,"Fresno europeo","20/01/2011 10:00","Muy bajo (1 - 2 mts)",4,"Chico",-68.8456827868,-32.9026813165,2,"Barrio Civico",2366816.36021,0,0.593397812149628,0
23095,"Morera","17/01/2011 15:12","Alto (> 8 mts)",184,"Grande",-68.8478194287,-32.9013790999,2,"Barrio Civico",2366816.36021,0,0.469272091043764,0
11111,"Morera","30/03/2011 09:41","Bajo (2 - 4 mts)",19,"Chico",-68.8520833785,-32.8817058641,1,"Parque Central",1655357.93265,0,0.284524190361546,0
5248,"Pltano","05/05/2011 11:30","Muy bajo (1 - 2 mts)",6,"Chico",-68.8408357267,-32.8748513801,1,"Parque Central",1655357.93265,0,0.208113120831496,0
8501,"Fresno americano","15/02/2011 09:44","Bajo (2 - 4 mts)",20,"Chico",-68.8349215973,-32.8963582503,2,"Barrio Civico",2366816.36021,1,0.368868442686343,0
38437,"Fresno europeo","03/11/2010 10:36","Bajo (2 - 4 mts)",27,"Mediano",-68.850937569,-32.869599931,6,"Residencial Norte",2694682.37982,0,0.840552963617669,0
33690,"Morera","10/05/2011 13:40","Alto (> 8 mts)",170,"Grande",-68.8583189686,-32.8860398003,5,"Residencial Sur",2423808.92355,0,0.843823756987056,0
8342,"Morera","14/03/2011 17:55","Medio (4 - 8 mts)",48,"Mediano",-68.8469658384,-32.8935033685,2,"Barrio Civico",2366816.36021,0,0.607835462807885,0
31593,"Jacarand","10/06/2011 11:50","Alto (> 8 mts)",150,"Grande",-68.8608908091,-32.8888770504,5,"Residencial Sur",2423808.92355,0,0.132140711883168,0
11976,"Morera","14/05/2010 10:50","Medio (4 - 8 mts)",107,"Grande",-68.8509415204,-32.8686157711,6,"Residencial Norte",2694682.37982,0,0.338643390609453,0
6536,"Pltano","09/05/2011 12:23","Alto (> 8 mts)",160,"Grande",-68.8546356579,-32.8916489318,5,"Residencial Sur",2423808.92355,0,0.391076871707241,0
10310,"Perenne","01/12/2010 12:15","Muy bajo (1 - 2 mts)",40,"Mediano",-68.8462044868,-32.8712370726,6,"Residencial Norte",2694682.37982,0,0.36371114411614,0
46591,"Paraiso","05/09/2011 11:22","Bajo (2 - 4 mts)",80,"Grande",-68.8327185903,-32.8685881718,4,"Cuarta Oeste",1173332.70145,0,0.434666443926151,0
42388,"Pltano","29/09/2011 11:34","Alto (> 8 mts)",240,"Grande",-68.8336471889,-32.8759172961,4,"Cuarta Este Área Fundacional",1822015.85685,0,0.00391721851415128,0
4391,"Morera","26/07/2011 13:34","Medio (4 - 8 mts)",30,"Mediano",-68.8397106351,-32.8692686368,4,"Cuarta Oeste",1173332.70145,0,0.11767608168319,0
21600,"Fresno europeo","12/05/2011 09:31","Muy bajo (1 - 2 mts)",5,"Chico",-68.8551897571,-32.8942588168,5,"Residencial Sur",2423808.92355,0,0.245807616955449,0
20787,"Morera","31/05/2011 10:31","Alto (> 8 mts)",130,"Grande",-68.8609146872,-32.8966451485,5,"Residencial Sur",2423808.92355,0,0.847246439691572,0
36174,"Fresno europeo","04/04/2011 10:09","Medio (4 - 8 mts)",84,"Grande",-68.8527786603,-32.8774125699,6,"Residencial Norte",2694682.37982,0,0.0286192181196639,0
48349,"Fresno europeo","17/08/2011 11:20","Medio (4 - 8 mts)",90,"Grande",-68.8277903153,-32.8665180471,4,"Cuarta Este Área Fundacional",1822015.85685,0,0.0353124474227712,0
27811,"Morera","03/11/2011 09:25","Alto (> 8 mts)",132,"Grande",-68.8353407917,-32.8943370314,3,"Parque O'Higgins",1531146.02653,0,0.749749092151165,0
20863,"Fresno europeo","26/05/2011 11:58","Bajo (2 - 4 mts)",55,"Mediano",-68.8594667617,-32.8957043283,5,"Residencial Sur",2423808.92355,0,0.760600696939285,0
45121,"Prunas","31/08/2011 13:07","Bajo (2 - 4 mts)",120,"Grande",-68.8257879117,-32.8709587338,4,"Cuarta Este Área Fundacional",1822015.85685,0,0.675261557222501,0
22931,"Paraiso","19/05/2011 15:28","Alto (> 8 mts)",78,"Grande",-68.8556425146,-32.9004388068,5,"Residencial Sur",2423808.92355,0,0.0743861061250554,0
36576,"Fresno europeo","09/06/2011 09:43","Medio (4 - 8 mts)",60,"Mediano",-68.8578925263,-32.8829798574,7,"Residencial Parque",1786336.08966,0,0.0114437980045435,0
11570,"Paraiso","10/05/2010 11:45","Bajo (2 - 4 mts)",150,"Grande",-68.8518195698,-32.8673530384,6,"Residencial Norte",2694682.37982,0,0.439007875769791,0
47177,"Morera","20/09/2011 11:12","Medio (4 - 8 mts)",269,"Grande",-68.8335764253,-32.8744437447,4,"Cuarta Este Área Fundacional",1822015.85685,0,0.348071668348738,0
38224,"Morera","17/01/2012 10:47","Alto (> 8 mts)",185,"Grande",-68.8460239265,-32.8733854523,6,"Residencial Norte",2694682.37982,1,0.364011618071162,0
30501,"Pltano","04/04/2011 15:26","Alto (> 8 mts)",172,"Grande",-68.839927125,-32.8882204386,3,"Parque O'Higgins",1531146.02653,0,0.15215557762625,0
16019,"Morera","11/08/2011 08:30","Alto (> 8 mts)",150,"Grande",-68.8436866792,-32.8709207591,4,"Cuarta Oeste",1173332.70145,1,0.140827938820561,0
8354,"Morera","03/02/2011 16:55","Alto (> 8 mts)",96,"Grande",-68.8403192941,-32.9018907366,2,"Barrio Civico",2366816.36021,0,0.750111765252607,0
42148,"Acacia SP","05/05/2011 11:10","Bajo (2 - 4 mts)",5,"Chico",-68.8413114004,-32.8742050229,1,"Parque Central",1655357.93265,0,0.309532313498105,0
34447,"Fresno europeo","09/03/2011 12:09","Medio (4 - 8 mts)",90,"Grande",-68.850410581,-32.8747432717,6,"Residencial Norte",2694682.37982,0,0.293718947316486,0
10415,"Perenne","23/03/2011 10:44","Bajo (2 - 4 mts)",120,"Grande",-68.8523419649,-32.8820999109,1,"Parque Central",1655357.93265,0,0.572255276822728,0
45502,"Jacarand","19/09/2011 11:11","Bajo (2 - 4 mts)",50,"Mediano",-68.8206359265,-32.8723007121,4,"Cuarta Este Área Fundacional",1822015.85685,0,0.166582678793216,0
22384,"Fresno europeo","16/06/2011 11:15","Medio (4 - 8 mts)",85,"Grande",-68.8583937711,-32.8982055803,5,"Residencial Sur",2423808.92355,0,0.217364879639641,0
501,"Morera","07/03/2012 09:21","Alto (> 8 mts)",120,"Grande",-68.8216700602,-32.8679039412,4,"Cuarta Este Área Fundacional",1822015.85685,1,0.998505896665867,0
361,"Morera","06/03/2012 13:03","Medio (4 - 8 mts)",160,"Grande",-68.8204023729,-32.8671826432,4,"Cuarta Este Área Fundacional",1822015.85685,0,0.0520845417993113,0
20259,"Fresno europeo","17/05/2011 10:23","Alto (> 8 mts)",140,"Grande",-68.859671115,-32.8925865097,5,"Residencial Sur",2423808.92355,0,0.527138629757692,0
8991,"Jacarand","14/01/2011 14:07","Bajo (2 - 4 mts)",25,"Mediano",-68.8459194145,-32.867852096,4,"Cuarta Oeste",1173332.70145,0,0.643435597772134,0
5009,"Fresno europeo","21/07/2011 09:27","Medio (4 - 8 mts)",80,"Grande",-68.8409606375,-32.8627834145,4,"Cuarta Oeste",1173332.70145,0,0.994805175703793,0
10104,"Paraiso","04/01/2011 13:23","Alto (> 8 mts)",90,"Grande",-68.8580237723,-32.8715557062,6,"Residencial Norte",2694682.37982,0,0.158094924980977,0
27414,"Fresno americano","25/10/2011 10:00","Alto (> 8 mts)",145,"Grande",-68.8356697588,-32.8924626793,3,"Parque O'Higgins",1531146.02653,0,0.74836918221319,0
9729,"Fresno europeo","20/01/2011 08:35","Alto (> 8 mts)",120,"Grande",-68.8471335252,-32.8630886767,4,"Cuarta Oeste",1173332.70145,0,0.150677533645009,0
16749,"Morera","10/08/2011 09:43","Alto (> 8 mts)",185,"Grande",-68.8387087183,-32.8630631481,4,"Cuarta Oeste",1173332.70145,0,0.663960750818489,0
21324,"Fresno europeo","15/06/2011 11:46","Medio (4 - 8 mts)",80,"Grande",-68.8535639451,-32.8993809613,5,"Residencial Sur",2423808.92355,0,0.575865078914928,0
16898,"Paraiso","27/07/2011 13:49","Alto (> 8 mts)",167,"Grande",-68.8388089508,-32.8654196899,4,"Cuarta Oeste",1173332.70145,0,0.0477121973228062,0
22764,"Morera","29/06/2011 15:23","Medio (4 - 8 mts)",68,"Grande",-68.8544715146,-32.9017354638,5,"Residencial Sur",2423808.92355,0,0.61301125236819,0
38358,"Paraiso","05/11/2010 10:37","Alto (> 8 mts)",270,"Grande",-68.8523410917,-32.8696025982,6,"Residencial Norte",2694682.37982,0,0.367713463283916,0
12832,"Morera","21/01/2011 09:24","Alto (> 8 mts)",160,"Grande",-68.847521971,-32.8637335312,4,"Cuarta Oeste",1173332.70145,0,0.222156848189827,0
108,"Pltano","29/02/2012 10:04","Alto (> 8 mts)",180,"Grande",-68.8569135597,-32.9017174677,5,"Residencial Sur",2423808.92355,0,0.218304819952852,0
24400,"Olmo comun","21/01/2011 10:17","Medio (4 - 8 mts)",240,"Grande",-68.8444529622,-32.9029090922,2,"Barrio Civico",2366816.36021,0,0.442657205314314,0
11450,"Paraiso","07/01/2011 11:37","Alto (> 8 mts)",170,"Grande",-68.8433745932,-32.8636549764,4,"Cuarta Oeste",1173332.70145,0,0.308439703022832,0
20867,"Fresno europeo","26/05/2011 11:08","Alto (> 8 mts)",88,"Grande",-68.8599924474,-32.8956717358,5,"Residencial Sur",2423808.92355,0,0.513791997837691,0
1690,"Fresno americano","24/11/2011 12:40","Bajo (2 - 4 mts)",20,"Chico",-68.8719557269,-32.87794014,7,"Residencial Parque",1786336.08966,0,0.776684874753296,0
47573,"Fresno europeo","19/09/2011 08:17","Medio (4 - 8 mts)",65,"Grande",-68.8266213411,-32.8720568023,4,"Cuarta Este Área Fundacional",1822015.85685,0,0.748919434458308,0
11767,"Morera","25/01/2011 11:08","Medio (4 - 8 mts)",120,"Grande",-68.8491007933,-32.86412205,6,"Residencial Norte",2694682.37982,0,0.240361204256256,0
3335,"Caducifolio","05/10/2011 11:18","Bajo (2 - 4 mts)",44,"Mediano",-68.8295916357,-32.8798087565,4,"Cuarta Este Área Fundacional",1822015.85685,0,0.0907487203268719,0
25734,"Paraiso","03/02/2011 11:23","Alto (> 8 mts)",123,"Grande",-68.8407479314,-32.9032453569,2,"Barrio Civico",2366816.36021,0,0.514710863880129,0
23562,"Morera","01/02/2011 16:03","Alto (> 8 mts)",128,"Grande",-68.8515254612,-32.9030384902,2,"Barrio Civico",2366816.36021,0,0.366629883945912,0
3612,"Morera","29/08/2011 10:00","Bajo (2 - 4 mts)",40,"Mediano",-68.8271374228,-32.8700619344,4,"Cuarta Este Área Fundacional",1822015.85685,0,0.797422267771923,0
42222,"Morera","02/05/2011 09:59","Alto (> 8 mts)",125,"Grande",-68.8399034836,-32.8739027809,4,"Cuarta Oeste",1173332.70145,0,0.625193451756952,0
1162,"Tipa","29/11/2011 12:09","Bajo (2 - 4 mts)",28,"Mediano",-68.8755657827,-32.864911963,8,"Aeroparque",2203364.73622,0,0.336471050296148,0
12795,"Paraiso","21/01/2011 13:11","Medio (4 - 8 mts)",80,"Grande",-68.848046493,-32.8638303388,6,"Residencial Norte",2694682.37982,0,0.164018986356942,0
45593,"Morera","23/09/2011 09:22","Alto (> 8 mts)",195,"Grande",-68.8206388996,-32.8719773141,4,"Cuarta Este Área Fundacional",1822015.85685,0,0.124952273518142,0
7388,"Caducifolio","22/06/2011 11:13","Medio (4 - 8 mts)",74,"Grande",-68.8635295714,-32.9004678039,5,"Residencial Sur",2423808.92355,0,0.895464410521813,0
22808,"Morera","14/06/2011 12:29","Alto (> 8 mts)",96,"Grande",-68.859420988,-32.9023271106,5,"Residencial Sur",2423808.92355,0,0.174224655409923,0
21132,"Paraiso","21/06/2011 09:25","Alto (> 8 mts)",136,"Grande",-68.8623660439,-32.8988426418,5,"Residencial Sur",2423808.92355,0,0.512991311727538,0
17460,"Fresno europeo","16/01/2012 10:29","Bajo (2 - 4 mts)",18,"Chico",-68.8361186965,-32.8679979145,4,"Cuarta Oeste",1173332.70145,0,0.576765434345902,0
9094,"Fresno europeo","17/02/2011 10:53","Alto (> 8 mts)",130,"Grande",-68.8543116047,-32.8665639931,6,"Residencial Norte",2694682.37982,0,0.463762953618434,0
1922,"Acacia SP","18/11/2011 14:33","Muy bajo (1 - 2 mts)",2,"Chico",-68.8595052992,-32.8719155175,6,"Residencial Norte",2694682.37982,0,0.498790557634067,0
3575,"Olmo bola","05/09/2011 08:30","Alto (> 8 mts)",189,"Grande",-68.8304517854,-32.86928023,4,"Cuarta Este Área Fundacional",1822015.85685,0,0.846891740460546,0
2429,"Morera","25/10/2011 09:52","Bajo (2 - 4 mts)",36,"Mediano",-68.8344807468,-32.8910067474,3,"Parque O'Higgins",1531146.02653,0,0.0365533140265112,0
32743,"Morera","17/05/2011 12:31","Medio (4 - 8 mts)",120,"Grande",-68.8525866883,-32.886999863,5,"Residencial Sur",2423808.92355,0,0.42642707620275,0
733,"Paraiso","19/12/2011 10:26","Bajo (2 - 4 mts)",40,"Mediano",-68.8807497404,-32.8723096121,8,"Aeroparque",2203364.73622,0,0.152520209244805,0
44042,"Morera","18/10/2011 12:40","Alto (> 8 mts)",112,"Grande",-68.8325488439,-32.8855641224,3,"Parque O'Higgins",1531146.02653,1,0.00951049011778426,0
21325,"Fresno europeo","15/06/2011 11:45","Medio (4 - 8 mts)",70,"Grande",-68.8534771531,-32.8993822121,5,"Residencial Sur",2423808.92355,0,0.965816043810695,0
22152,"Morera","13/05/2011 13:38","Alto (> 8 mts)",116,"Grande",-68.854743843,-32.898330696,5,"Residencial Sur",2423808.92355,0,0.626401831285238,0
25821,"Morera","01/02/2011 13:13","Alto (> 8 mts)",180,"Grande",-68.8405087316,-32.9028011114,2,"Barrio Civico",2366816.36021,0,0.0395356570114407,0
6239,"Fresno europeo","05/04/2011 09:22","Muy bajo (1 - 2 mts)",6,"Chico",-68.8395526466,-32.8863319368,3,"Parque O'Higgins",1531146.02653,0,0.730732251154154,0
14747,"Aguaribay","05/12/2011 11:16","Medio (4 - 8 mts)",70,"Grande",-68.8784147673,-32.8686489844,8,"Aeroparque",2203364.73622,0,0.671381414764492,0
33461,"Morera","15/06/2011 10:21","Medio (4 - 8 mts)",86,"Grande",-68.8574742922,-32.8892964999,5,"Residencial Sur",2423808.92355,0,0.344340888703384,0
32025,"Morera","03/06/2011 09:11","Alto (> 8 mts)",95,"Grande",-68.857304559,-32.8880537325,5,"Residencial Sur",2423808.92355,0,0.0969136986518724,0
16793,"Conifera","10/08/2011 07:58","Bajo (2 - 4 mts)",30,"Mediano",-68.8381141244,-32.8630189185,4,"Cuarta Oeste",1173332.70145,0,0.768368169974171,0
413,"Fresno americano","06/03/2012 12:38","Medio (4 - 8 mts)",120,"Grande",-68.8185999883,-32.8672860017,4,"Cuarta Este Área Fundacional",1822015.85685,0,0.345328659247274,0
45070,"Fresno europeo","31/08/2011 12:12","Alto (> 8 mts)",168,"Grande",-68.8220605121,-32.8711959528,4,"Cuarta Este Área Fundacional",1822015.85685,0,0.255732119573163,0
15382,"Paraiso","15/11/2011 13:45","Bajo (2 - 4 mts)",33,"Mediano",-68.860390532,-32.8698954144,6,"Residencial Norte",2694682.37982,0,0.772229608579327,0
8933,"Morera","24/01/2011 10:24","Alto (> 8 mts)",180,"Grande",-68.8486775605,-32.8663557014,6,"Residencial Norte",2694682.37982,0,0.376985895561632,0
36258,"Morera","17/03/2011 12:23","Alto (> 8 mts)",146,"Grande",-68.8532342637,-32.8786027996,6,"Residencial Norte",2694682.37982,1,0.704514857144189,0
34559,"Paraiso","31/03/2011 09:00","Alto (> 8 mts)",170,"Grande",-68.8479115584,-32.875753762,6,"Residencial Norte",2694682.37982,0,0.540169511610097,0
7726,"Morera","19/05/2011 09:50","Medio (4 - 8 mts)",170,"Grande",-68.8508740335,-32.8873024674,5,"Residencial Sur",2423808.92355,0,0.0823572870943642,0
10995,"Caducifolio","23/03/2011 12:50","Medio (4 - 8 mts)",60,"Mediano",-68.8531837034,-32.8823635,1,"Parque Central",1655357.93265,0,0.200626419748553,0
20252,"Fresno europeo","26/05/2011 08:58","Bajo (2 - 4 mts)",42,"Mediano",-68.859067648,-32.8947076007,5,"Residencial Sur",2423808.92355,0,0.916713098842528,0
20826,"Morera","30/05/2011 10:41","Alto (> 8 mts)",120,"Grande",-68.8620160514,-32.8963281619,5,"Residencial Sur",2423808.92355,0,0.0393914218879211,0
5437,"Morera","18/04/2011 09:02","Medio (4 - 8 mts)",140,"Grande",-68.841773434,-32.8788723153,1,"Parque Central",1655357.93265,0,0.0809954931462014,0
22469,"Fresno europeo","23/06/2011 12:42","Alto (> 8 mts)",90,"Grande",-68.8617565124,-32.8992813704,5,"Residencial Sur",2423808.92355,0,0.690137787124725,0
21156,"Paraiso","06/05/2011 12:06","Alto (> 8 mts)",170,"Grande",-68.8530610467,-32.8930005987,5,"Residencial Sur",2423808.92355,0,0.0874000874171561,0
35192,"Fresno europeo","23/03/2011 12:44","Medio (4 - 8 mts)",85,"Grande",-68.8528722377,-32.8824112159,1,"Parque Central",1655357.93265,0,0.512992991963307,0
27390,"Pltano","21/10/2011 13:42","Alto (> 8 mts)",260,"Grande",-68.8354697644,-32.888014785,3,"Parque O'Higgins",1531146.02653,0,0.476500710492614,0
40578,"Morera","15/04/2011 12:05","Alto (> 8 mts)",180,"Grande",-68.8458086701,-32.8841286369,1,"Parque Central",1655357.93265,0,0.85292788787367,0
18856,"Acacia SP","08/08/2011 09:54","Alto (> 8 mts)",160,"Grande",-68.8395718404,-32.8700294898,4,"Cuarta Oeste",1173332.70145,0,0.327589326241674,0
12966,"Morera","12/01/2011 11:48","Alto (> 8 mts)",140,"Grande",-68.8444763711,-32.8634118003,4,"Cuarta Oeste",1173332.70145,0,0.953248631415677,0
47929,"Tilo","31/08/2011 11:43","Medio (4 - 8 mts)",42,"Mediano",-68.827536682,-32.870594438,4,"Cuarta Este Área Fundacional",1822015.85685,0,0.668844878598674,0
23092,"Paraiso","19/01/2011 14:36","Alto (> 8 mts)",124,"Grande",-68.8478088884,-32.9012192337,2,"Barrio Civico",2366816.36021,1,0.448545108955046,0
4132,"Acer","28/09/2011 10:13","Bajo (2 - 4 mts)",40,"Mediano",-68.8238434738,-32.8749138804,4,"Cuarta Este Área Fundacional",1822015.85685,0,0.434990660260398,0
46871,"Morera","09/09/2011 11:09","Alto (> 8 mts)",178,"Grande",-68.8333872068,-32.8708909994,4,"Cuarta Este Área Fundacional",1822015.85685,0,0.013434217205624,0
27491,"Morera","27/10/2011 10:07","Muy bajo (1 - 2 mts)",8,"Chico",-68.8372564693,-32.8926282642,3,"Parque O'Higgins",1531146.02653,0,0.223682028837778,0
15068,"Fresno europeo","17/11/2011 12:34","Bajo (2 - 4 mts)",28,"Mediano",-68.8582428362,-32.8696878464,6,"Residencial Norte",2694682.37982,0,0.65163713270346,0
6837,"Morera","08/06/2011 09:20","Medio (4 - 8 mts)",80,"Grande",-68.8552854544,-32.8952606504,5,"Residencial Sur",2423808.92355,0,0.809136989215739,0
21607,"Fresno europeo","11/05/2011 11:47","Medio (4 - 8 mts)",75,"Grande",-68.8552766369,-32.8949056994,5,"Residencial Sur",2423808.92355,0,0.349911303117991,0
27689,"Morera","28/10/2011 10:52","Alto (> 8 mts)",115,"Grande",-68.8375162189,-32.8948165495,2,"Barrio Civico",2366816.36021,1,0.174621627704328,0
43849,"Morera","07/10/2011 09:24","Medio (4 - 8 mts)",100,"Grande",-68.8298441247,-32.8842833152,3,"Parque O'Higgins",1531146.02653,0,0.10568682459798,0
16950,"Morera","16/08/2011 10:29","Alto (> 8 mts)",140,"Grande",-68.8370073866,-32.8656935322,4,"Cuarta Oeste",1173332.70145,0,0.116258531327772,0
30189,"Morera","09/03/2011 10:33","Alto (> 8 mts)",90,"Grande",-68.8430751329,-32.8897111267,2,"Barrio Civico",2366816.36021,1,0.857508100512184,0
17276,"Paraiso","05/08/2011 09:36","Medio (4 - 8 mts)",52,"Mediano",-68.8367126008,-32.8650544773,4,"Cuarta Oeste",1173332.70145,0,0.254230002620465,0
854,"Aguaribay","16/12/2011 11:31","Medio (4 - 8 mts)",100,"Grande",-68.8805300976,-32.86667283,8,"Aeroparque",2203364.73622,0,0.501032068401897,0
32607,"Pltano","22/06/2011 13:45","Alto (> 8 mts)",198,"Grande",-68.8514269774,-32.8896465578,5,"Residencial Sur",2423808.92355,0,0.0362091308060396,0
28461,"Morera","28/02/2011 08:49","Alto (> 8 mts)",200,"Grande",-68.8472404884,-32.8901487372,2,"Barrio Civico",2366816.36021,0,0.627967533830182,0
37046,"Pltano","05/04/2011 11:59","Alto (> 8 mts)",160,"Grande",-68.8568546354,-32.8759766162,6,"Residencial Norte",2694682.37982,0,0.0116728005972022,0
42095,"Paraiso","04/05/2011 10:25","Alto (> 8 mts)",90,"Grande",-68.8429448145,-32.8764624952,1,"Parque Central",1655357.93265,0,0.155484623149056,0
35933,"Morera","23/03/2011 09:29","Alto (> 8 mts)",130,"Grande",-68.8542254628,-32.876287022,6,"Residencial Norte",2694682.37982,0,0.83489222897441,0
19413,"Paraiso","04/07/2011 11:56","Bajo (2 - 4 mts)",40,"Mediano",-68.83598633,-32.8727093197,4,"Cuarta Oeste",1173332.70145,0,0.883552316582652,0
40517,"Pltano","12/04/2011 10:22","Alto (> 8 mts)",180,"Grande",-68.844112974,-32.8833064456,1,"Parque Central",1655357.93265,0,0.195160601229595,0
31197,"Morera","07/02/2011 09:02","Medio (4 - 8 mts)",90,"Grande",-68.8535753681,-32.8638400364,6,"Residencial Norte",2694682.37982,0,0.295781936908666,0
38507,"Olmo bola","02/11/2010 09:59","Alto (> 8 mts)",120,"Grande",-68.8501620534,-32.8689529249,6,"Residencial Norte",2694682.37982,0,0.0676364593204785,0
3997,"Fresno europeo","26/09/2011 08:59","Medio (4 - 8 mts)",45,"Mediano",-68.8297049412,-32.8766846737,4,"Cuarta Este Área Fundacional",1822015.85685,0,0.238481032984304,0
5388,"Morera","20/04/2011 12:17","Medio (4 - 8 mts)",70,"Grande",-68.8446311256,-32.8781464585,1,"Parque Central",1655357.93265,0,0.989845512876836,0
36516,"Morera","06/04/2011 10:38","Alto (> 8 mts)",77,"Grande",-68.8563597406,-32.8782947936,6,"Residencial Norte",2694682.37982,0,0.792374942506718,0
21711,"Fresno europeo","09/06/2011 11:21","Alto (> 8 mts)",140,"Grande",-68.8561369099,-32.8958065941,5,"Residencial Sur",2423808.92355,0,0.0706382162239272,0
47187,"Fresno americano","20/09/2011 10:54","Alto (> 8 mts)",220,"Grande",-68.8340085551,-32.8751255483,4,"Cuarta Este Área Fundacional",1822015.85685,0,0.710362045102194,0
12944,"Acer","14/01/2011 10:40","Alto (> 8 mts)",130,"Grande",-68.8445880595,-32.8638644693,4,"Cuarta Oeste",1173332.70145,0,0.538352535735618,0
32259,"Fresno europeo","29/06/2011 10:02","Muy bajo (1 - 2 mts)",6,"Chico",-68.8513117108,-32.8909834798,5,"Residencial Sur",2423808.92355,0,0.252795102328787,0
2726,"Acer","14/10/2011 11:31","Medio (4 - 8 mts)",68,"Grande",-68.8311649665,-32.8850992917,3,"Parque O'Higgins",1531146.02653,0,0.0406361416844603,0
21252,"Fresno europeo","14/06/2011 13:08","Bajo (2 - 4 mts)",52,"Mediano",-68.8536609145,-32.8971555223,5,"Residencial Sur",2423808.92355,0,0.451036233712995,0
41942,"Morera","19/04/2011 11:35","Medio (4 - 8 mts)",66,"Grande",-68.8381769816,-32.8785287712,1,"Parque Central",1655357.93265,0,0.619396789716287,0
11793,"Paraiso","02/03/2011 10:08","Alto (> 8 mts)",127,"Grande",-68.8511133614,-32.865049286,6,"Residencial Norte",2694682.37982,0,0.170450397637236,0
46487,"Fresno europeo","17/08/2011 13:23","Medio (4 - 8 mts)",88,"Grande",-68.8304081993,-32.8683263649,4,"Cuarta Este Área Fundacional",1822015.85685,0,0.663799738273519,0
22139,"Morera","13/05/2011 14:01","Alto (> 8 mts)",98,"Grande",-68.855576819,-32.8987683495,5,"Residencial Sur",2423808.92355,0,0.96697097001295,0
43846,"Morera","07/10/2011 09:29","Medio (4 - 8 mts)",100,"Grande",-68.829856554,-32.8844898196,3,"Parque O'Higgins",1531146.02653,1,0.869775924414304,0
12539,"Fresno europeo","10/01/2011 13:41","Medio (4 - 8 mts)",45,"Mediano",-68.8443865689,-32.8626202128,4,"Cuarta Oeste",1173332.70145,0,0.908301641630523,0
10044,"Morera","28/10/2010 13:11","Alto (> 8 mts)",160,"Grande",-68.8494388506,-32.8688173335,6,"Residencial Norte",2694682.37982,1,0.0606218610062362,0
11403,"Morera","26/01/2011 16:24","Bajo (2 - 4 mts)",68,"Grande",-68.8509191834,-32.9012335874,2,"Barrio Civico",2366816.36021,0,0.15450989331421,0
39776,"Fresno europeo","13/07/2011 12:56","Alto (> 8 mts)",120,"Grande",-68.8514937144,-32.8829124607,1,"Parque Central",1655357.93265,0,0.907155995060055,0
7188,"Fresno europeo","16/06/2011 10:22","Medio (4 - 8 mts)",65,"Grande",-68.8595591443,-32.8992526807,5,"Residencial Sur",2423808.92355,0,0.801115930587948,0
29845,"Morera","03/03/2011 19:52","Medio (4 - 8 mts)",68,"Grande",-68.8419967286,-32.8934839798,2,"Barrio Civico",2366816.36021,0,0.730653922011853,0
18601,"Morera","06/07/2011 12:14","Alto (> 8 mts)",86,"Grande",-68.8372438155,-32.8756787877,1,"Parque Central",1655357.93265,1,0.685693608814165,0
38551,"Morera","20/12/2010 10:33","Medio (4 - 8 mts)",90,"Grande",-68.852805835,-32.8717670963,6,"Residencial Norte",2694682.37982,0,0.345257796542581,0
33982,"Fresno europeo","26/05/2011 12:51","Bajo (2 - 4 mts)",70,"Grande",-68.8541771855,-32.883890889,5,"Residencial Sur",2423808.92355,0,0.260244549050659,0
43264,"Morera","21/10/2011 19:17","Alto (> 8 mts)",116,"Grande",-68.8351142815,-32.8808005693,1,"Parque Central",1655357.93265,0,0.776226920528039,0
6309,"Acacia SP","24/06/2011 10:59","Alto (> 8 mts)",92,"Grande",-68.8575981264,-32.8897585011,5,"Residencial Sur",2423808.92355,0,0.48902160726074,0
37583,"Caducifolio","17/11/2010 10:22","Bajo (2 - 4 mts)",80,"Grande",-68.8577883102,-32.8701517033,6,"Residencial Norte",2694682.37982,0,0.299359023472899,0
28863,"Morera","26/04/2011 11:34","Alto (> 8 mts)",160,"Grande",-68.8462412186,-32.8857632162,1,"Parque Central",1655357.93265,0,0.826859651264411,0
34425,"Fresno europeo","10/03/2011 09:01","Medio (4 - 8 mts)",96,"Grande",-68.8510132829,-32.8740791721,6,"Residencial Norte",2694682.37982,0,0.52550606488825,0
35366,"Caducifolio","21/06/2011 15:20","Bajo (2 - 4 mts)",26,"Mediano",-68.8543329769,-32.8827917268,5,"Residencial Sur",2423808.92355,0,0.10742889847053,0
4197,"Paraiso","07/07/2011 11:31","Alto (> 8 mts)",158,"Grande",-68.837598055,-32.873901735,4,"Cuarta Oeste",1173332.70145,0,0.52037248036199,0
28558,"Morera","21/02/2011 08:46","Alto (> 8 mts)",162,"Grande",-68.8497742204,-32.889738802,5,"Residencial Sur",2423808.92355,0,0.768202404166071,0
16221,"Morera","20/07/2011 11:02","Alto (> 8 mts)",180,"Grande",-68.8434023785,-32.8654264256,4,"Cuarta Oeste",1173332.70145,0,0.957333142260722,0
45232,"Morera","29/09/2011 14:17","Alto (> 8 mts)",130,"Grande",-68.8227111041,-32.8734067474,4,"Cuarta Este Área Fundacional",1822015.85685,1,0.454688188405832,0
16858,"Morera","05/08/2011 13:43","Muy bajo (1 - 2 mts)",4,"Chico",-68.8400045191,-32.8646997072,4,"Cuarta Oeste",1173332.70145,0,0.90504136001136,0
25610,"Morera","16/02/2011 19:10","Medio (4 - 8 mts)",118,"Grande",-68.8374686608,-32.9020336846,2,"Barrio Civico",2366816.36021,1,0.595335855978259,0
36605,"Pltano","15/06/2011 14:47","Alto (> 8 mts)",160,"Grande",-68.8571312862,-32.8827479764,7,"Residencial Parque",1786336.08966,0,0.663187583182764,0
23975,"Morera","14/01/2011 18:25","Alto (> 8 mts)",230,"Grande",-68.8449366809,-32.8998086588,2,"Barrio Civico",2366816.36021,0,0.591995642211957,0
31771,"Morera","27/06/2011 11:49","Alto (> 8 mts)",155,"Grande",-68.8584016324,-32.8904427497,5,"Residencial Sur",2423808.92355,0,0.457540397308371,0
17047,"Paraiso","16/08/2011 10:11","Alto (> 8 mts)",220,"Grande",-68.8378202892,-32.8643235614,4,"Cuarta Oeste",1173332.70145,0,0.790290648848075,0
44305,"Fresno europeo","12/10/2011 18:13","Alto (> 8 mts)",140,"Grande",-68.8364838523,-32.8810022753,1,"Parque Central",1655357.93265,0,0.627023034857052,0
39746,"Acer","02/05/2011 12:09","Alto (> 8 mts)",140,"Grande",-68.846015269,-32.8797226906,1,"Parque Central",1655357.93265,0,0.966334254837578,0
13735,"Morera","28/01/2011 09:07","Alto (> 8 mts)",200,"Grande",-68.849832368,-32.8631481497,6,"Residencial Norte",2694682.37982,1,0.179595614920869,0
33803,"Morera","13/05/2011 08:22","Alto (> 8 mts)",200,"Grande",-68.8562881512,-32.8863149934,5,"Residencial Sur",2423808.92355,0,0.33295884493363,0
19390,"Pltano","04/07/2011 10:38","Alto (> 8 mts)",260,"Grande",-68.8346266938,-32.872026885,4,"Cuarta Oeste",1173332.70145,0,0.536836262246491,0
32401,"Acacia SP","23/05/2011 14:00","Alto (> 8 mts)",160,"Grande",-68.8504576937,-32.8893214463,5,"Residencial Sur",2423808.92355,0,0.617861574466383,0
28160,"Tipa","22/02/2011 09:25","Alto (> 8 mts)",98,"Grande",-68.8479142699,-32.8921226396,2,"Barrio Civico",2366816.36021,0,0.121936643117929,0
8759,"Morera","17/02/2011 13:33","Medio (4 - 8 mts)",84,"Grande",-68.8397887052,-32.8963891979,2,"Barrio Civico",2366816.36021,1,0.266445093934371,0
11150,"Fresno europeo","26/01/2011 10:38","Medio (4 - 8 mts)",96,"Grande",-68.8450689509,-32.9016906805,2,"Barrio Civico",2366816.36021,0,0.637071643213696,0
9849,"Morera","07/01/2011 12:22","Medio (4 - 8 mts)",51,"Mediano",-68.8437930585,-32.8641393664,4,"Cuarta Oeste",1173332.70145,0,0.95137360716205,0
35533,"Pltano","16/06/2011 15:13","Medio (4 - 8 mts)",110,"Grande",-68.8564965702,-32.8818737493,7,"Residencial Parque",1786336.08966,0,0.993561696417801,0
32456,"Morera","24/05/2011 13:43","Alto (> 8 mts)",165,"Grande",-68.8512784594,-32.8885606758,5,"Residencial Sur",2423808.92355,0,0.932852515120657,0
26255,"Acacia SP","25/10/2011 11:04","Alto (> 8 mts)",110,"Grande",-68.8305072672,-32.8898762371,3,"Parque O'Higgins",1531146.02653,0,0.969521365918957,0
47126,"Fresno americano","20/09/2011 11:12","Medio (4 - 8 mts)",115,"Grande",-68.8332511442,-32.8738067509,4,"Cuarta Este Área Fundacional",1822015.85685,0,0.667482256067955,0
36622,"Pltano","15/06/2011 09:34","Alto (> 8 mts)",150,"Grande",-68.8584448066,-32.8824456897,7,"Residencial Parque",1786336.08966,0,0.35481172345885,0
4393,"Jacarand","22/07/2011 09:33","Bajo (2 - 4 mts)",25,"Mediano",-68.8405708218,-32.869732665,4,"Cuarta Oeste",1173332.70145,1,0.540402182951356,0
19216,"Morera","06/07/2011 09:17","Alto (> 8 mts)",110,"Grande",-68.8386755801,-32.8724553372,4,"Cuarta Oeste",1173332.70145,1,0.678299235004404,0
20716,"Acacia SP","31/05/2011 11:08","Alto (> 8 mts)",120,"Grande",-68.861968314,-32.8969926554,5,"Residencial Sur",2423808.92355,0,0.440827347939084,0
12960,"Prunas","11/01/2011 13:43","Bajo (2 - 4 mts)",50,"Mediano",-68.8439576132,-32.8634272261,4,"Cuarta Oeste",1173332.70145,0,0.709544498911632,0
12164,"Tilo","19/01/2011 11:31","Medio (4 - 8 mts)",48,"Mediano",-68.8470667023,-32.8676321007,6,"Residencial Norte",2694682.37982,0,0.648904008347595,0
21020,"lamo criollo","22/06/2011 11:15","Alto (> 8 mts)",300,"Grande",-68.8633640965,-32.9004902033,5,"Residencial Sur",2423808.92355,0,0.241445630327817,0
8417,"Fresno europeo","16/02/2011 19:19","Bajo (2 - 4 mts)",56,"Mediano",-68.8372516424,-32.9017513501,2,"Barrio Civico",2366816.36021,0,0.849206626108807,0
32642,"Morera","21/06/2011 09:47","Alto (> 8 mts)",135,"Grande",-68.8518490296,-32.89054423,5,"Residencial Sur",2423808.92355,0,0.451138331994134,0
21539,"Morera","08/06/2011 11:35","Alto (> 8 mts)",105,"Grande",-68.8537953154,-32.8949787562,5,"Residencial Sur",2423808.92355,1,0.115606845247368,0
38112,"Fresno europeo","03/12/2010 10:34","Alto (> 8 mts)",180,"Grande",-68.8468006583,-32.872849944,6,"Residencial Norte",2694682.37982,0,0.252389020083301,0
18548,"Morera","05/07/2011 12:15","Alto (> 8 mts)",198,"Grande",-68.8384075606,-32.8742459716,4,"Cuarta Oeste",1173332.70145,0,0.568689275531512,0
6144,"Olmo comun","15/04/2011 13:04","Medio (4 - 8 mts)",42,"Mediano",-68.8425408363,-32.8827060608,1,"Parque Central",1655357.93265,0,0.631128018090536,0
33566,"Pltano","30/05/2011 09:53","Alto (> 8 mts)",140,"Grande",-68.854105313,-32.8888832947,5,"Residencial Sur",2423808.92355,0,0.411021194149983,0
3560,"Morera","07/09/2011 08:37","Alto (> 8 mts)",155,"Grande",-68.8329393486,-32.8694227352,4,"Cuarta Oeste",1173332.70145,0,0.296681179513266,0
35295,"Pltano","23/06/2011 16:30","Alto (> 8 mts)",180,"Grande",-68.8526296184,-32.8832365201,1,"Parque Central",1655357.93265,0,0.591648694298079,0
11422,"Morera","28/01/2011 09:56","Alto (> 8 mts)",123,"Grande",-68.8511447144,-32.8997628577,2,"Barrio Civico",2366816.36021,0,0.119914915564889,0
25075,"Fresno europeo","14/02/2011 18:04","Medio (4 - 8 mts)",112,"Grande",-68.83647533,-32.8969300862,2,"Barrio Civico",2366816.36021,0,0.488932956429772,0
8444,"Morera","09/02/2011 17:30","Medio (4 - 8 mts)",52,"Mediano",-68.8363728297,-32.8985137161,2,"Barrio Civico",2366816.36021,0,0.340715847178584,0
32429,"Paraiso","26/05/2011 12:04","Alto (> 8 mts)",145,"Grande",-68.8526531258,-32.8888594195,5,"Residencial Sur",2423808.92355,0,0.40788203144592,0
15576,"Paraiso sombrilla","16/11/2011 16:46","Bajo (2 - 4 mts)",70,"Grande",-68.8612269592,-32.8708829974,7,"Residencial Parque",1786336.08966,0,0.734677231391757,0
16650,"Prunas","19/07/2011 12:15","Medio (4 - 8 mts)",20,"Chico",-68.8410206571,-32.863617641,4,"Cuarta Oeste",1173332.70145,0,0.842787129296633,0
12169,"Morera","19/01/2011 11:41","Alto (> 8 mts)",195,"Grande",-68.8474741247,-32.8677086029,6,"Residencial Norte",2694682.37982,0,0.734983010413444,0
7982,"Ligustro","21/02/2011 09:19","Medio (4 - 8 mts)",67,"Grande",-68.8414099371,-32.8883635354,3,"Parque O'Higgins",1531146.02653,0,0.805306967832282,0
44854,"Morera","19/08/2011 13:34","Alto (> 8 mts)",130,"Grande",-68.8244716797,-32.8665393134,4,"Cuarta Este Área Fundacional",1822015.85685,0,0.586324323908072,0
12804,"Morera","21/01/2011 08:25","Alto (> 8 mts)",160,"Grande",-68.8472009373,-32.864370987,4,"Cuarta Oeste",1173332.70145,0,0.344203138716868,0
30516,"Fresno americano","04/04/2011 16:12","Medio (4 - 8 mts)",46,"Mediano",-68.839243028,-32.887370924,3,"Parque O'Higgins",1531146.02653,0,0.88035215619315,0
39361,"Morera","01/12/2010 09:50","Alto (> 8 mts)",120,"Grande",-68.8564828495,-32.8719454681,6,"Residencial Norte",2694682.37982,0,0.0856282363051865,0
10525,"Pltano","17/03/2011 10:16","Alto (> 8 mts)",150,"Grande",-68.8585600447,-32.8755251665,7,"Residencial Parque",1786336.08966,0,0.213223181300594,0
19643,"Caducifolio","13/07/2011 10:16","Alto (> 8 mts)",142,"Grande",-68.8341605983,-32.8703105245,4,"Cuarta Oeste",1173332.70145,0,0.150756324278191,0
6168,"Acacia SP","26/04/2011 17:25","Medio (4 - 8 mts)",42,"Mediano",-68.8391163366,-32.8840906533,1,"Parque Central",1655357.93265,1,0.451226782238462,0
38132,"Paraiso","02/12/2010 12:18","Alto (> 8 mts)",220,"Grande",-68.8457738053,-32.872419566,6,"Residencial Norte",2694682.37982,0,0.925823575086869,0
4603,"Acer","29/07/2011 09:14","Bajo (2 - 4 mts)",10,"Chico",-68.8357545177,-32.8669936118,4,"Cuarta Oeste",1173332.70145,0,0.289519233114701,0
24040,"Morera","21/01/2011 13:10","Alto (> 8 mts)",123,"Grande",-68.8463911183,-32.9016378515,2,"Barrio Civico",2366816.36021,0,0.643693637819536,0
26297,"Fresno europeo","21/10/2011 09:14","Alto (> 8 mts)",220,"Grande",-68.8324441087,-32.8888228502,3,"Parque O'Higgins",1531146.02653,0,0.0678885045886336,0
1138,"Paraiso","30/11/2011 11:07","Medio (4 - 8 mts)",75,"Grande",-68.8760013142,-32.8674372609,8,"Aeroparque",2203364.73622,0,0.671798191480698,0
46184,"Morera","28/09/2011 09:53","Medio (4 - 8 mts)",150,"Grande",-68.824409068,-32.8752853789,4,"Cuarta Este Área Fundacional",1822015.85685,1,0.898151601020775,0
32011,"Morera","03/06/2011 10:52","Alto (> 8 mts)",146,"Grande",-68.8579532613,-32.887318059,5,"Residencial Sur",2423808.92355,0,0.970430660762642,0
47721,"Morera","15/09/2011 10:35","Medio (4 - 8 mts)",210,"Grande",-68.8279652794,-32.8720985992,4,"Cuarta Este Área Fundacional",1822015.85685,1,0.487547517324023,0
35267,"Ailanthus","24/06/2011 10:13","Medio (4 - 8 mts)",110,"Grande",-68.8520348686,-32.8827101392,1,"Parque Central",1655357.93265,0,0.537425981732956,0
12253,"Fresno europeo","17/01/2011 09:53","Bajo (2 - 4 mts)",34,"Mediano",-68.8459860842,-32.8680469144,6,"Residencial Norte",2694682.37982,0,0.956778675694558,0
47661,"Morera","08/09/2011 15:26","Bajo (2 - 4 mts)",50,"Mediano",-68.8288905851,-32.8710883517,4,"Cuarta Este Área Fundacional",1822015.85685,0,0.109920831271006,0
34229,"Fresno europeo","23/03/2011 10:19","Medio (4 - 8 mts)",140,"Grande",-68.8522371081,-32.8748344399,6,"Residencial Norte",2694682.37982,0,0.638682117592645,0
7415,"Paraiso","17/06/2011 18:02","Alto (> 8 mts)",92,"Grande",-68.8582849834,-32.9001884393,5,"Residencial Sur",2423808.92355,0,0.589134121197584,0
11336,"Tilo","20/01/2011 19:38","Medio (4 - 8 mts)",58,"Mediano",-68.8484695562,-32.9003685323,2,"Barrio Civico",2366816.36021,0,0.960997010075555,0
11483,"Ailanthus","06/01/2011 10:17","Alto (> 8 mts)",106,"Grande",-68.843258027,-32.8625465737,4,"Cuarta Oeste",1173332.70145,0,0.566884275661744,0
31747,"Pltano","28/06/2011 12:10","Alto (> 8 mts)",150,"Grande",-68.858259005,-32.8894725481,5,"Residencial Sur",2423808.92355,0,0.146911174305795,0
17180,"Morera","04/07/2011 10:51","Alto (> 8 mts)",90,"Grande",-68.8363237574,-32.8633906122,4,"Cuarta Oeste",1173332.70145,0,0.0181229095356741,0
24001,"Morera","13/01/2011 10:57","Alto (> 8 mts)",142,"Grande",-68.8462318339,-32.9004760086,2,"Barrio Civico",2366816.36021,0,0.763083560344081,0
38060,"Fresno europeo","06/12/2010 09:55","Alto (> 8 mts)",130,"Grande",-68.8480863648,-32.8720001324,6,"Residencial Norte",2694682.37982,0,0.859348344063419,0
30739,"Morera","04/02/2011 13:03","Alto (> 8 mts)",120,"Grande",-68.8556010783,-32.8690508434,6,"Residencial Norte",2694682.37982,0,0.748162497243756,0
19813,"Morera","04/08/2011 11:09","Alto (> 8 mts)",180,"Grande",-68.8344809665,-32.8637261431,4,"Cuarta Oeste",1173332.70145,0,0.938954891601878,0
17215,"Morera","12/08/2011 10:08","Alto (> 8 mts)",220,"Grande",-68.8357922435,-32.8636698921,4,"Cuarta Oeste",1173332.70145,0,0.174652058014218,0
7333,"Fresno americano","21/06/2011 11:26","Medio (4 - 8 mts)",40,"Mediano",-68.8598951165,-32.9008021391,5,"Residencial Sur",2423808.92355,0,0.408068642511853,0
45724,"Morera","24/08/2011 11:49","Medio (4 - 8 mts)",200,"Grande",-68.8216673014,-32.8690618046,4,"Cuarta Este Área Fundacional",1822015.85685,1,0.126300164678686,0
47263,"Acacia SP","20/09/2011 11:48","Medio (4 - 8 mts)",65,"Grande",-68.8319825976,-32.8730229794,4,"Cuarta Este Área Fundacional",1822015.85685,0,0.282430165655865,0
9890,"Paraiso sombrilla","11/02/2011 09:32","Medio (4 - 8 mts)",95,"Grande",-68.8578632034,-32.8653271332,6,"Residencial Norte",2694682.37982,0,0.996928722440165,0
22494,"Morera","27/06/2011 14:47","Alto (> 8 mts)",140,"Grande",-68.8596639365,-32.9001893796,5,"Residencial Sur",2423808.92355,0,0.177335651858067,0
29891,"Acacia SP","11/03/2011 10:17","Alto (> 8 mts)",133,"Grande",-68.8411495246,-32.8918613954,2,"Barrio Civico",2366816.36021,0,0.46534034766243,0
25266,"Morera","08/02/2011 10:21","Alto (> 8 mts)",128,"Grande",-68.838733722,-32.8993518935,2,"Barrio Civico",2366816.36021,0,0.320103143942868,0
31284,"Morera","03/02/2011 11:39","Medio (4 - 8 mts)",80,"Grande",-68.8529126508,-32.8645507111,6,"Residencial Norte",2694682.37982,0,0.740591219817816,0
41331,"Pltano","19/04/2011 11:33","Alto (> 8 mts)",160,"Grande",-68.8403744681,-32.8835504827,1,"Parque Central",1655357.93265,0,0.364759871051647,0
6856,"Fresno europeo","07/06/2011 09:15","Medio (4 - 8 mts)",45,"Mediano",-68.8589635053,-32.8957235106,5,"Residencial Sur",2423808.92355,0,0.449361218498201,0
36634,"Morera","14/06/2011 19:00","Medio (4 - 8 mts)",100,"Grande",-68.8579818662,-32.8815981154,7,"Residencial Parque",1786336.08966,0,0.309970189043541,0
16080,"Morera","21/07/2011 10:34","Alto (> 8 mts)",155,"Grande",-68.8446054599,-32.8725259438,6,"Residencial Norte",2694682.37982,0,0.939096760665723,0
11073,"Fresno europeo","22/03/2011 09:45","Medio (4 - 8 mts)",90,"Grande",-68.8551114682,-32.880226605,6,"Residencial Norte",2694682.37982,0,0.853036419093802,0
26966,"Fresno europeo","03/11/2011 18:06","Muy bajo (1 - 2 mts)",4,"Chico",-68.8351725415,-32.8860395542,3,"Parque O'Higgins",1531146.02653,0,0.393720314177716,0
36485,"Morera","18/03/2011 09:56","Alto (> 8 mts)",165,"Grande",-68.8540173286,-32.8797105444,6,"Residencial Norte",2694682.37982,0,0.81156583452182,0
22364,"Fresno europeo","16/06/2011 09:57","Medio (4 - 8 mts)",110,"Grande",-68.8595160841,-32.8988544404,5,"Residencial Sur",2423808.92355,0,0.124750496751316,0
16962,"Olmo comun","16/08/2011 09:01","Medio (4 - 8 mts)",110,"Grande",-68.8377527445,-32.866144455,4,"Cuarta Oeste",1173332.70145,0,0.169891601339849,0
43649,"Fresno europeo","14/10/2011 17:16","Bajo (2 - 4 mts)",84,"Grande",-68.8340206542,-32.8811902617,3,"Parque O'Higgins",1531146.02653,0,0.704549172762503,0
40284,"Fresno europeo","11/04/2011 09:21","Medio (4 - 8 mts)",140,"Grande",-68.845035254,-32.8811974506,1,"Parque Central",1655357.93265,0,0.807120300047304,0
19361,"Morera","19/07/2011 10:47","Alto (> 8 mts)",165,"Grande",-68.836735487,-32.8705964069,4,"Cuarta Oeste",1173332.70145,0,0.0355554408684418,0
2403,"Fresno europeo","20/10/2011 11:36","Bajo (2 - 4 mts)",30,"Mediano",-68.8331774119,-32.8886911998,3,"Parque O'Higgins",1531146.02653,0,0.771357337032577,0
42674,"Morera","23/09/2011 12:10","Muy bajo (1 - 2 mts)",6,"Chico",-68.8307346781,-32.8767850557,4,"Cuarta Este Área Fundacional",1822015.85685,0,0.771459375815023,0
2906,"Paraiso","19/09/2011 11:30","Bajo (2 - 4 mts)",68,"Grande",-68.8220816627,-32.8731788443,4,"Cuarta Este Área Fundacional",1822015.85685,0,0.794359858892436,0
13348,"Fresno europeo","12/01/2011 10:15","Medio (4 - 8 mts)",55,"Mediano",-68.8462463337,-32.8663248567,4,"Cuarta Oeste",1173332.70145,0,0.221371097151947,0
135,"Morera","29/02/2012 10:09","Bajo (2 - 4 mts)",36,"Mediano",-68.8578008863,-32.8640816488,6,"Residencial Norte",2694682.37982,0,0.22289157042288,0
33578,"Pltano","31/05/2011 14:02","Alto (> 8 mts)",168,"Grande",-68.8554049208,-32.8887866098,5,"Residencial Sur",2423808.92355,0,0.500385737970636,0
33823,"Fresno americano","16/05/2011 14:03","Medio (4 - 8 mts)",80,"Grande",-68.8548999362,-32.8855841162,5,"Residencial Sur",2423808.92355,0,0.892958644663123,0
295,"Fresno europeo","05/03/2012 13:33","Bajo (2 - 4 mts)",120,"Grande",-68.8226190791,-32.8676765909,4,"Cuarta Este Área Fundacional",1822015.85685,1,0.331000618483868,0
9755,"Morera","19/01/2011 09:02","Bajo (2 - 4 mts)",40,"Mediano",-68.8456359228,-32.8642483541,4,"Cuarta Oeste",1173332.70145,0,0.235267312344847,0
16800,"Paraiso","04/08/2011 12:25","Alto (> 8 mts)",300,"Grande",-68.8381823565,-32.8639846565,4,"Cuarta Oeste",1173332.70145,0,0.137627286154013,0
36413,"Pltano","21/03/2011 09:35","Alto (> 8 mts)",240,"Grande",-68.8530086959,-32.8789192996,6,"Residencial Norte",2694682.37982,0,0.196840994654549,0
10843,"Morera","17/03/2011 12:21","Alto (> 8 mts)",53,"Mediano",-68.8532139971,-32.8785215765,6,"Residencial Norte",2694682.37982,0,0.325822924554277,0
39040,"Fresno europeo","23/12/2010 14:09","Alto (> 8 mts)",80,"Grande",-68.8540800678,-32.8710934004,6,"Residencial Norte",2694682.37982,0,0.256252228553777,0
33557,"Pltano","30/05/2011 10:05","Alto (> 8 mts)",185,"Grande",-68.8539013431,-32.8881378082,5,"Residencial Sur",2423808.92355,0,0.598013397973428,0
29728,"Pltano","15/03/2011 10:11","Alto (> 8 mts)",142,"Grande",-68.8402667455,-32.8935239811,2,"Barrio Civico",2366816.36021,0,0.129155695123428,0
11330,"Fresno americano","21/01/2011 14:08","Medio (4 - 8 mts)",76,"Grande",-68.8478610206,-32.9001342745,2,"Barrio Civico",2366816.36021,0,0.71313596959137,0
494,"Morera","07/03/2012 09:45","Alto (> 8 mts)",138,"Grande",-68.8222054302,-32.8678896719,4,"Cuarta Este Área Fundacional",1822015.85685,0,0.633539988495615,0
18027,"Morera","29/07/2011 13:25","Alto (> 8 mts)",178,"Grande",-68.8405068476,-32.8671797978,4,"Cuarta Oeste",1173332.70145,0,0.32913690798387,0
41772,"Morera","27/04/2011 11:09","Alto (> 8 mts)",160,"Grande",-68.8418637945,-32.8778280922,1,"Parque Central",1655357.93265,0,0.546760339944324,0
12758,"Paraiso sombrilla","24/01/2011 13:42","Alto (> 8 mts)",120,"Grande",-68.8481250769,-32.8639062875,6,"Residencial Norte",2694682.37982,0,0.120476688931605,0
7267,"Morera","14/06/2011 12:26","Alto (> 8 mts)",92,"Grande",-68.8592274816,-32.9023164351,5,"Residencial Sur",2423808.92355,0,0.737030955821316,0
25197,"Morera","11/02/2011 14:12","Alto (> 8 mts)",104,"Grande",-68.8368947299,-32.8987318856,2,"Barrio Civico",2366816.36021,0,0.62974463292634,0
12064,"Morera","04/02/2010 13:35","Medio (4 - 8 mts)",161,"Grande",-68.8535298342,-32.8672733346,6,"Residencial Norte",2694682.37982,0,0.719472727468281,0
6598,"Pltano","10/05/2011 09:39","Alto (> 8 mts)",190,"Grande",-68.854823149,-32.8929106338,5,"Residencial Sur",2423808.92355,0,0.874507612496859,0
39287,"Morera","30/12/2010 08:54","Alto (> 8 mts)",75,"Grande",-68.8554075566,-32.8720259413,6,"Residencial Norte",2694682.37982,0,0.10196298345815,0
47762,"Morera","15/09/2011 14:14","Alto (> 8 mts)",180,"Grande",-68.8263405525,-32.8721760603,4,"Cuarta Este Área Fundacional",1822015.85685,1,0.585809132615044,0
24737,"Morera","17/02/2011 09:31","Medio (4 - 8 mts)",40,"Mediano",-68.8394206541,-32.8983514506,2,"Barrio Civico",2366816.36021,0,0.447985440518648,0
8474,"Morera","14/02/2011 16:00","Alto (> 8 mts)",68,"Grande",-68.8350894062,-32.8975665231,2,"Barrio Civico",2366816.36021,0,0.39361847336626,0
308,"Fresno europeo","05/03/2012 13:06","Alto (> 8 mts)",130,"Grande",-68.8222502473,-32.8671150395,4,"Cuarta Este Área Fundacional",1822015.85685,1,0.611034566671777,0
44075,"Morera","14/10/2011 11:25","Medio (4 - 8 mts)",140,"Grande",-68.8311843966,-32.885375728,3,"Parque O'Higgins",1531146.02653,0,0.930941573290273,0
4343,"Fresno americano","27/07/2011 09:30","Medio (4 - 8 mts)",73,"Grande",-68.8406393567,-32.8700049622,4,"Cuarta Oeste",1173332.70145,0,0.796574361817264,0
21234,"Fresno europeo","10/05/2011 12:41","Bajo (2 - 4 mts)",22,"Mediano",-68.8531829299,-32.8938350263,5,"Residencial Sur",2423808.92355,0,0.465289342368087,0
42804,"Fresno europeo","07/10/2011 17:35","Alto (> 8 mts)",115,"Grande",-68.8315994917,-32.8776785385,4,"Cuarta Este Área Fundacional",1822015.85685,0,0.593299219217081,0
9293,"Fresno europeo","23/02/2011 10:26","Bajo (2 - 4 mts)",10,"Chico",-68.8483253631,-32.8647819062,6,"Residencial Norte",2694682.37982,0,0.0612959361406621,0
45781,"Morera","23/08/2011 11:59","Alto (> 8 mts)",100,"Grande",-68.8216389889,-32.8698612963,4,"Cuarta Este Área Fundacional",1822015.85685,0,0.397837303995013,0
3813,"Morera","05/09/2011 08:44","Alto (> 8 mts)",170,"Grande",-68.8306789724,-32.8698545148,4,"Cuarta Este Área Fundacional",1822015.85685,0,0.305290238366185,0
39601,"Morera","25/10/2010 10:27","Alto (> 8 mts)",130,"Grande",-68.8478571919,-32.8687163408,6,"Residencial Norte",2694682.37982,0,0.536368982938805,0
35255,"Fresno americano","24/06/2011 13:16","Medio (4 - 8 mts)",110,"Grande",-68.8516924352,-32.8834538924,1,"Parque Central",1655357.93265,0,0.794254649586954,0
23634,"Fresno europeo","20/01/2011 19:08","Alto (> 8 mts)",130,"Grande",-68.8481216563,-32.9008000414,2,"Barrio Civico",2366816.36021,0,0.584514787278634,0
40632,"Fresno europeo","12/04/2011 10:55","Medio (4 - 8 mts)",47,"Mediano",-68.8451207249,-32.8839731467,1,"Parque Central",1655357.93265,0,0.107522842010052,0
6048,"Pltano","20/04/2011 11:38","Alto (> 8 mts)",180,"Grande",-68.8450695423,-32.8863649049,1,"Parque Central",1655357.93265,0,0.818442078237689,0
16439,"Paraiso","12/08/2011 10:01","Alto (> 8 mts)",52,"Mediano",-68.8418229965,-32.8635534988,4,"Cuarta Oeste",1173332.70145,0,0.198848113950755,0
1175,"Paraiso","29/11/2011 10:12","Medio (4 - 8 mts)",62,"Grande",-68.8761373532,-32.8649226986,8,"Aeroparque",2203364.73622,0,0.364849946776117,0
40001,"Morera","20/04/2011 12:46","Medio (4 - 8 mts)",50,"Mediano",-68.8441617833,-32.8778876027,1,"Parque Central",1655357.93265,0,0.903985303569966,0
14411,"Morera","02/12/2011 09:59","Medio (4 - 8 mts)",85,"Grande",-68.8787334347,-32.8676223981,8,"Aeroparque",2203364.73622,0,0.85990008572073,0
43566,"Pltano","11/10/2011 12:42","Alto (> 8 mts)",160,"Grande",-68.830129424,-32.8837403433,3,"Parque O'Higgins",1531146.02653,0,0.87565796958213,0
46729,"Fresno europeo","08/09/2011 10:23","Medio (4 - 8 mts)",70,"Grande",-68.8327493744,-32.8700614913,4,"Cuarta Este Área Fundacional",1822015.85685,0,0.706773670049545,0
20840,"Fresno europeo","27/05/2011 09:49","Medio (4 - 8 mts)",70,"Grande",-68.8598100618,-32.8948206958,5,"Residencial Sur",2423808.92355,0,0.215238912965459,0
36365,"Ailanthus","17/03/2011 12:41","Muy bajo (1 - 2 mts)",4,"Chico",-68.8521976301,-32.8779546139,6,"Residencial Norte",2694682.37982,0,0.887788980436683,0
40062,"Morera","20/04/2011 10:29","Medio (4 - 8 mts)",140,"Grande",-68.8444541236,-32.8790026397,1,"Parque Central",1655357.93265,0,0.676707029269649,0
9536,"Morera","07/02/2011 08:39","Medio (4 - 8 mts)",70,"Grande",-68.8535417086,-32.8641644955,6,"Residencial Norte",2694682.37982,0,0.565246460306628,0
13327,"Fresno europeo","22/02/2011 13:35","Alto (> 8 mts)",146,"Grande",-68.8478869471,-32.8661777372,6,"Residencial Norte",2694682.37982,0,0.151549277550514,0
17409,"Morera","03/08/2011 12:53","Alto (> 8 mts)",135,"Grande",-68.835871891,-32.8670646075,4,"Cuarta Oeste",1173332.70145,0,0.850168596637952,0
11904,"Jacarand","03/03/2011 09:15","Medio (4 - 8 mts)",26,"Mediano",-68.8505462506,-32.8663330881,6,"Residencial Norte",2694682.37982,0,0.0695466515785311,0
2654,"Morera","07/10/2011 08:40","Bajo (2 - 4 mts)",30,"Mediano",-68.8311393948,-32.8847327599,3,"Parque O'Higgins",1531146.02653,0,0.856417562667912,0
17970,"Morera","01/08/2011 09:34","Medio (4 - 8 mts)",110,"Grande",-68.8399116776,-32.8672619935,4,"Cuarta Oeste",1173332.70145,0,0.0958930629829424,0
31238,"Jacarand","04/02/2011 11:54","Bajo (2 - 4 mts)",24,"Mediano",-68.8540499209,-32.8641633185,6,"Residencial Norte",2694682.37982,0,0.338901399614095,0
29575,"Morera","04/03/2011 10:10","Alto (> 8 mts)",64,"Grande",-68.8447865522,-32.8918473984,2,"Barrio Civico",2366816.36021,0,0.99662787476306,0
1601,"Paraiso sombrilla","24/11/2011 10:24","Bajo (2 - 4 mts)",66,"Grande",-68.8717653972,-32.8796329198,7,"Residencial Parque",1786336.08966,0,0.420799706171386,0
18186,"Morera","26/07/2011 08:51","Alto (> 8 mts)",135,"Grande",-68.8403265218,-32.8698444395,4,"Cuarta Oeste",1173332.70145,0,0.121435860397144,0
10917,"Fresno europeo","18/03/2011 13:04","Medio (4 - 8 mts)",86,"Grande",-68.8533074909,-32.8794190559,6,"Residencial Norte",2694682.37982,0,0.0395655464362902,0
22662,"Morera","21/06/2011 10:59","Alto (> 8 mts)",160,"Grande",-68.8607641631,-32.9004936669,5,"Residencial Sur",2423808.92355,0,0.236123595114048,0
3705,"Perenne","26/08/2011 10:14","Medio (4 - 8 mts)",200,"Grande",-68.8241611741,-32.8695477944,4,"Cuarta Este Área Fundacional",1822015.85685,0,0.625200410749318,0
8167,"Morera","04/03/2011 09:34","Alto (> 8 mts)",60,"Mediano",-68.8441877813,-32.8919580524,2,"Barrio Civico",2366816.36021,0,0.737544387748536,0
32670,"Acacia visco","24/06/2011 10:40","Alto (> 8 mts)",135,"Grande",-68.850966657,-32.8900644167,5,"Residencial Sur",2423808.92355,0,0.551354983419089,0
33726,"Morera","11/05/2011 10:17","Alto (> 8 mts)",180,"Grande",-68.8583928668,-32.8870234851,5,"Residencial Sur",2423808.92355,0,0.0800937817236494,0
25788,"Morera","02/02/2011 10:59","Alto (> 8 mts)",150,"Grande",-68.8394042351,-32.9030257864,2,"Barrio Civico",2366816.36021,1,0.270090872699855,0
28112,"Morera","14/03/2011 16:52","Medio (4 - 8 mts)",28,"Mediano",-68.8470928215,-32.8925344601,2,"Barrio Civico",2366816.36021,0,0.686837679177715,0
37213,"Morera","14/03/2011 11:13","Bajo (2 - 4 mts)",30,"Mediano",-68.8585035238,-32.8727293767,6,"Residencial Norte",2694682.37982,0,0.839459808267687,0
34132,"Morera","10/03/2011 09:54","Alto (> 8 mts)",190,"Grande",-68.8561786271,-32.8732637744,6,"Residencial Norte",2694682.37982,0,0.850167083367011,0
14781,"Paraiso sombrilla","06/12/2011 13:02","Muy bajo (1 - 2 mts)",18,"Chico",-68.8791133407,-32.8685878709,8,"Aeroparque",2203364.73622,0,0.972966593330409,0
38052,"Morera","07/12/2010 11:20","Alto (> 8 mts)",180,"Grande",-68.8469841449,-32.8710957422,6,"Residencial Norte",2694682.37982,1,0.216276190262303,0
12088,"Morera","05/05/2010 11:47","Medio (4 - 8 mts)",134,"Grande",-68.8525460365,-32.868706513,6,"Residencial Norte",2694682.37982,1,0.657716026211155,0
35543,"Morera","16/06/2011 14:34","Medio (4 - 8 mts)",140,"Grande",-68.8569454135,-32.8826373066,7,"Residencial Parque",1786336.08966,0,0.478056717254094,0
14406,"Prunas","02/12/2011 10:04","Bajo (2 - 4 mts)",40,"Mediano",-68.8786691922,-32.867360515,8,"Aeroparque",2203364.73622,0,0.0417171666589805,0
18121,"Morera","28/07/2011 09:34","Medio (4 - 8 mts)",117,"Grande",-68.8415775756,-32.8697594656,4,"Cuarta Oeste",1173332.70145,1,0.927636008950806,0
34181,"Morera","03/03/2011 12:42","Alto (> 8 mts)",106,"Grande",-68.8534561504,-32.8738981123,6,"Residencial Norte",2694682.37982,0,0.868862941895389,0
19399,"Morera","05/07/2011 09:48","Alto (> 8 mts)",162,"Grande",-68.8354872369,-32.8735510708,4,"Cuarta Oeste",1173332.70145,0,0.425979153622308,0
9258,"Paraiso","21/02/2011 12:20","Alto (> 8 mts)",220,"Grande",-68.8475536095,-32.86570224,6,"Residencial Norte",2694682.37982,0,0.322654143263135,0
7346,"Fresno europeo","23/06/2011 10:31","Medio (4 - 8 mts)",20,"Chico",-68.8624561454,-32.9007693252,5,"Residencial Sur",2423808.92355,0,0.488380541279802,0
37256,"Olmo bola","11/03/2011 11:05","Alto (> 8 mts)",70,"Grande",-68.8570394803,-32.8735006444,6,"Residencial Norte",2694682.37982,0,0.236751012301533,0
32281,"Fresno europeo","28/06/2011 10:24","Alto (> 8 mts)",160,"Grande",-68.8505075159,-32.8910998852,5,"Residencial Sur",2423808.92355,0,0.207273479054347,0
2062,"Fresno europeo","11/10/2011 16:34","Bajo (2 - 4 mts)",40,"Mediano",-68.8285775793,-32.8814763038,3,"Parque O'Higgins",1531146.02653,0,0.362641569586537,0
11126,"Morera","27/01/2011 10:13","Alto (> 8 mts)",130,"Grande",-68.8434059267,-32.9020199699,2,"Barrio Civico",2366816.36021,0,0.575453123847029,0
7254,"Paraiso","11/05/2011 09:45","Medio (4 - 8 mts)",42,"Mediano",-68.8533691904,-32.9021325714,2,"Barrio Civico",2366816.36021,0,0.3939894453194,0
40567,"Pltano","15/04/2011 12:25","Alto (> 8 mts)",170,"Grande",-68.8460396805,-32.8848092646,1,"Parque Central",1655357.93265,1,0.362850385272548,0
34662,"Morera","01/04/2011 13:13","Alto (> 8 mts)",157,"Grande",-68.8506953978,-32.876434919,6,"Residencial Norte",2694682.37982,0,0.788455396821652,0
45285,"Fresno europeo","16/09/2011 09:47","Alto (> 8 mts)",135,"Grande",-68.8245270965,-32.8714940204,4,"Cuarta Este Área Fundacional",1822015.85685,0,0.0763441148954266,0
8765,"Ailanthus","16/02/2011 13:02","Medio (4 - 8 mts)",22,"Mediano",-68.8379178981,-32.8956097452,2,"Barrio Civico",2366816.36021,0,0.393509683339378,0
44744,"Morera","23/08/2011 13:07","Alto (> 8 mts)",160,"Grande",-68.8235646498,-32.8686565685,4,"Cuarta Este Área Fundacional",1822015.85685,0,0.364319092281601,0
16341,"Morera","12/08/2011 14:35","Alto (> 8 mts)",186,"Grande",-68.8420961463,-32.8641806122,4,"Cuarta Oeste",1173332.70145,0,0.132309724762012,0
32742,"Morera","17/05/2011 12:33","Alto (> 8 mts)",180,"Grande",-68.8526492225,-32.8869903788,5,"Residencial Sur",2423808.92355,0,0.613405774479586,0
48112,"Morera","29/09/2011 09:14","Alto (> 8 mts)",168,"Grande",-68.8255124668,-32.8670234465,4,"Cuarta Este Área Fundacional",1822015.85685,0,0.0219133859013012,0
5775,"Morera","06/05/2011 10:32","Bajo (2 - 4 mts)",60,"Mediano",-68.839627575,-32.8788183887,1,"Parque Central",1655357.93265,0,0.473480509184554,0
39206,"Fresno europeo","26/11/2010 11:47","Medio (4 - 8 mts)",100,"Grande",-68.8546938241,-32.8722670389,6,"Residencial Norte",2694682.37982,0,0.486880502461172,0
1370,"Paraiso","29/11/2011 18:10","Medio (4 - 8 mts)",140,"Grande",-68.8780490608,-32.8645882974,8,"Aeroparque",2203364.73622,0,0.765586449999322,0
9239,"Acer","28/02/2011 13:31","Alto (> 8 mts)",150,"Grande",-68.8487534072,-32.8657477062,6,"Residencial Norte",2694682.37982,0,0.948812921162192,0
42475,"Morera","30/09/2011 14:55","Alto (> 8 mts)",160,"Grande",-68.8314112472,-32.8764756733,4,"Cuarta Este Área Fundacional",1822015.85685,0,0.80217635269203,0
17529,"Fresno europeo","28/07/2011 09:24","Medio (4 - 8 mts)",52,"Mediano",-68.8387863053,-32.8671422829,4,"Cuarta Oeste",1173332.70145,0,0.288677329662117,0
5011,"Morera","21/07/2011 09:10","Medio (4 - 8 mts)",87,"Grande",-68.8409341889,-32.8630864632,4,"Cuarta Oeste",1173332.70145,0,0.910302144249713,0
2752,"Fresno europeo","12/10/2011 18:04","Bajo (2 - 4 mts)",20,"Chico",-68.8361880356,-32.8810227146,1,"Parque Central",1655357.93265,0,0.580636086474398,0
47185,"Fresno americano","20/09/2011 10:57","Medio (4 - 8 mts)",145,"Grande",-68.8337278142,-32.8751432093,4,"Cuarta Este Área Fundacional",1822015.85685,0,0.651506840588286,0
25396,"Morera","14/02/2011 13:23","Alto (> 8 mts)",150,"Grande",-68.8375724168,-32.9008213172,2,"Barrio Civico",2366816.36021,0,0.102743849482992,0
38935,"Morera","03/01/2011 10:09","Medio (4 - 8 mts)",80,"Grande",-68.8563208008,-32.8706299434,6,"Residencial Norte",2694682.37982,0,0.713449078019308,0
7371,"Paraiso","23/06/2011 12:03","Alto (> 8 mts)",105,"Grande",-68.8613198692,-32.9005711184,5,"Residencial Sur",2423808.92355,1,0.589924823372966,0
45280,"Fresno europeo","16/09/2011 10:00","Alto (> 8 mts)",175,"Grande",-68.8244270998,-32.8712693584,4,"Cuarta Este Área Fundacional",1822015.85685,0,0.898214541971858,0
6781,"Perenne","24/05/2011 09:23","Medio (4 - 8 mts)",310,"Grande",-68.8565161375,-32.8943163155,5,"Residencial Sur",2423808.92355,0,0.344469415717582,0
13052,"Olmo comun","16/02/2011 12:06","Alto (> 8 mts)",140,"Grande",-68.8450440761,-32.8643940325,4,"Cuarta Oeste",1173332.70145,0,0.515694548679524,0
37960,"Acer","26/08/2010 08:55","Alto (> 8 mts)",178,"Grande",-68.847590199,-32.8741559302,6,"Residencial Norte",2694682.37982,0,0.539289423486369,0
31564,"Morera","18/05/2011 09:06","Alto (> 8 mts)",82,"Grande",-68.8590155089,-32.8913226828,5,"Residencial Sur",2423808.92355,0,0.568957446864693,0
33339,"Paraiso","23/05/2011 08:52","Alto (> 8 mts)",170,"Grande",-68.8575774381,-32.8912360238,5,"Residencial Sur",2423808.92355,0,0.745542898437999,0
422,"Morera","06/03/2012 12:19","Medio (4 - 8 mts)",150,"Grande",-68.8176405358,-32.8674092606,4,"Cuarta Este Área Fundacional",1822015.85685,0,0.712518826030656,0
34351,"Morera","28/03/2011 12:44","Medio (4 - 8 mts)",130,"Grande",-68.852184832,-32.8751709805,6,"Residencial Norte",2694682.37982,0,0.789813398283426,0
21901,"Fresno europeo","03/06/2011 09:42","Alto (> 8 mts)",104,"Grande",-68.8577770785,-32.896872452,5,"Residencial Sur",2423808.92355,0,0.46658305329003,0
22372,"Morera","16/06/2011 11:36","Alto (> 8 mts)",145,"Grande",-68.8593942559,-32.8981672991,5,"Residencial Sur",2423808.92355,0,0.563821517992452,0
37043,"Pltano","05/04/2011 11:48","Medio (4 - 8 mts)",120,"Grande",-68.8570664208,-32.8759386852,6,"Residencial Norte",2694682.37982,0,0.482824444346568,0
9230,"Morera","28/02/2011 11:24","Bajo (2 - 4 mts)",36,"Mediano",-68.8493473327,-32.8652868136,6,"Residencial Norte",2694682.37982,0,0.200393214009052,0
4505,"Morera","02/08/2011 07:44","Alto (> 8 mts)",94,"Grande",-68.839768538,-32.868587901,4,"Cuarta Oeste",1173332.70145,1,0.936036342873732,0
11588,"Fresno europeo","10/05/2010 12:27","Muy bajo (1 - 2 mts)",0.1,"Chico",-68.8523557211,-32.866579477,6,"Residencial Norte",2694682.37982,0,0.310977804221347,0
45706,"Morera","26/08/2011 10:28","Alto (> 8 mts)",140,"Grande",-68.8217431077,-32.8696235779,4,"Cuarta Este Área Fundacional",1822015.85685,1,0.544105784664805,0
46290,"Perenne","27/09/2011 09:57","Muy bajo (1 - 2 mts)",5,"Chico",-68.8227412735,-32.8738580472,4,"Cuarta Este Área Fundacional",1822015.85685,0,0.716420938993743,0
33260,"Morera","29/06/2011 12:14","Alto (> 8 mts)",145,"Grande",-68.8561615714,-32.8903071937,5,"Residencial Sur",2423808.92355,0,0.685867727821409,0
24787,"Fresno europeo","15/02/2011 09:12","Alto (> 8 mts)",208,"Grande",-68.8396857588,-32.8957805304,2,"Barrio Civico",2366816.36021,1,0.234444828273362,0
33429,"Morera","02/06/2011 14:08","Alto (> 8 mts)",140,"Grande",-68.8562416541,-32.8886312211,5,"Residencial Sur",2423808.92355,0,0.536229506476726,0
12021,"Paraiso","28/04/2010 11:48","Medio (4 - 8 mts)",52,"Mediano",-68.8527966922,-32.8666063667,6,"Residencial Norte",2694682.37982,0,0.731437515773615,0
22848,"Fresno europeo","10/05/2011 11:11","Alto (> 8 mts)",108,"Grande",-68.8570296812,-32.900699907,5,"Residencial Sur",2423808.92355,0,0.277544610929334,0
20547,"Morera","03/06/2011 13:38","Alto (> 8 mts)",82,"Grande",-68.8587058417,-32.8969757765,5,"Residencial Sur",2423808.92355,0,0.553400539757724,0
19132,"Morera","20/07/2011 10:53","Alto (> 8 mts)",122,"Grande",-68.8408720499,-32.8719473391,4,"Cuarta Oeste",1173332.70145,1,0.0613905901444793,0
11839,"Morera","02/03/2011 12:36","Medio (4 - 8 mts)",140,"Grande",-68.8497192755,-32.8648299057,6,"Residencial Norte",2694682.37982,0,0.00315026578954369,0
3172,"Morera","19/09/2011 10:14","Alto (> 8 mts)",120,"Grande",-68.8332000144,-32.875171909,4,"Cuarta Este Área Fundacional",1822015.85685,0,0.352666916292593,0
14154,"Paraiso sombrilla","30/11/2011 10:41","Medio (4 - 8 mts)",105,"Grande",-68.8764399724,-32.8674315057,8,"Aeroparque",2203364.73622,0,0.56057056793217,0
5972,"Fresno americano","29/04/2011 10:18","Medio (4 - 8 mts)",110,"Grande",-68.8469971898,-32.8833959593,1,"Parque Central",1655357.93265,0,0.852213662717413,0
9825,"Olmo comun","12/01/2011 11:04","Medio (4 - 8 mts)",140,"Grande",-68.8451362229,-32.8634406678,4,"Cuarta Oeste",1173332.70145,0,0.86267809291753,0
25263,"Morera","08/02/2011 10:26","Medio (4 - 8 mts)",68,"Grande",-68.838906781,-32.8993295545,2,"Barrio Civico",2366816.36021,0,0.36228361304391,0
25438,"Morera","11/02/2011 09:48","Alto (> 8 mts)",185,"Grande",-68.8370743025,-32.8996682192,2,"Barrio Civico",2366816.36021,0,0.754862755607572,0
19006,"Morera","12/07/2011 09:30","Alto (> 8 mts)",160,"Grande",-68.8408519134,-32.8707937779,4,"Cuarta Oeste",1173332.70145,0,0.77225412711668,0
2780,"Morera","20/10/2011 15:55","Bajo (2 - 4 mts)",120,"Grande",-68.8298466313,-32.8814761548,3,"Parque O'Higgins",1531146.02653,0,0.538148197667272,0
4243,"Acacia SP","12/07/2011 18:51","Alto (> 8 mts)",110,"Grande",-68.8362041364,-32.8729625212,4,"Cuarta Oeste",1173332.70145,0,0.0203104382006554,0
10282,"Prunas","07/12/2010 10:03","Bajo (2 - 4 mts)",48,"Mediano",-68.8477292103,-32.8719425677,6,"Residencial Norte",2694682.37982,0,0.330388324091004,0
39153,"Fresno europeo","14/01/2012 18:25","Bajo (2 - 4 mts)",60,"Mediano",-68.8534184021,-32.8723852561,6,"Residencial Norte",2694682.37982,0,0.624666979992003,0
10357,"Fresno europeo","27/08/2010 10:45","Muy bajo (1 - 2 mts)",9,"Chico",-68.8479059404,-32.8742140382,6,"Residencial Norte",2694682.37982,0,0.734909246768242,0
8432,"Fresno americano","11/02/2011 12:32","Bajo (2 - 4 mts)",38,"Mediano",-68.8382976189,-32.9008113124,2,"Barrio Civico",2366816.36021,0,0.543096718677482,0
2753,"Paraiso sombrilla","12/10/2011 18:01","Medio (4 - 8 mts)",80,"Grande",-68.8360424819,-32.8810297166,1,"Parque Central",1655357.93265,0,0.0173628897244109,0
11798,"Morera","02/03/2011 10:49","Alto (> 8 mts)",160,"Grande",-68.8510685432,-32.8648266663,6,"Residencial Norte",2694682.37982,0,0.908734487126156,0
35205,"Fresno europeo","23/03/2011 10:13","Medio (4 - 8 mts)",100,"Grande",-68.8522766778,-32.8819008771,1,"Parque Central",1655357.93265,0,0.529340627830596,0
41237,"Perenne","15/04/2011 11:08","Medio (4 - 8 mts)",35,"Mediano",-68.8387570799,-32.8810907899,1,"Parque Central",1655357.93265,0,0.224244093441486,0
20005,"Pltano","11/08/2011 10:18","Alto (> 8 mts)",200,"Grande",-68.8340356299,-32.8665453552,4,"Cuarta Oeste",1173332.70145,0,0.28605615918617,0
19421,"Morera","04/07/2011 11:38","Alto (> 8 mts)",120,"Grande",-68.8357948228,-32.8718939813,4,"Cuarta Oeste",1173332.70145,1,0.167614617425427,0
14720,"Paraiso sombrilla","30/11/2011 18:14","Bajo (2 - 4 mts)",90,"Grande",-68.8775470981,-32.8697667485,8,"Aeroparque",2203364.73622,0,0.715122322819294,0
21059,"Morera","23/06/2011 11:17","Medio (4 - 8 mts)",65,"Grande",-68.8633943057,-32.8993718895,5,"Residencial Sur",2423808.92355,0,0.589231923718678,0
20775,"Pltano","31/05/2011 11:15","Alto (> 8 mts)",110,"Grande",-68.8610517945,-32.8957452493,5,"Residencial Sur",2423808.92355,0,0.469729712072213,0
20308,"Morera","16/05/2011 09:45","Alto (> 8 mts)",76,"Grande",-68.860991764,-32.8925572027,5,"Residencial Sur",2423808.92355,0,0.0215081892192555,0
28267,"Morera","28/02/2011 16:03","Alto (> 8 mts)",98,"Grande",-68.8493615165,-32.8931684597,2,"Barrio Civico",2366816.36021,1,0.50890906117706,0
19645,"Morera","13/07/2011 10:12","Alto (> 8 mts)",108,"Grande",-68.834281058,-32.8703995209,4,"Cuarta Oeste",1173332.70145,1,0.123969911004403,0
37423,"Morera","04/01/2011 10:08","Medio (4 - 8 mts)",80,"Grande",-68.857001034,-32.8706920029,6,"Residencial Norte",2694682.37982,0,0.661216167712623,0
48202,"Prunas","01/09/2011 13:27","Bajo (2 - 4 mts)",118,"Grande",-68.8287230028,-32.8687756376,4,"Cuarta Este Área Fundacional",1822015.85685,0,0.130994920077855,0
45412,"Morera","09/09/2011 16:06","Medio (4 - 8 mts)",170,"Grande",-68.8250236153,-32.8722131179,4,"Cuarta Este Área Fundacional",1822015.85685,0,0.194449539502431,0
15864,"Acacia SP","28/11/2011 21:12","Bajo (2 - 4 mts)",30,"Mediano",-68.8728373855,-32.8769321712,7,"Residencial Parque",1786336.08966,0,0.896342144575136,0
41056,"Fresno europeo","28/04/2011 10:58","Alto (> 8 mts)",148,"Grande",-68.8382805311,-32.8822025361,1,"Parque Central",1655357.93265,0,0.35409460073906,0
31312,"Morera","28/02/2011 10:56","Alto (> 8 mts)",140,"Grande",-68.8495417518,-32.8651370154,6,"Residencial Norte",2694682.37982,0,0.292748243750425,0
23278,"Paraiso sombrilla","24/01/2012 08:55","Medio (4 - 8 mts)",140,"Grande",-68.8526960595,-32.9013744805,2,"Barrio Civico",2366816.36021,0,0.380561428626905,0
31697,"lamo criollo","18/05/2011 10:43","Alto (> 8 mts)",220,"Grande",-68.8619292715,-32.8908606311,5,"Residencial Sur",2423808.92355,0,0.0590957753678847,0
26080,"Fresno americano","04/11/2011 17:18","Medio (4 - 8 mts)",170,"Grande",-68.8330666229,-32.8861422797,3,"Parque O'Higgins",1531146.02653,0,0.272261344396936,0
1480,"Perenne","24/11/2011 14:43","Muy bajo (1 - 2 mts)",16,"Chico",-68.871647103,-32.8771213346,7,"Residencial Parque",1786336.08966,0,0.750624792456856,0
46607,"Fresno europeo","05/09/2011 10:04","Medio (4 - 8 mts)",60,"Mediano",-68.8318118313,-32.869182976,4,"Cuarta Este Área Fundacional",1822015.85685,0,0.563666937632024,0
39497,"Morera","10/11/2010 09:55","Alto (> 8 mts)",190,"Grande",-68.8539450953,-32.8690687104,6,"Residencial Norte",2694682.37982,0,0.471026259875236,0
13333,"Fresno europeo","25/02/2011 09:44","Medio (4 - 8 mts)",46,"Mediano",-68.8476882453,-32.8658866609,6,"Residencial Norte",2694682.37982,0,0.415494649245366,0
47618,"Morera","08/09/2011 10:51","Alto (> 8 mts)",135,"Grande",-68.8298737576,-32.8709877507,4,"Cuarta Este Área Fundacional",1822015.85685,0,0.826252982419016,0
43629,"Pltano","12/10/2011 14:47","Alto (> 8 mts)",190,"Grande",-68.8331808334,-32.8836380509,3,"Parque O'Higgins",1531146.02653,1,0.677423618451497,0
1620,"Acer","24/11/2011 10:00","Medio (4 - 8 mts)",60,"Mediano",-68.87141071,-32.8785933169,7,"Residencial Parque",1786336.08966,0,0.0407476550033586,0
24337,"Prunas","26/01/2011 12:42","Medio (4 - 8 mts)",40,"Mediano",-68.8439188453,-32.9024552211,2,"Barrio Civico",2366816.36021,0,0.963854985953087,0
10876,"Morera","07/04/2011 10:40","Alto (> 8 mts)",175,"Grande",-68.8595369848,-32.8785925218,7,"Residencial Parque",1786336.08966,0,0.462171586302177,0
43874,"Morera","11/10/2011 10:01","Medio (4 - 8 mts)",210,"Grande",-68.83394143,-32.8844202892,3,"Parque O'Higgins",1531146.02653,0,0.0937404381458631,0
30279,"Pltano","04/03/2011 12:52","Alto (> 8 mts)",225,"Grande",-68.8418257926,-32.8899577001,2,"Barrio Civico",2366816.36021,0,0.130572969676652,0
36231,"Paraiso sombrilla","18/03/2011 09:19","Medio (4 - 8 mts)",86,"Grande",-68.8544739656,-32.8777868098,6,"Residencial Norte",2694682.37982,0,0.989583104320944,0
